Feature,Importance
Study Hours,0.24354561410160952
PreviousGrade,0.18127727241734348
AttendanceRate,0.17809662178228308
StudyHoursPerWeek,0.16932934987570686
ExtracurricularActivities,0.1021602965989802
Gender_Male,0.04850093931693949
ParentalSupport_Low,0.03929746942904397
ParentalSupport_Medium,0.03779243647809337
