Model,Accuracy,Balanced Accuracy,Macro Precision,Macro Recall,Macro F1,High Risk Recall,Medium Risk Recall,Low Risk Recall
BASELINE RANDOM FOREST,0.5520833333333334,0.3298034330011074,0.2939736346516007,0.3298034330011074,0.27533677177863375,0.0,0.06976744186046512,0.9196428571428571
TUNED RANDOM FOREST,0.421875,0.3104460357367334,0.3061368500202441,0.3104460357367334,0.3082069521506141,0.05405405405405406,0.27906976744186046,0.5982142857142857
