Feature,Mean_Absolute_SHAP
StudyHoursPerWeek,0.034520166971842306
AttendanceRate,0.03451090266229539
PreviousGrade,0.03260211673269022
Study Hours,0.031527314201769956
ExtracurricularActivities,0.021676780567788583
Gender_Male,0.019974834573871496
ParentalSupport_Low,0.013189682728045639
ParentalSupport_Medium,0.012433796559329184
