Student_ID,First_Name,Last_Name,Gender,Attendance (%),Internal_marks,Final_Score,Assignments_Avg,Quizzes_score,Previous_gpa,Semester
S1000,Omar,Williams,Female,97.36,40.61,59.61,73.69,53.17,2.75,II/I
S1001,Maria,Brown,Male,97.71,57.27,74.0,74.23,98.23,3.9,IV/II
S1002,Ahmed,Jones,Male,99.52,41.84,63.85,85.85,50.0,3.46,IV/I
S1003,Omar,Williams,Female,90.38,45.65,44.44,68.1,66.27,3.2,IV/II
S1004,John,Smith,Female,59.41,53.13,61.77,67.66,83.98,2.31,IV/II
S1005,Liam,Brown,Male,60.6,70.21,64.48,87.85,52.26,2.31,II/I
S1006,Ahmed,Jones,Male,67.01,90.85,93.74,89.0,54.17,2.12,III/II
S1007,Ahmed,Smith,Male,65.91,91.72,59.47,50.72,53.83,3.73,II/II
S1008,Omar,Smith,Female,97.83,76.97,62.75,57.19,79.08,3.2,II/I
S1009,Sara,Smith,Female,89.45,95.69,86.97,60.65,94.8,3.42,III/I
S1010,John,Smith,Female,86.2,70.0,85.54,67.58,77.77,2.04,II/I
S1011,Omar,Williams,Female,59.3,93.34,87.9,64.57,80.18,3.94,III/I
S1012,John,Davis,Male,95.48,67.24,97.23,83.43,67.3,3.66,IV/II
S1013,John,Williams,Male,91.39,56.63,87.73,91.41,50.94,2.42,IV/I
S1014,Liam,Williams,Male,58.18,94.98,64.46,59.6,51.08,2.36,II/I
S1015,Ahmed,Jones,Male,93.56,63.28,89.29,78.15,94.42,2.37,III/I
S1016,Maria,Jones,Female,63.61,70.2,70.52,68.39,55.13,2.61,II/I
S1017,Liam,Davis,Female,54.04,59.73,56.66,75.29,99.99,3.05,IV/I
S1018,Liam,Jones,Male,82.84,79.77,58.18,81.04,58.22,2.86,IV/II
S1019,John,Johnson,Male,82.69,99.7,53.43,94.68,83.73,2.58,II/I
S1020,Emma,Davis,Male,54.75,41.53,48.7,59.61,97.45,3.22,I/II
S1021,Ahmed,Jones,Male,65.94,93.99,51.07,54.35,68.11,2.28,III/I
S1022,Sara,Davis,Male,99.64,40.24,43.79,81.36,86.72,2.58,IV/I
S1023,Liam,Williams,Female,83.92,61.85,93.31,69.71,67.54,2.73,III/I
S1024,Maria,Williams,Female,86.5,50.12,95.86,58.15,65.25,2.91,III/I
S1025,Emma,Davis,Male,60.65,85.44,75.21,55.85,60.09,3.57,I/I
S1026,Emma,Johnson,Male,53.94,43.04,90.43,77.95,91.05,2.4,IV/I
S1027,Sara,Johnson,Male,63.85,73.21,51.01,65.02,62.87,3.03,II/I
S1028,Liam,Davis,Female,62.44,57.7,94.1,99.87,64.16,3.18,III/I
S1029,Maria,Jones,Female,61.73,48.02,70.38,70.3,99.95,2.09,III/II
S1030,Ahmed,Brown,Female,59.64,86.31,44.03,60.61,66.37,3.22,I/I
S1031,Ali,Johnson,Male,78.74,53.05,48.48,81.44,71.14,2.34,I/II
S1032,Maria,Smith,Female,66.41,53.42,58.54,62.21,99.5,2.13,III/I
S1033,Sara,Williams,Male,91.02,56.5,42.61,74.7,68.47,3.9,IV/II
S1034,Emma,Davis,Female,59.2,75.21,58.56,74.13,68.31,3.93,III/I
S1035,Ahmed,Smith,Female,73.23,79.58,43.6,72.68,91.39,3.62,I/I
S1036,Maria,Davis,Female,50.68,41.06,54.16,89.8,65.6,2.61,II/I
S1037,Ali,Williams,Male,74.08,54.51,55.94,60.83,61.69,2.2,III/II
S1038,Ali,Williams,Male,52.79,65.86,99.66,95.22,71.16,3.37,IV/II
S1039,John,Johnson,Female,98.89,59.92,54.13,89.57,85.03,2.88,I/II
S1040,John,Johnson,Male,89.53,93.05,54.35,66.66,52.16,2.24,IV/II
S1041,Omar,Smith,Male,74.51,87.26,81.21,59.03,68.7,2.99,III/I
S1042,Sara,Davis,Male,54.33,77.55,91.56,63.98,67.31,2.07,II/I
S1043,Liam,Williams,Male,79.62,60.28,63.22,66.63,62.24,3.82,IV/I
S1044,Maria,Smith,Male,87.94,82.04,92.54,77.85,82.71,2.52,III/II
S1045,Maria,Brown,Male,59.54,90.62,60.41,52.32,64.5,3.33,IV/I
S1046,Liam,Smith,Male,78.41,75.69,51.82,95.72,80.34,2.62,III/II
S1047,Omar,Jones,Female,90.71,87.07,59.78,54.93,75.22,3.04,I/II
S1048,Emma,Smith,Male,88.41,84.95,76.56,63.96,60.86,3.09,II/II
S1049,Emma,Jones,Male,90.15,74.3,62.03,55.46,63.33,2.37,III/II
S1050,Omar,Jones,Female,93.97,58.73,80.37,62.83,58.53,3.94,II/II
S1051,Emma,Jones,Female,96.88,84.75,54.22,91.88,52.83,3.55,IV/I
S1052,John,Brown,Female,70.28,52.41,82.06,80.76,80.96,3.88,III/II
S1053,Maria,Smith,Female,78.44,86.77,60.85,61.37,83.64,3.79,I/II
S1054,Omar,Smith,Male,89.53,88.27,67.35,93.59,58.3,3.2,I/I
S1055,Maria,Brown,Female,84.86,89.33,73.46,90.04,80.77,3.84,I/II
S1056,Liam,Williams,Female,99.78,68.37,81.17,87.68,99.1,2.18,I/II
S1057,Ali,Johnson,Male,50.68,51.55,54.32,92.38,53.72,2.39,I/I
S1058,John,Smith,Male,67.76,45.98,90.16,80.98,74.52,2.09,I/I
S1059,Ahmed,Johnson,Male,64.05,84.6,83.31,75.07,86.65,2.65,II/I
S1060,John,Davis,Female,63.12,93.18,54.05,68.7,52.3,2.78,III/II
S1061,Omar,Davis,Male,61.13,79.05,98.5,61.19,88.91,2.54,IV/I
S1062,Ahmed,Brown,Female,85.46,48.65,79.89,77.87,98.98,3.66,II/I
S1063,Ali,Davis,Male,54.24,96.09,67.15,94.47,54.42,2.71,I/I
S1064,Omar,Davis,Male,87.08,99.35,49.45,79.7,91.11,2.56,II/II
S1065,Sara,Williams,Female,84.67,66.0,71.99,95.98,68.93,3.09,IV/I
S1066,Maria,Williams,Male,62.54,75.69,49.89,67.85,57.21,2.28,II/II
S1067,Ali,Williams,Male,62.64,86.63,65.77,84.76,74.66,3.6,I/II
S1068,Maria,Davis,Male,81.44,84.18,64.52,82.43,53.58,2.15,III/I
S1069,Emma,Brown,Male,88.11,98.07,83.2,83.52,76.11,3.97,I/II
S1070,Sara,Jones,Male,93.82,46.89,51.54,82.25,50.97,3.54,I/II
S1071,Sara,Jones,Female,92.61,74.84,89.31,61.08,86.43,2.4,III/I
S1072,Ali,Johnson,Female,98.24,81.52,59.57,57.18,74.4,2.01,III/II
S1073,Sara,Jones,Male,79.07,93.41,66.64,98.93,72.95,3.63,I/I
S1074,Ahmed,Jones,Female,95.43,92.45,86.34,52.26,59.81,3.41,II/II
S1075,Sara,Williams,Female,90.43,98.68,77.52,73.39,68.06,3.46,I/II
S1076,Maria,Williams,Female,94.73,70.72,58.48,71.25,59.09,3.54,III/I
S1077,Maria,Davis,Male,50.58,89.85,63.17,68.0,86.77,2.15,II/I
S1078,Omar,Johnson,Male,98.3,65.64,58.35,89.1,59.95,2.72,I/II
S1079,Maria,Smith,Male,73.68,65.34,75.69,87.27,80.84,2.23,II/II
S1080,Omar,Johnson,Female,89.91,55.2,59.96,95.26,63.98,3.73,I/I
S1081,Maria,Johnson,Female,56.36,89.09,83.54,69.77,82.85,3.25,I/II
S1082,Ahmed,Brown,Male,69.8,99.15,74.79,78.21,77.02,2.66,I/II
S1083,Liam,Davis,Male,63.57,55.38,48.74,94.62,71.17,2.13,III/II
S1084,Omar,Brown,Female,64.58,43.37,58.62,99.69,83.65,2.62,IV/II
S1085,John,Johnson,Female,56.16,88.93,53.29,98.46,70.79,2.65,III/I
S1086,Emma,Johnson,Male,90.29,77.21,63.42,85.89,91.07,3.46,II/I
S1087,Ali,Johnson,Female,50.46,97.58,70.96,57.16,86.48,3.28,II/I
S1088,Maria,Jones,Female,65.63,55.13,70.41,51.16,77.03,3.77,IV/I
S1089,Sara,Brown,Female,58.72,44.26,85.27,91.26,93.85,2.94,I/I
S1090,Liam,Johnson,Female,79.45,69.55,51.35,92.05,91.44,2.24,IV/I
S1091,Maria,Williams,Female,62.71,45.13,96.79,87.32,76.59,3.43,II/II
S1092,Sara,Davis,Female,62.95,55.71,60.57,64.0,53.42,3.52,I/I
S1093,Emma,Davis,Female,74.42,47.56,58.01,81.99,78.3,3.12,I/II
S1094,Emma,Williams,Male,82.63,53.45,81.11,65.81,67.76,3.54,IV/II
S1095,Emma,Davis,Male,56.07,46.37,88.33,72.53,77.01,2.99,I/II
S1096,Sara,Jones,Female,58.78,97.23,62.71,69.12,82.36,3.05,II/I
S1097,Maria,Jones,Female,62.36,56.71,84.81,95.68,82.24,2.86,II/II
S1098,Emma,Smith,Female,98.69,66.63,93.02,61.71,83.68,2.05,III/I
S1099,Ahmed,Smith,Male,69.86,93.92,86.01,78.88,83.96,2.22,II/II
S1100,Omar,Smith,Male,79.95,80.64,42.05,68.05,55.46,2.06,I/II
S1101,Sara,Davis,Female,62.08,77.08,89.64,83.15,59.59,3.27,III/I
S1102,Sara,Jones,Male,74.52,82.33,86.47,78.23,81.53,2.63,II/II
S1103,Maria,Jones,Female,53.71,89.73,80.16,96.2,70.41,3.02,IV/II
S1104,Sara,Jones,Female,51.74,92.66,85.6,55.08,88.14,3.82,IV/II
S1105,Sara,Williams,Female,73.44,78.56,98.77,61.03,56.25,2.5,II/II
S1106,Emma,Jones,Female,69.93,93.4,65.87,88.32,59.58,2.82,III/I
S1107,Maria,Williams,Female,56.84,72.12,44.03,68.44,77.92,3.51,I/II
S1108,Emma,Smith,Female,84.38,56.64,67.65,58.29,75.04,2.46,II/II
S1109,Omar,Smith,Female,99.65,92.8,42.79,75.17,63.32,2.15,III/I
S1110,Liam,Davis,Male,69.78,72.49,57.66,82.61,70.42,2.58,III/II
S1111,Omar,Smith,Female,81.23,94.37,75.21,52.24,51.75,2.32,IV/II
S1112,Liam,Davis,Male,98.15,42.41,58.58,64.58,51.85,3.86,III/II
S1113,Emma,Johnson,Female,91.58,63.85,81.12,90.47,54.75,3.62,I/II
S1114,Omar,Johnson,Female,73.18,96.87,89.32,76.01,78.84,3.27,III/I
S1115,Maria,Brown,Male,86.87,54.98,65.23,51.77,93.19,3.74,III/II
S1116,Ali,Davis,Male,56.41,96.49,94.01,64.1,63.01,3.61,III/I
S1117,Emma,Brown,Female,75.61,97.23,44.79,81.96,51.7,2.37,II/II
S1118,Liam,Brown,Male,63.95,92.93,90.41,59.97,85.43,3.79,I/II
S1119,Ahmed,Johnson,Female,58.06,73.82,89.71,91.37,92.77,3.08,III/II
S1120,Liam,Davis,Female,71.31,78.82,59.32,83.83,56.91,3.61,IV/I
S1121,Ahmed,Johnson,Male,56.55,92.18,57.92,73.57,69.29,3.79,II/II
S1122,Sara,Brown,Male,84.95,86.55,58.31,95.78,57.94,2.64,IV/II
S1123,Omar,Davis,Male,72.81,77.81,88.68,69.59,55.32,2.22,IV/I
S1124,Ahmed,Brown,Male,76.56,98.94,89.9,61.75,82.41,2.46,IV/I
S1125,Liam,Jones,Female,57.32,81.14,59.78,83.07,98.38,2.85,I/I
S1126,Sara,Davis,Male,56.99,98.53,75.56,78.66,83.91,3.64,I/I
S1127,Ali,Davis,Male,79.17,43.44,48.34,66.76,99.24,3.72,I/II
S1128,Maria,Brown,Male,99.25,48.34,68.13,67.18,71.72,2.01,III/II
S1129,Maria,Jones,Male,54.81,67.09,99.93,69.91,94.89,3.02,III/II
S1130,Maria,Williams,Male,64.29,63.09,49.53,64.56,60.25,2.83,III/II
S1131,Ahmed,Johnson,Female,93.47,86.96,96.85,85.51,55.9,2.44,III/I
S1132,Ali,Brown,Female,53.61,49.64,89.46,82.57,85.13,2.24,II/II
S1133,Ahmed,Davis,Male,93.79,98.57,98.33,72.04,68.57,2.68,III/II
S1134,Omar,Johnson,Male,76.21,58.9,50.77,69.89,65.88,3.89,II/II
S1135,Ahmed,Johnson,Female,70.41,65.74,52.81,68.25,83.56,2.65,I/II
S1136,Ali,Johnson,Male,65.48,56.48,41.01,64.17,66.67,3.04,IV/I
S1137,Ali,Williams,Female,64.86,74.76,83.48,54.28,78.63,3.41,III/II
S1138,Omar,Smith,Female,65.29,43.52,78.65,63.41,64.97,2.73,I/II
S1139,Ali,Brown,Male,94.24,48.98,50.68,66.06,89.19,3.94,III/II
S1140,Liam,Smith,Female,86.19,84.75,87.47,77.38,65.62,3.92,I/I
S1141,Ali,Smith,Male,83.49,51.19,57.95,88.69,76.75,2.5,II/I
S1142,Maria,Smith,Male,89.94,54.13,48.1,69.79,51.16,2.99,I/II
S1143,Liam,Johnson,Female,62.86,87.58,65.35,97.24,89.59,2.6,III/II
S1144,Liam,Jones,Female,80.9,45.6,45.46,91.37,81.02,2.57,IV/II
S1145,Omar,Johnson,Male,73.0,66.25,55.79,99.24,59.61,2.07,II/I
S1146,John,Johnson,Female,89.12,41.38,62.28,93.81,60.77,3.22,I/II
S1147,John,Davis,Male,65.46,60.81,91.11,80.84,63.12,3.01,IV/II
S1148,Ali,Davis,Female,82.16,81.94,87.55,79.92,78.83,2.1,IV/II
S1149,Liam,Smith,Female,94.11,45.41,66.57,56.48,77.42,2.56,III/I
S1150,John,Johnson,Male,70.11,93.3,83.47,86.12,63.69,3.82,IV/II
S1151,John,Smith,Male,53.33,94.57,74.12,80.01,84.7,2.48,III/II
S1152,Ali,Davis,Male,75.8,46.3,60.45,75.35,94.45,2.29,III/I
S1153,John,Jones,Female,67.3,99.44,83.55,84.66,52.18,2.98,I/I
S1154,Ahmed,Brown,Male,83.61,57.85,81.01,72.2,70.86,3.97,III/II
S1155,Sara,Smith,Male,97.55,45.05,77.15,76.19,79.68,2.48,IV/I
S1156,Omar,Jones,Female,74.28,40.3,77.08,69.92,79.32,3.34,IV/II
S1157,Sara,Brown,Female,73.31,64.51,80.98,85.87,50.98,3.52,I/I
S1158,Ali,Williams,Male,82.73,77.79,63.07,93.83,60.53,2.48,II/I
S1159,Maria,Smith,Male,55.17,59.93,92.14,92.04,53.09,3.46,I/II
S1160,Omar,Smith,Male,62.68,90.2,49.74,89.3,78.45,2.74,IV/II
S1161,Ali,Williams,Male,95.95,83.0,93.03,50.69,82.27,3.26,II/II
S1162,Liam,Williams,Female,83.5,61.01,60.54,95.59,57.99,3.27,I/I
S1163,Maria,Smith,Female,50.67,84.06,47.5,63.74,66.65,3.07,II/II
S1164,Sara,Williams,Male,60.23,96.43,76.0,94.4,66.49,2.18,IV/II
S1165,Ali,Johnson,Male,84.14,45.59,62.56,59.85,90.99,3.67,II/II
S1166,Liam,Brown,Male,88.22,58.37,88.93,71.98,59.73,2.64,IV/II
S1167,Omar,Brown,Female,91.99,67.8,65.85,87.47,77.42,2.37,I/II
S1168,Omar,Brown,Male,64.61,69.88,80.11,82.01,89.15,2.08,II/I
S1169,Emma,Johnson,Male,96.55,72.53,58.5,70.8,91.48,3.18,I/II
S1170,Liam,Williams,Female,77.65,58.04,52.57,83.93,83.33,3.36,III/II
S1171,Ahmed,Jones,Female,84.83,80.04,63.28,77.45,64.98,2.03,I/I
S1172,John,Williams,Male,79.84,78.71,76.41,63.79,91.15,3.02,II/II
S1173,Maria,Smith,Male,56.14,74.67,79.42,82.32,87.11,2.45,I/II
S1174,Liam,Davis,Female,98.16,46.83,74.69,60.21,85.22,3.29,IV/II
S1175,Emma,Brown,Male,56.14,68.62,99.28,84.7,53.37,2.35,I/II
S1176,John,Williams,Male,62.74,61.37,81.47,50.16,52.16,3.38,I/II
S1177,John,Jones,Female,90.68,69.46,95.89,77.44,84.77,2.77,I/I
S1178,Ali,Smith,Female,80.93,95.31,47.08,70.05,97.24,3.87,II/I
S1179,John,Johnson,Female,91.91,68.83,43.68,65.16,88.69,2.28,IV/I
S1180,Ahmed,Johnson,Male,75.79,40.84,58.66,75.79,91.57,2.68,I/II
S1181,Omar,Jones,Female,68.85,66.33,48.2,82.27,77.25,2.23,I/I
S1182,Emma,Smith,Female,96.09,89.24,71.55,98.27,65.23,3.85,II/II
S1183,John,Brown,Male,51.81,86.8,71.14,91.65,83.89,3.75,IV/II
S1184,Ali,Williams,Male,92.81,70.8,74.5,85.86,85.6,2.52,III/II
S1185,Ahmed,Smith,Female,61.54,54.99,84.71,73.95,83.77,3.32,IV/I
S1186,Sara,Johnson,Female,92.44,67.91,98.28,69.61,97.34,3.63,III/I
S1187,Omar,Jones,Male,56.96,73.82,92.7,51.63,68.36,3.11,IV/I
S1188,Omar,Jones,Male,79.01,99.99,47.1,67.95,51.98,3.06,IV/II
S1189,Emma,Williams,Female,94.41,78.65,60.31,92.42,95.42,2.48,IV/I
S1190,Omar,Jones,Female,73.68,81.66,55.35,69.2,58.02,2.19,IV/II
S1191,John,Jones,Male,87.33,69.49,50.61,73.08,84.87,3.79,I/I
S1192,Ali,Smith,Female,90.23,61.27,72.68,63.59,93.66,3.8,III/I
S1193,Omar,Brown,Male,86.82,88.78,73.2,63.71,65.51,3.27,I/II
S1194,Omar,Williams,Female,96.27,69.7,53.63,53.09,91.52,2.68,I/II
S1195,Sara,Smith,Male,72.34,99.68,82.71,80.69,66.6,2.7,IV/I
S1196,Sara,Brown,Male,58.66,67.43,83.97,72.4,89.71,3.45,I/I
S1197,Maria,Smith,Female,52.39,44.08,41.26,80.3,53.49,3.79,III/I
S1198,Ahmed,Davis,Female,62.32,80.95,63.75,77.34,82.76,3.77,I/II
S1199,John,Smith,Male,57.16,42.8,93.41,89.94,83.86,3.56,II/II
S1200,Omar,Jones,Female,77.9,55.03,71.22,87.55,74.57,3.28,II/I
S1201,Liam,Brown,Female,59.25,61.22,60.86,88.57,84.35,2.17,II/I
S1202,Omar,Williams,Female,51.95,84.37,55.22,74.96,96.16,2.32,I/II
S1203,Ali,Williams,Male,51.8,69.65,54.6,67.69,86.69,3.8,III/I
S1204,Maria,Brown,Female,91.58,41.72,45.99,96.67,98.06,3.21,III/II
S1205,Ahmed,Jones,Female,79.57,77.01,89.03,52.71,72.43,2.02,I/II
S1206,Liam,Johnson,Male,67.9,64.69,45.2,57.63,76.41,2.2,III/II
S1207,Maria,Smith,Female,94.71,95.31,57.54,70.98,63.19,3.33,III/II
S1208,Emma,Jones,Female,53.51,69.97,42.74,80.7,99.28,2.01,IV/II
S1209,Ahmed,Davis,Male,99.02,82.54,86.88,50.41,52.76,2.32,IV/II
S1210,Omar,Brown,Male,80.81,53.13,42.36,85.97,67.93,3.1,III/I
S1211,Omar,Smith,Female,59.17,85.66,58.5,77.94,64.88,3.38,III/II
S1212,Ahmed,Williams,Female,83.95,83.26,74.4,74.24,69.33,3.3,II/II
S1213,Omar,Johnson,Male,88.17,94.24,64.57,71.17,95.89,2.45,III/I
S1214,John,Davis,Male,71.47,42.03,56.94,75.97,68.4,3.42,I/II
S1215,Ahmed,Williams,Female,93.08,66.85,56.51,58.09,95.85,2.47,IV/I
S1216,Maria,Brown,Female,57.54,80.75,87.87,55.44,71.17,2.65,II/II
S1217,Ahmed,Smith,Female,63.94,45.71,98.44,64.48,92.74,3.49,I/I
S1218,Liam,Brown,Male,54.67,64.64,60.88,85.48,76.09,3.3,II/I
S1219,Omar,Smith,Female,60.54,96.53,42.35,79.41,65.57,3.7,I/II
S1220,John,Jones,Male,61.94,66.16,42.19,74.01,72.47,3.32,I/II
S1221,John,Johnson,Male,95.88,99.12,85.55,78.58,71.22,3.14,I/II
S1222,Emma,Jones,Male,53.91,43.41,73.14,77.96,63.0,2.19,II/II
S1223,Maria,Jones,Female,71.37,83.07,87.02,65.35,64.48,2.74,I/I
S1224,Sara,Brown,Female,76.62,74.86,81.85,54.87,59.32,2.53,IV/I
S1225,Sara,Johnson,Female,94.93,70.03,94.45,94.84,66.8,2.49,III/I
S1226,Ahmed,Smith,Male,99.88,98.25,93.15,80.0,81.22,3.95,IV/II
S1227,Emma,Smith,Female,87.67,47.78,87.3,84.89,69.33,2.79,I/I
S1228,Ali,Davis,Male,98.54,93.76,68.51,73.2,85.62,3.78,II/II
S1229,Ahmed,Williams,Male,89.36,81.47,58.49,87.82,99.35,3.26,I/II
S1230,Emma,Davis,Male,98.16,55.54,70.42,79.22,68.86,3.59,II/I
S1231,Maria,Davis,Male,85.36,94.1,70.12,52.69,73.13,3.01,I/II
S1232,Maria,Smith,Male,53.99,65.76,76.62,94.5,58.21,3.15,III/I
S1233,Maria,Brown,Male,70.1,88.85,51.17,65.28,69.61,2.99,III/II
S1234,Maria,Jones,Female,82.33,63.33,79.34,56.89,86.34,2.39,II/I
S1235,Maria,Jones,Male,67.54,91.06,67.4,54.4,60.87,3.44,I/II
S1236,Emma,Jones,Female,63.67,78.2,77.21,86.02,59.1,2.56,IV/I
S1237,Emma,Johnson,Male,78.87,48.46,54.38,85.2,68.82,2.05,II/I
S1238,John,Smith,Female,96.68,78.98,66.06,85.01,90.93,3.29,III/II
S1239,Liam,Brown,Female,51.75,51.48,52.61,95.79,81.18,2.35,IV/II
S1240,Sara,Johnson,Female,88.46,64.72,92.52,67.45,97.88,3.88,I/I
S1241,Omar,Williams,Female,86.14,50.22,69.28,78.06,95.23,3.91,II/II
S1242,Maria,Brown,Male,98.2,41.32,53.5,80.97,57.56,3.83,IV/II
S1243,Ali,Davis,Male,96.54,52.71,42.47,98.97,52.13,2.74,I/II
S1244,Omar,Brown,Male,88.11,72.18,80.54,65.62,69.95,2.03,III/I
S1245,Emma,Brown,Male,76.02,68.89,52.88,97.82,76.1,3.86,I/I
S1246,Ali,Jones,Female,60.21,70.09,99.37,57.44,75.78,2.86,IV/II
S1247,Ali,Brown,Female,77.26,54.86,72.02,88.2,56.71,3.93,I/II
S1248,Ali,Davis,Female,88.27,81.11,57.34,81.64,56.24,3.93,I/I
S1249,John,Davis,Male,94.78,82.26,79.46,90.84,52.34,3.71,IV/II
S1250,Emma,Smith,Female,89.49,61.48,56.51,51.43,92.54,2.59,III/I
S1251,Ali,Brown,Male,59.76,92.87,89.22,53.91,97.39,2.77,I/II
S1252,Maria,Jones,Female,79.98,78.64,58.49,53.48,55.78,3.7,III/II
S1253,Ahmed,Brown,Female,66.61,82.78,99.29,79.65,60.66,2.63,III/II
S1254,Ali,Williams,Female,50.46,56.64,76.31,80.15,54.49,2.34,III/I
S1255,John,Williams,Female,60.01,40.04,90.66,95.31,93.88,3.11,II/I
S1256,Omar,Jones,Female,55.66,91.92,44.37,73.38,97.94,3.87,III/I
S1257,Emma,Smith,Male,92.14,89.35,60.9,53.4,63.09,3.39,II/I
S1258,Liam,Smith,Female,62.93,47.39,84.25,60.48,65.18,3.14,I/II
S1259,John,Davis,Male,64.23,62.45,79.3,50.4,68.13,2.19,IV/II
S1260,Ali,Davis,Male,98.0,79.68,51.65,88.84,75.12,3.23,II/I
S1261,Emma,Johnson,Male,68.95,79.13,61.37,90.78,84.12,3.98,I/II
S1262,Ahmed,Jones,Male,50.48,91.62,55.81,99.9,75.22,2.28,I/II
S1263,Ali,Brown,Male,64.19,48.42,76.8,70.61,97.55,3.04,IV/I
S1264,John,Jones,Male,55.96,65.8,60.67,50.96,54.99,3.75,II/II
S1265,Sara,Johnson,Male,55.14,45.83,58.54,61.74,89.93,3.48,I/II
S1266,Maria,Davis,Male,53.87,63.38,52.44,79.39,66.72,3.39,II/I
S1267,Liam,Jones,Female,79.66,40.91,64.54,98.1,68.88,3.4,II/II
S1268,Omar,Jones,Female,59.47,93.9,51.73,55.18,85.44,2.72,II/II
S1269,John,Davis,Male,68.06,71.62,97.75,56.08,96.47,2.59,I/II
S1270,Emma,Johnson,Male,93.1,90.99,49.27,85.09,85.81,3.62,III/I
S1271,Liam,Davis,Male,71.22,43.59,94.8,83.36,88.79,3.62,III/I
S1272,Liam,Smith,Female,95.78,53.65,65.71,62.53,87.54,3.73,III/II
S1273,Liam,Brown,Female,74.9,55.56,62.67,90.66,66.05,3.83,II/II
S1274,Ali,Davis,Male,69.94,63.2,53.88,56.44,87.85,3.02,I/II
S1275,Maria,Johnson,Male,87.52,88.17,78.15,96.29,89.23,3.0,IV/I
S1276,Ali,Williams,Female,53.66,63.19,81.13,60.05,76.67,3.6,III/I
S1277,Emma,Smith,Female,54.47,52.28,68.05,54.07,76.84,3.3,IV/I
S1278,Ali,Williams,Male,82.6,43.9,43.34,66.98,87.99,3.4,I/II
S1279,Sara,Davis,Male,74.35,44.77,95.11,59.39,90.85,3.59,I/II
S1280,Maria,Smith,Male,89.52,85.6,98.82,76.35,66.86,3.78,IV/II
S1281,Maria,Brown,Male,95.81,66.69,65.86,84.34,90.08,2.68,II/II
S1282,Emma,Davis,Female,69.42,83.57,76.82,74.55,90.71,2.75,IV/II
S1283,Omar,Brown,Female,79.82,80.94,67.02,83.03,61.71,2.19,IV/I
S1284,Sara,Jones,Male,75.03,48.12,59.31,68.25,85.85,3.16,IV/II
S1285,John,Williams,Male,99.08,48.57,44.64,51.4,59.33,2.07,III/II
S1286,Ali,Smith,Male,91.55,85.32,67.36,98.7,54.65,2.93,II/II
S1287,Ahmed,Brown,Female,95.59,83.28,89.1,90.97,78.73,3.09,I/I
S1288,Ali,Johnson,Male,62.72,62.68,41.02,53.67,95.43,2.57,IV/II
S1289,Liam,Brown,Male,88.63,44.65,74.93,72.46,51.77,3.18,IV/I
S1290,Ali,Johnson,Male,63.27,40.73,92.85,81.75,91.33,2.06,III/I
S1291,John,Davis,Female,60.44,57.29,53.05,59.53,75.32,2.07,III/I
S1292,Ali,Smith,Male,97.21,40.55,51.0,78.9,93.04,3.65,III/I
S1293,Sara,Brown,Female,50.97,53.8,86.34,76.68,92.17,2.72,II/I
S1294,Sara,Brown,Male,98.27,65.17,55.31,60.41,93.76,2.25,I/II
S1295,Maria,Smith,Male,57.46,47.28,51.52,57.06,88.44,3.04,II/II
S1296,Emma,Brown,Male,90.97,46.26,62.68,87.95,92.15,3.54,III/I
S1297,Omar,Johnson,Female,63.8,93.79,63.55,66.13,58.8,2.43,I/I
S1298,Ahmed,Brown,Male,67.54,75.13,92.45,62.2,65.19,3.25,III/I
S1299,Liam,Williams,Male,60.84,96.07,77.11,86.89,62.12,2.17,III/II
S1300,Ali,Davis,Female,79.28,60.75,64.36,86.8,87.12,2.1,I/II
S1301,Ali,Jones,Female,67.4,80.63,72.06,63.82,57.68,3.06,IV/I
S1302,John,Johnson,Female,82.87,52.28,97.24,93.63,59.11,3.08,I/II
S1303,Emma,Williams,Male,50.78,77.1,46.79,84.41,93.95,3.27,IV/II
S1304,Sara,Davis,Female,53.22,47.78,52.46,67.29,85.29,3.45,IV/I
S1305,Ahmed,Smith,Male,54.98,40.12,97.75,71.37,93.77,3.95,IV/I
S1306,Maria,Johnson,Female,70.95,95.89,97.44,86.34,56.97,3.03,IV/II
S1307,Sara,Jones,Female,90.74,73.29,50.63,60.58,69.95,2.65,II/II
S1308,Liam,Davis,Female,94.41,95.62,48.71,73.44,64.16,3.59,IV/II
S1309,Emma,Jones,Male,62.24,60.03,65.27,82.68,50.48,2.54,II/I
S1310,Liam,Smith,Male,78.72,59.67,42.98,76.97,64.23,2.88,IV/I
S1311,Omar,Smith,Male,88.42,64.04,79.29,80.42,68.98,2.16,IV/I
S1312,Maria,Johnson,Male,64.44,82.36,44.65,77.31,54.61,2.05,IV/II
S1313,Omar,Brown,Male,70.45,73.95,43.48,59.96,78.32,3.93,II/II
S1314,John,Smith,Male,76.2,95.52,69.11,70.51,69.16,3.67,III/I
S1315,Liam,Davis,Male,56.74,41.53,97.47,76.6,52.32,3.39,III/II
S1316,John,Brown,Male,51.3,82.49,65.61,89.0,85.2,2.82,I/I
S1317,Ali,Williams,Male,57.64,59.82,61.39,82.7,86.46,2.35,II/II
S1318,Omar,Jones,Female,81.34,50.81,99.88,71.33,91.72,2.31,II/I
S1319,Emma,Brown,Female,53.68,70.62,71.92,98.72,74.28,2.5,II/II
S1320,Liam,Jones,Male,59.48,70.3,62.51,55.39,98.43,3.1,I/II
S1321,Ahmed,Brown,Male,66.89,48.22,63.15,60.34,95.7,3.43,III/I
S1322,Maria,Williams,Male,53.89,52.11,51.7,67.07,77.57,3.32,III/I
S1323,Sara,Smith,Male,59.58,64.49,70.73,61.43,72.25,2.56,IV/I
S1324,Emma,Williams,Female,95.56,64.53,66.33,81.27,50.15,3.91,III/I
S1325,Emma,Smith,Female,50.96,59.05,56.25,51.98,85.55,3.48,III/I
S1326,John,Smith,Male,82.67,48.91,49.63,58.87,78.25,3.11,IV/II
S1327,Omar,Jones,Female,69.22,40.26,58.67,64.67,96.88,3.22,III/I
S1328,Liam,Davis,Female,83.63,98.21,70.52,84.17,79.71,2.84,III/I
S1329,Liam,Williams,Male,79.43,96.61,43.5,93.79,99.64,2.5,I/I
S1330,Ali,Brown,Male,61.17,69.02,49.22,89.92,92.69,2.71,II/I
S1331,Ali,Williams,Male,92.36,99.7,96.86,59.1,97.68,3.52,IV/I
S1332,Maria,Jones,Male,74.6,80.42,72.57,78.27,66.38,2.03,IV/II
S1333,John,Smith,Female,91.13,44.13,43.81,51.5,57.47,2.23,III/I
S1334,Emma,Jones,Male,70.3,47.06,81.59,65.53,89.84,2.09,IV/I
S1335,Liam,Johnson,Female,99.23,94.97,43.71,90.3,89.31,2.08,II/I
S1336,Ahmed,Johnson,Male,88.52,77.8,84.33,72.83,60.57,3.71,IV/II
S1337,John,Brown,Female,98.3,90.59,85.0,57.5,88.24,3.41,III/II
S1338,Maria,Jones,Male,75.72,93.9,79.06,71.93,79.1,2.95,III/I
S1339,Maria,Brown,Male,73.68,66.88,83.93,59.9,55.48,2.2,IV/I
S1340,John,Brown,Female,87.77,42.91,45.28,69.66,75.09,2.98,II/II
S1341,Maria,Johnson,Female,94.01,51.3,83.61,74.39,96.56,2.95,IV/II
S1342,John,Brown,Female,98.21,43.99,48.2,67.48,75.32,2.35,IV/II
S1343,Sara,Johnson,Male,66.23,51.32,60.37,96.85,89.43,2.87,IV/I
S1344,John,Smith,Female,89.94,64.63,96.56,78.13,51.45,2.8,III/I
S1345,Omar,Jones,Female,60.53,47.09,70.17,92.14,86.4,3.23,I/II
S1346,John,Brown,Female,77.28,50.0,98.05,88.04,97.34,3.27,I/I
S1347,Maria,Johnson,Female,58.99,66.75,45.34,83.06,74.98,2.09,II/II
S1348,Liam,Williams,Female,67.37,60.41,68.65,74.84,66.89,2.75,II/II
S1349,Omar,Brown,Female,96.57,68.06,43.74,50.11,82.33,3.25,I/II
S1350,Maria,Davis,Female,57.3,65.75,77.81,80.67,95.81,3.01,III/I
S1351,Ali,Smith,Female,81.62,78.67,44.72,67.8,58.84,3.71,IV/II
S1352,Ali,Smith,Female,79.65,96.23,50.52,55.89,70.18,3.32,IV/II
S1353,Liam,Williams,Male,56.04,46.47,55.53,72.23,57.81,2.33,I/I
S1354,Liam,Johnson,Male,66.3,45.96,84.92,86.78,74.83,2.14,II/II
S1355,Omar,Brown,Female,78.15,91.17,49.84,98.08,77.02,3.28,I/I
S1356,Sara,Johnson,Male,59.36,70.38,90.8,68.71,97.21,2.05,II/II
S1357,Liam,Smith,Male,90.03,85.98,47.91,77.14,70.63,3.17,III/I
S1358,Ali,Johnson,Female,98.61,52.93,42.11,92.56,78.35,3.88,III/II
S1359,John,Smith,Female,60.74,89.73,63.7,66.7,94.26,3.15,II/II
S1360,Maria,Johnson,Female,59.35,95.43,98.77,57.11,66.07,2.78,III/II
S1361,Ali,Williams,Female,72.75,78.13,46.62,64.09,83.71,3.29,II/II
S1362,Ali,Jones,Female,87.39,46.35,46.1,94.96,87.86,2.92,IV/II
S1363,Sara,Williams,Female,64.08,93.72,85.07,57.97,66.53,3.09,II/I
S1364,Omar,Williams,Male,50.99,87.55,58.73,66.46,58.22,3.88,III/I
S1365,Omar,Jones,Female,77.06,85.05,83.04,73.23,75.15,2.77,I/II
S1366,Emma,Jones,Male,97.83,42.2,52.0,92.36,67.84,3.92,III/II
S1367,Sara,Brown,Female,69.56,87.94,67.6,96.89,63.32,3.81,I/II
S1368,John,Brown,Female,71.01,48.28,55.92,71.29,98.67,2.39,III/I
S1369,Omar,Williams,Male,98.45,53.34,67.09,96.6,75.11,2.14,IV/I
S1370,Maria,Williams,Female,84.73,74.63,86.15,58.07,92.82,2.2,I/II
S1371,Liam,Smith,Female,85.96,55.9,85.72,57.84,59.77,2.04,III/I
S1372,Sara,Smith,Male,78.14,79.68,70.95,97.46,96.97,2.19,IV/II
S1373,Liam,Brown,Female,98.73,76.48,95.7,75.48,89.72,3.37,I/II
S1374,Ali,Davis,Male,84.44,46.49,55.83,59.3,90.43,2.14,III/II
S1375,Maria,Davis,Female,94.75,79.36,54.42,74.4,69.49,2.64,II/I
S1376,Maria,Brown,Female,84.97,95.44,76.83,89.16,74.28,3.69,I/II
S1377,Ali,Smith,Male,86.76,49.67,77.28,91.35,79.67,2.05,III/II
S1378,Sara,Smith,Female,64.52,75.82,42.79,93.2,89.49,3.63,II/II
S1379,Ali,Davis,Male,65.17,60.51,76.47,78.48,92.45,2.56,III/I
S1380,Liam,Johnson,Male,89.15,67.58,62.47,93.35,53.9,2.24,I/I
S1381,Emma,Johnson,Male,64.84,57.22,84.85,75.5,95.2,3.39,IV/I
S1382,Maria,Smith,Female,78.14,61.25,88.49,80.35,96.87,3.26,IV/II
S1383,Ahmed,Johnson,Female,62.47,41.73,73.13,87.94,79.64,3.75,I/I
S1384,Ahmed,Jones,Male,90.85,98.89,40.1,71.27,59.34,3.47,IV/II
S1385,Liam,Brown,Female,55.53,77.49,78.18,53.68,90.92,3.61,III/I
S1386,John,Brown,Female,91.47,70.04,84.93,67.51,77.43,2.56,IV/II
S1387,Omar,Smith,Female,80.14,63.02,54.94,81.2,90.86,2.35,II/I
S1388,Ali,Williams,Male,59.35,72.36,67.88,59.62,90.74,3.5,I/II
S1389,Ali,Davis,Female,77.1,62.81,97.94,57.42,54.34,3.61,II/I
S1390,John,Smith,Male,64.12,61.59,57.89,64.65,80.35,3.98,I/I
S1391,John,Johnson,Female,66.17,67.84,53.39,51.61,74.16,2.83,IV/I
S1392,Liam,Davis,Female,67.58,56.56,52.65,87.17,97.31,2.74,III/II
S1393,Liam,Williams,Male,53.17,50.8,73.53,62.94,64.83,3.55,IV/I
S1394,John,Johnson,Female,99.3,73.4,96.99,56.21,60.3,2.68,III/I
S1395,Maria,Jones,Male,51.58,90.57,76.52,84.96,94.85,3.86,III/I
S1396,Liam,Johnson,Female,83.12,49.17,58.2,92.15,57.44,3.72,II/I
S1397,Emma,Jones,Male,68.56,41.96,78.31,50.99,84.33,2.86,III/II
S1398,Liam,Davis,Female,82.3,54.81,77.49,61.68,65.0,3.5,II/I
S1399,Ali,Jones,Female,67.81,98.78,75.82,97.26,78.39,3.51,I/II
S1400,Liam,Davis,Female,83.69,89.73,49.57,69.26,80.81,2.21,II/II
S1401,Maria,Davis,Male,86.46,75.75,78.07,96.93,70.87,3.81,III/II
S1402,John,Davis,Male,84.53,95.75,65.81,63.71,98.75,3.01,II/II
S1403,Ali,Davis,Male,55.7,66.72,41.12,60.9,56.59,3.65,IV/I
S1404,Liam,Davis,Female,82.84,99.0,72.39,60.71,69.57,2.64,I/II
S1405,Maria,Johnson,Male,64.0,57.78,99.36,54.26,71.52,3.79,IV/II
S1406,Emma,Davis,Male,51.44,54.42,60.98,94.82,81.55,2.78,IV/II
S1407,Liam,Johnson,Male,70.74,78.28,97.93,98.99,70.36,2.02,II/II
S1408,Maria,Davis,Male,71.68,62.69,45.77,97.73,54.85,3.81,I/I
S1409,Emma,Jones,Male,73.36,77.58,83.95,92.6,97.37,2.18,IV/I
S1410,John,Davis,Male,85.24,58.3,46.86,92.34,70.8,2.64,II/II
S1411,Liam,Williams,Male,65.44,77.08,56.41,83.05,67.13,3.9,I/II
S1412,Emma,Davis,Male,65.76,56.54,74.25,91.31,72.34,3.9,II/II
S1413,Ali,Davis,Male,53.03,43.06,75.57,60.42,60.83,3.15,III/I
S1414,John,Jones,Male,84.34,94.73,86.51,69.4,55.01,3.26,II/I
S1415,Ali,Brown,Female,78.39,92.99,76.92,82.04,57.43,2.9,I/I
S1416,Ahmed,Jones,Female,67.47,98.25,75.62,93.74,58.33,2.59,III/I
S1417,Sara,Williams,Male,85.26,82.99,94.74,83.02,59.88,2.66,III/I
S1418,Liam,Brown,Female,76.87,80.96,67.13,91.95,71.0,3.35,I/II
S1419,Emma,Smith,Female,73.46,73.54,53.52,73.7,81.19,3.5,II/I
S1420,Sara,Smith,Male,75.57,47.56,49.71,85.87,81.44,3.58,II/I
S1421,Sara,Williams,Male,81.82,51.35,64.0,99.0,50.0,3.58,III/II
S1422,Emma,Jones,Male,83.0,57.37,82.77,57.67,96.05,2.18,IV/I
S1423,John,Johnson,Female,64.45,93.41,42.55,96.35,91.14,2.99,I/I
S1424,Liam,Williams,Male,57.04,50.38,47.74,76.12,98.2,2.12,IV/I
S1425,Ahmed,Brown,Female,57.83,95.37,46.37,82.16,68.0,3.1,I/II
S1426,Ali,Brown,Male,81.97,71.37,75.12,93.89,83.24,2.88,I/I
S1427,Maria,Davis,Female,93.64,82.93,54.57,70.48,58.4,3.78,III/II
S1428,Ali,Smith,Female,70.47,46.61,49.98,70.93,90.85,2.7,II/II
S1429,Maria,Brown,Male,58.48,56.14,75.57,76.36,58.07,2.23,III/I
S1430,Ali,Williams,Male,87.83,97.51,85.68,50.96,66.3,2.29,I/I
S1431,Emma,Brown,Female,91.62,55.97,59.93,74.83,74.54,3.52,IV/I
S1432,Ahmed,Williams,Female,94.03,57.79,74.69,64.55,79.73,3.24,III/I
S1433,Liam,Johnson,Male,80.34,51.86,45.89,96.4,77.98,2.2,I/II
S1434,Maria,Davis,Male,93.04,47.74,96.11,54.39,55.1,2.17,IV/I
S1435,Liam,Smith,Female,50.77,54.0,60.21,72.97,71.08,3.4,II/II
S1436,Liam,Brown,Male,55.36,78.54,99.85,97.37,96.15,2.15,I/II
S1437,Liam,Williams,Female,54.63,67.32,98.72,95.05,93.62,3.64,IV/II
S1438,Omar,Jones,Male,85.63,73.23,86.73,85.07,79.54,3.41,II/II
S1439,John,Smith,Male,53.48,47.34,41.2,79.47,78.62,2.16,II/II
S1440,Ali,Johnson,Male,74.82,88.13,72.61,64.04,55.58,2.17,III/I
S1441,Liam,Williams,Female,73.64,87.05,45.21,68.35,60.01,3.97,I/II
S1442,Ali,Davis,Male,65.54,41.3,93.71,54.51,62.63,2.75,I/II
S1443,Liam,Davis,Female,93.52,63.01,87.38,89.31,74.41,2.74,I/I
S1444,Maria,Johnson,Male,58.52,44.13,98.34,66.19,86.57,3.63,IV/I
S1445,John,Johnson,Female,67.62,87.53,76.5,83.39,73.04,3.89,IV/II
S1446,John,Davis,Female,88.71,84.24,71.33,67.88,56.3,3.97,I/II
S1447,Emma,Brown,Male,51.52,94.12,71.14,73.22,71.97,3.51,I/I
S1448,Omar,Brown,Female,83.65,54.18,63.19,77.75,58.13,2.75,IV/II
S1449,Emma,Williams,Female,90.82,67.38,68.12,90.09,87.56,2.17,II/I
S1450,Emma,Jones,Female,96.61,51.07,78.12,60.56,58.33,3.55,II/I
S1451,Emma,Williams,Female,93.81,62.27,95.98,69.94,74.13,3.12,IV/II
S1452,Emma,Jones,Male,65.97,71.33,75.75,56.5,84.67,2.85,II/I
S1453,Emma,Johnson,Male,79.32,43.2,91.43,53.79,61.41,3.81,III/II
S1454,Ahmed,Smith,Male,53.86,82.89,91.77,80.23,53.8,2.22,I/II
S1455,John,Williams,Female,62.89,72.6,71.13,59.45,78.16,2.99,III/II
S1456,Emma,Williams,Female,54.71,89.74,60.85,52.99,52.71,2.02,IV/I
S1457,Liam,Jones,Male,65.76,56.31,78.37,94.85,79.39,2.94,I/II
S1458,John,Johnson,Male,93.76,94.2,66.75,76.72,87.67,2.11,I/I
S1459,John,Johnson,Female,67.36,99.92,44.89,56.73,66.47,2.24,III/II
S1460,Sara,Jones,Male,78.09,95.16,62.67,52.67,74.42,2.24,III/II
S1461,Ahmed,Johnson,Male,71.67,86.67,99.64,55.99,96.44,3.3,IV/I
S1462,Emma,Davis,Female,72.95,88.74,42.91,73.57,73.56,3.49,III/II
S1463,Ali,Brown,Male,98.48,74.42,81.8,83.42,99.83,3.17,II/II
S1464,Maria,Davis,Female,64.81,51.41,90.47,82.06,57.85,3.92,I/I
S1465,Omar,Smith,Male,81.37,80.62,78.92,57.22,85.45,2.75,II/I
S1466,Liam,Williams,Female,71.0,82.77,74.18,81.67,82.63,2.57,I/I
S1467,Ali,Smith,Female,53.06,99.12,82.45,70.24,93.62,3.74,II/II
S1468,Ahmed,Williams,Female,74.47,72.48,65.76,73.24,54.62,2.45,IV/I
S1469,Maria,Brown,Female,90.67,56.28,45.48,90.07,64.01,3.93,IV/I
S1470,Ahmed,Johnson,Female,54.94,81.02,97.74,66.62,56.61,2.02,I/II
S1471,Liam,Davis,Male,53.48,98.76,65.94,57.35,96.65,3.94,I/I
S1472,John,Jones,Male,57.68,50.63,79.92,93.67,71.33,2.09,IV/II
S1473,Maria,Davis,Male,88.22,59.56,71.88,60.61,95.5,3.78,IV/II
S1474,John,Brown,Female,86.2,72.51,43.28,64.7,64.72,3.06,IV/I
S1475,Liam,Smith,Male,78.25,50.21,97.16,85.33,56.32,3.99,III/II
S1476,Ali,Jones,Female,73.41,41.33,87.55,84.18,64.83,2.15,IV/I
S1477,Liam,Johnson,Female,94.42,60.22,48.95,90.02,79.86,3.11,IV/I
S1478,Ali,Brown,Male,88.33,91.92,98.9,59.19,92.26,3.94,IV/I
S1479,Maria,Jones,Female,90.6,42.61,84.21,67.61,69.27,3.05,IV/I
S1480,Maria,Brown,Male,90.66,65.74,68.34,56.29,95.74,3.26,IV/II
S1481,Emma,Brown,Female,82.14,85.73,76.68,77.05,62.21,3.39,IV/II
S1482,Ahmed,Johnson,Female,72.9,97.19,46.4,64.63,84.68,2.91,II/I
S1483,Emma,Williams,Male,93.23,99.13,73.62,84.45,86.79,3.26,II/I
S1484,Ahmed,Jones,Female,96.3,65.32,44.42,50.02,63.7,3.17,I/II
S1485,Emma,Johnson,Male,51.19,97.02,72.69,52.98,51.35,3.8,IV/I
S1486,John,Brown,Female,52.58,42.13,73.16,71.63,68.26,2.09,IV/II
S1487,Maria,Johnson,Male,97.94,84.76,92.47,97.91,52.26,2.56,I/I
S1488,Ali,Williams,Female,63.86,78.56,83.5,94.54,95.04,3.9,II/II
S1489,Ahmed,Davis,Male,93.67,54.97,54.97,99.7,97.68,3.78,I/II
S1490,Liam,Jones,Male,69.44,70.44,93.31,70.84,86.77,2.91,IV/II
S1491,Ahmed,Williams,Female,55.96,47.77,74.39,52.33,86.33,3.24,I/I
S1492,Ali,Smith,Male,54.02,92.3,76.38,65.3,62.04,2.55,IV/I
S1493,Emma,Jones,Female,57.83,61.47,50.14,83.79,53.7,2.38,III/I
S1494,Ahmed,Williams,Female,62.49,77.56,91.47,56.76,90.11,2.93,IV/I
S1495,Omar,Brown,Male,74.43,49.53,95.86,65.0,77.96,2.71,II/I
S1496,John,Jones,Male,85.07,52.37,86.5,52.81,84.08,3.17,II/II
S1497,Maria,Jones,Male,99.32,99.52,96.45,73.75,88.98,2.16,IV/II
S1498,Ali,Johnson,Male,72.08,85.19,58.14,60.45,70.47,3.95,IV/II
S1499,Maria,Brown,Male,75.91,97.72,91.67,54.56,57.23,3.97,III/II
S1500,Omar,Smith,Female,76.09,57.75,69.33,70.56,89.75,3.4,II/II
S1501,Ahmed,Davis,Male,76.97,49.87,49.84,67.56,72.69,3.07,III/II
S1502,Ahmed,Williams,Female,75.89,70.18,80.13,76.88,91.35,2.62,II/II
S1503,Liam,Johnson,Male,50.44,69.68,81.05,87.45,71.88,3.63,II/I
S1504,Omar,Williams,Male,50.09,50.5,57.22,55.63,60.85,3.37,III/II
S1505,Ali,Smith,Male,54.88,83.99,41.65,89.56,58.55,2.33,I/I
S1506,Liam,Smith,Female,55.08,61.71,51.99,51.31,87.2,3.82,III/II
S1507,John,Jones,Male,85.24,51.18,63.99,72.16,78.74,3.65,I/II
S1508,Liam,Smith,Female,60.25,59.92,50.05,79.37,70.23,3.9,I/I
S1509,Sara,Williams,Female,94.74,73.82,51.64,97.85,74.61,3.45,I/II
S1510,Ali,Brown,Female,96.43,83.59,63.48,78.7,77.48,3.23,IV/I
S1511,Sara,Brown,Male,98.79,68.91,97.71,57.94,61.97,2.84,II/II
S1512,Omar,Jones,Female,96.95,71.54,85.85,75.88,68.91,3.87,I/I
S1513,Emma,Davis,Male,63.59,48.34,59.18,69.79,64.62,3.73,II/II
S1514,Sara,Williams,Female,75.49,94.88,97.1,73.97,69.42,2.09,IV/I
S1515,John,Williams,Male,58.77,95.72,78.74,59.85,75.03,2.05,III/I
S1516,Liam,Smith,Female,90.31,81.01,67.33,75.04,58.67,2.75,IV/II
S1517,Emma,Williams,Male,94.42,41.06,68.1,57.5,69.68,3.62,II/II
S1518,Liam,Johnson,Male,92.56,72.22,64.64,87.2,69.27,3.97,IV/I
S1519,Sara,Davis,Male,71.67,77.75,53.98,79.7,64.3,2.3,II/II
S1520,Liam,Smith,Female,87.93,99.68,63.2,53.93,99.92,3.19,IV/I
S1521,Omar,Johnson,Female,54.88,99.76,71.67,94.48,53.68,2.76,I/II
S1522,Emma,Jones,Male,52.01,91.46,71.68,80.82,82.15,3.94,IV/I
S1523,Omar,Brown,Female,87.66,43.83,85.7,65.81,58.72,3.68,III/II
S1524,Sara,Jones,Female,71.27,97.2,61.53,52.28,91.98,3.68,III/I
S1525,Omar,Brown,Female,99.78,76.76,83.01,81.61,95.71,2.94,II/II
S1526,John,Jones,Female,54.86,88.05,74.69,68.67,70.07,2.83,IV/I
S1527,Sara,Williams,Female,92.78,64.43,97.71,95.38,91.17,2.55,IV/I
S1528,Sara,Johnson,Female,74.0,59.18,63.12,51.74,62.5,2.11,II/II
S1529,Sara,Brown,Female,91.36,67.79,94.07,51.96,57.0,3.73,IV/II
S1530,Ali,Smith,Male,90.86,48.81,89.24,97.46,65.79,3.63,III/I
S1531,Liam,Johnson,Male,95.8,61.42,78.26,98.24,67.08,4.0,III/I
S1532,Ali,Smith,Female,64.89,91.46,79.27,51.39,69.87,3.99,IV/I
S1533,Ali,Johnson,Male,97.49,42.28,45.08,85.8,68.65,3.11,I/I
S1534,John,Johnson,Male,57.58,49.05,97.01,61.07,70.56,3.54,I/II
S1535,Emma,Jones,Male,54.1,47.51,46.42,85.07,85.5,3.89,III/I
S1536,Liam,Brown,Female,71.58,64.18,73.79,93.44,62.28,3.7,III/I
S1537,Omar,Brown,Female,91.42,99.82,59.8,55.04,50.93,2.49,II/I
S1538,Ahmed,Johnson,Female,73.67,50.4,65.79,61.94,74.48,2.9,III/II
S1539,Sara,Williams,Female,91.46,48.73,76.61,51.2,72.41,2.26,III/I
S1540,Omar,Williams,Female,86.48,94.9,94.53,52.19,53.0,3.91,I/II
S1541,Sara,Smith,Male,60.47,92.92,67.45,51.48,56.69,3.21,III/II
S1542,John,Smith,Female,97.44,41.93,99.26,90.03,75.5,2.46,III/II
S1543,Sara,Jones,Male,53.04,85.1,75.57,64.91,61.74,3.34,II/II
S1544,Ali,Johnson,Female,94.91,79.33,49.63,74.66,93.88,3.24,II/II
S1545,Liam,Smith,Male,65.22,86.06,51.4,89.39,58.66,2.72,II/II
S1546,Ahmed,Smith,Female,75.01,69.67,82.97,74.75,51.01,2.23,II/II
S1547,Maria,Davis,Female,71.12,99.48,43.02,71.46,72.38,3.34,II/I
S1548,Sara,Johnson,Female,58.59,42.63,68.82,50.58,99.31,3.04,III/I
S1549,Omar,Jones,Female,67.91,54.06,48.89,78.4,81.69,3.54,II/II
S1550,Ali,Smith,Female,59.65,63.79,65.99,56.24,67.7,3.04,IV/I
S1551,Maria,Jones,Female,60.19,66.99,85.0,88.23,50.84,3.7,I/I
S1552,Ahmed,Brown,Male,59.35,95.28,67.53,62.89,74.25,3.1,II/II
S1553,Maria,Jones,Female,74.45,73.6,49.81,83.71,60.32,3.12,III/I
S1554,Ali,Williams,Male,89.9,42.71,55.12,82.31,82.39,3.75,II/II
S1555,Liam,Williams,Female,78.45,64.47,62.05,80.83,79.15,2.81,II/I
S1556,Liam,Jones,Male,94.66,64.99,44.17,63.35,63.26,2.27,I/II
S1557,Emma,Williams,Male,81.83,97.93,75.06,63.35,53.44,2.06,I/II
S1558,Liam,Brown,Male,84.47,75.95,76.45,93.15,87.75,3.51,III/I
S1559,Emma,Johnson,Male,83.38,78.14,43.73,50.64,79.27,3.24,IV/I
S1560,Maria,Williams,Male,72.47,82.8,64.14,59.08,92.11,3.41,I/II
S1561,John,Williams,Male,84.47,86.2,64.84,80.51,62.99,2.43,IV/II
S1562,Omar,Jones,Female,53.49,78.1,60.03,90.85,82.64,2.27,I/II
S1563,Omar,Brown,Male,92.99,54.23,73.46,67.92,55.93,2.03,I/I
S1564,Maria,Johnson,Female,88.89,92.44,60.76,82.67,64.59,2.7,III/I
S1565,Sara,Jones,Female,62.26,83.93,64.98,77.86,82.83,3.18,IV/I
S1566,Sara,Jones,Male,88.4,84.51,87.85,53.23,91.28,2.78,III/I
S1567,Liam,Davis,Male,50.63,99.79,49.73,81.09,66.05,2.87,I/II
S1568,Omar,Brown,Female,60.86,88.15,77.15,90.7,89.94,3.81,I/II
S1569,Omar,Johnson,Male,53.26,89.75,70.34,99.62,83.89,2.7,I/II
S1570,Emma,Brown,Male,89.01,97.08,58.3,51.48,67.43,3.03,III/II
S1571,John,Johnson,Male,87.79,49.07,83.65,83.0,93.82,3.57,II/I
S1572,Ali,Brown,Male,90.68,69.86,73.07,70.73,75.46,2.79,II/II
S1573,Sara,Jones,Male,50.22,74.83,68.64,50.49,82.41,3.24,IV/II
S1574,Omar,Jones,Male,75.06,59.76,80.06,80.72,74.78,3.72,II/I
S1575,Emma,Smith,Male,85.24,90.36,88.14,56.12,72.64,3.9,III/I
S1576,Ahmed,Williams,Female,57.77,85.75,98.36,68.93,92.4,2.29,IV/II
S1577,Emma,Davis,Male,82.49,83.25,77.76,63.07,64.74,3.85,I/I
S1578,Sara,Brown,Female,54.21,99.83,92.47,68.06,51.83,2.98,II/II
S1579,Sara,Davis,Female,59.07,55.56,40.07,74.63,93.99,2.52,I/I
S1580,Emma,Smith,Female,73.79,84.13,71.81,67.96,91.25,2.92,IV/I
S1581,Ali,Williams,Female,82.68,73.08,52.88,77.64,68.33,3.96,III/II
S1582,Maria,Brown,Male,57.29,58.78,45.65,61.93,59.27,2.99,III/I
S1583,Sara,Johnson,Female,59.26,49.64,71.92,81.77,83.78,2.66,III/II
S1584,Emma,Williams,Female,60.22,93.75,84.81,92.69,53.94,3.27,III/I
S1585,Omar,Jones,Female,61.94,75.73,64.74,61.2,71.19,2.48,I/I
S1586,Emma,Smith,Female,61.33,89.5,80.21,75.39,54.29,2.15,I/I
S1587,John,Williams,Female,69.76,72.72,69.38,82.43,79.9,2.26,I/I
S1588,Maria,Williams,Male,82.69,53.2,66.23,78.23,51.36,2.26,III/I
S1589,Ahmed,Jones,Male,71.9,60.25,57.42,68.28,81.46,2.3,I/II
S1590,Ali,Brown,Female,88.8,62.89,62.96,82.11,83.66,2.28,I/I
S1591,Liam,Johnson,Male,85.96,98.38,60.99,51.41,74.36,3.28,III/II
S1592,Ahmed,Jones,Male,56.33,40.34,78.77,68.5,58.75,2.36,IV/I
S1593,Maria,Johnson,Female,52.44,99.14,46.96,76.63,55.07,2.69,II/II
S1594,Maria,Brown,Female,93.9,98.83,45.56,51.03,65.66,3.79,III/I
S1595,Maria,Williams,Female,53.99,99.77,79.6,75.38,73.26,2.95,IV/II
S1596,Ahmed,Johnson,Male,57.42,68.6,72.78,82.71,82.11,3.34,III/II
S1597,Omar,Smith,Female,51.11,97.83,65.81,87.96,50.06,2.34,II/I
S1598,Maria,Smith,Male,81.42,63.74,49.15,55.67,85.55,2.38,IV/I
S1599,Emma,Jones,Male,79.12,41.58,64.66,99.53,85.64,2.08,II/I
S1600,Ahmed,Brown,Male,99.35,53.46,87.38,80.31,72.23,2.34,II/II
S1601,Liam,Jones,Female,94.35,96.72,93.38,68.16,67.17,2.56,I/II
S1602,Maria,Jones,Male,70.54,40.83,82.15,62.45,92.12,2.35,I/I
S1603,Emma,Davis,Female,68.58,72.76,43.59,78.64,89.23,2.18,III/I
S1604,Omar,Jones,Female,64.84,44.54,80.22,94.09,99.16,2.24,III/II
S1605,John,Davis,Female,57.62,57.18,54.46,76.03,68.6,2.92,IV/II
S1606,Omar,Smith,Female,56.9,45.29,58.92,83.07,95.34,2.41,I/I
S1607,Liam,Smith,Female,56.61,91.57,51.75,67.88,54.37,2.73,III/II
S1608,Maria,Jones,Male,55.71,75.46,86.55,69.41,70.57,3.01,III/I
S1609,Liam,Smith,Male,62.03,94.13,78.92,64.31,73.27,3.38,II/I
S1610,Ahmed,Brown,Male,65.33,81.3,76.71,85.28,72.04,2.08,I/I
S1611,Sara,Davis,Male,98.08,98.26,80.08,67.96,81.25,3.6,II/II
S1612,Maria,Davis,Male,78.92,70.59,54.21,59.54,58.51,3.26,I/II
S1613,Sara,Jones,Female,99.38,78.32,66.68,68.47,93.32,2.16,II/II
S1614,Emma,Smith,Female,68.62,74.58,78.0,92.69,77.59,3.75,I/II
S1615,John,Johnson,Male,72.88,69.06,78.2,86.91,95.21,3.84,IV/I
S1616,Ali,Davis,Male,66.23,90.76,87.51,66.73,50.13,2.12,III/II
S1617,Liam,Jones,Male,59.14,78.67,57.23,95.34,81.5,2.55,I/I
S1618,Omar,Jones,Female,57.16,88.08,86.22,53.74,70.62,3.61,I/I
S1619,John,Brown,Female,97.25,87.18,66.41,52.49,75.25,3.5,IV/I
S1620,Maria,Williams,Female,99.34,51.46,80.21,56.37,87.19,2.37,I/II
S1621,Sara,Williams,Male,52.25,79.01,67.34,55.82,61.36,2.42,II/I
S1622,Omar,Davis,Male,57.52,51.98,96.92,54.39,60.24,2.74,III/I
S1623,Sara,Brown,Male,71.18,75.0,50.76,83.07,85.15,2.97,II/II
S1624,Ahmed,Brown,Male,59.32,80.65,80.5,80.04,76.07,3.24,IV/I
S1625,Sara,Brown,Female,68.19,99.83,74.59,82.38,61.68,2.74,IV/II
S1626,Ahmed,Davis,Male,56.45,41.83,50.36,84.42,74.2,2.93,IV/II
S1627,Emma,Williams,Male,72.83,45.47,43.96,87.84,72.98,3.49,III/II
S1628,Omar,Brown,Male,63.58,44.62,87.95,60.36,84.57,2.07,IV/I
S1629,Omar,Smith,Female,67.6,63.9,49.45,81.12,50.13,2.5,II/II
S1630,Ali,Jones,Female,54.72,89.3,51.19,79.0,79.34,3.43,II/II
S1631,Maria,Jones,Male,71.41,90.64,98.71,97.18,80.28,3.79,III/II
S1632,Ahmed,Johnson,Female,99.16,84.22,83.04,61.62,87.28,3.02,III/II
S1633,Ali,Johnson,Female,66.44,93.81,55.03,52.94,94.46,3.06,I/I
S1634,Sara,Davis,Female,93.82,59.37,75.46,82.67,72.01,2.21,II/II
S1635,Sara,Davis,Female,92.16,45.29,72.05,87.01,67.13,2.89,III/I
S1636,Ali,Jones,Female,97.6,43.49,90.67,64.16,55.12,3.07,IV/II
S1637,Omar,Smith,Male,89.51,91.13,83.76,78.54,66.84,2.48,III/I
S1638,Sara,Williams,Male,82.98,83.83,89.9,52.98,53.42,2.54,I/II
S1639,Liam,Williams,Male,92.83,81.92,52.69,98.0,90.14,2.75,IV/I
S1640,Emma,Davis,Female,53.78,60.38,78.41,55.5,90.35,2.04,III/II
S1641,Emma,Smith,Female,73.14,62.79,42.41,53.38,70.86,2.64,I/I
S1642,Liam,Davis,Female,99.46,97.49,44.14,52.21,62.98,2.42,III/I
S1643,Ali,Williams,Female,88.48,43.83,82.81,71.36,55.9,2.65,II/I
S1644,Liam,Davis,Male,98.1,86.42,41.47,54.86,92.56,2.24,IV/II
S1645,Ahmed,Brown,Male,88.98,58.58,74.79,87.23,93.87,3.78,I/I
S1646,Ahmed,Davis,Male,93.74,42.34,90.42,94.94,63.31,3.19,I/I
S1647,Ali,Jones,Male,85.33,84.55,62.8,63.01,81.09,3.36,III/I
S1648,Liam,Davis,Male,88.03,59.85,42.69,81.44,62.93,3.58,II/I
S1649,Ahmed,Jones,Male,76.16,83.33,82.83,52.12,61.26,3.0,I/II
S1650,Omar,Smith,Female,96.21,82.46,95.78,69.33,51.06,2.17,III/I
S1651,Liam,Williams,Female,91.25,72.09,83.03,64.65,78.86,3.07,II/I
S1652,Omar,Johnson,Male,92.19,86.64,74.71,61.43,57.5,3.17,I/I
S1653,Ahmed,Johnson,Female,83.65,74.86,53.8,82.24,50.62,3.49,IV/II
S1654,Emma,Williams,Male,65.23,57.2,40.92,56.51,55.24,2.86,II/I
S1655,Ahmed,Johnson,Male,51.78,84.05,81.68,93.04,65.69,2.26,I/I
S1656,Omar,Davis,Female,96.78,75.35,53.86,83.24,83.46,2.57,IV/I
S1657,John,Smith,Male,79.31,40.76,91.49,85.54,60.13,2.73,III/I
S1658,Maria,Smith,Male,64.91,94.1,67.98,96.77,94.38,3.29,III/II
S1659,Sara,Williams,Male,57.46,72.74,71.84,97.12,64.42,3.14,III/I
S1660,Liam,Johnson,Female,91.48,92.12,85.24,77.58,66.56,2.71,IV/I
S1661,John,Davis,Female,91.83,92.96,86.77,74.77,60.9,3.97,II/II
S1662,Ahmed,Smith,Female,90.73,66.7,78.56,66.77,62.69,3.21,II/II
S1663,Emma,Smith,Female,82.25,70.46,96.31,85.78,53.71,2.47,II/II
S1664,Ali,Brown,Male,68.3,64.95,98.94,76.91,64.74,2.2,III/I
S1665,Ahmed,Brown,Female,65.2,66.97,96.81,96.64,92.98,2.31,I/II
S1666,Emma,Smith,Female,50.43,93.71,89.45,61.93,84.42,2.49,III/I
S1667,Maria,Williams,Female,91.68,87.29,82.34,65.51,93.76,2.32,IV/II
S1668,Ahmed,Jones,Male,54.37,47.59,79.8,65.8,55.24,2.37,IV/I
S1669,Omar,Jones,Female,81.54,76.62,46.23,90.3,72.78,2.57,IV/II
S1670,Ali,Davis,Female,75.2,99.75,56.29,54.95,61.46,2.35,IV/I
S1671,Emma,Smith,Male,76.33,75.73,40.34,72.78,86.06,3.79,III/II
S1672,Emma,Smith,Male,96.34,87.15,48.24,71.38,98.51,2.16,II/I
S1673,Emma,Smith,Male,51.58,86.14,66.35,53.66,90.77,3.05,III/I
S1674,Maria,Williams,Male,88.67,61.02,48.79,70.54,51.76,2.82,III/I
S1675,Ahmed,Brown,Female,52.6,62.31,94.1,75.67,65.83,3.96,I/I
S1676,Maria,Smith,Male,51.91,83.44,88.34,53.26,51.43,2.22,IV/I
S1677,Liam,Smith,Female,71.49,70.0,44.3,75.49,52.01,2.8,I/I
S1678,Sara,Johnson,Female,53.15,74.23,54.93,97.96,53.98,3.94,I/I
S1679,Sara,Williams,Female,89.46,82.77,89.14,98.95,63.82,3.73,III/I
S1680,Liam,Davis,Female,76.48,86.65,88.18,76.58,65.21,3.63,I/II
S1681,Ahmed,Smith,Female,51.45,56.29,96.73,75.75,70.02,2.52,II/I
S1682,Omar,Johnson,Male,52.03,48.81,99.85,64.28,70.25,2.34,II/I
S1683,Maria,Jones,Female,80.63,57.51,98.58,99.86,88.57,3.34,IV/II
S1684,Ali,Davis,Female,90.31,70.45,64.61,63.71,57.07,3.86,IV/I
S1685,Emma,Smith,Female,71.89,60.53,55.02,72.65,57.89,3.11,III/II
S1686,Emma,Smith,Male,77.73,74.1,85.5,50.15,81.33,3.14,IV/I
S1687,Ahmed,Johnson,Female,89.99,43.21,57.96,67.46,78.59,2.56,I/II
S1688,Omar,Williams,Female,80.53,70.59,88.38,53.57,57.7,3.54,I/II
S1689,Sara,Smith,Male,61.24,62.08,72.04,87.19,92.61,2.37,II/I
S1690,Sara,Jones,Female,80.65,72.08,87.64,78.05,66.45,2.65,II/II
S1691,Emma,Smith,Female,81.41,65.35,56.55,78.61,68.35,2.85,I/I
S1692,Ahmed,Jones,Male,86.71,57.05,70.48,64.33,71.02,3.02,I/I
S1693,Maria,Davis,Female,81.04,94.25,73.84,90.74,66.14,2.48,II/I
S1694,Sara,Davis,Female,98.46,51.09,96.59,50.16,77.87,2.23,IV/I
S1695,Maria,Brown,Female,59.86,80.88,56.0,66.68,69.43,3.22,I/II
S1696,Omar,Brown,Female,97.55,95.48,96.2,82.97,62.97,2.58,IV/I
S1697,Sara,Jones,Female,76.92,72.32,88.29,95.4,95.22,3.16,III/II
S1698,Sara,Williams,Male,83.6,92.58,83.85,61.73,65.42,2.31,II/II
S1699,John,Smith,Male,54.97,47.49,87.21,77.06,84.92,2.96,II/I
S1700,Sara,Smith,Male,69.03,69.63,76.33,76.9,67.36,3.07,I/I
S1701,Liam,Brown,Female,88.47,67.42,54.64,93.71,71.76,2.1,III/I
S1702,Ali,Jones,Female,85.35,40.49,51.37,52.53,61.8,2.67,IV/I
S1703,Liam,Smith,Female,52.01,66.6,91.98,71.22,87.62,2.27,I/II
S1704,Ahmed,Smith,Male,77.33,62.14,83.51,59.12,86.86,2.13,III/I
S1705,Ahmed,Williams,Female,54.41,80.19,52.79,51.08,51.11,3.98,III/II
S1706,Maria,Johnson,Female,99.79,96.3,76.91,57.35,53.01,2.64,II/I
S1707,Liam,Brown,Female,94.86,45.15,66.85,98.82,96.12,3.62,IV/I
S1708,Liam,Brown,Male,51.05,59.65,49.52,60.74,94.44,2.51,I/I
S1709,Liam,Johnson,Male,92.93,66.64,71.91,96.75,75.3,3.36,IV/I
S1710,Omar,Smith,Female,95.97,67.31,56.89,60.26,74.67,3.52,II/II
S1711,Sara,Williams,Female,67.68,86.49,45.77,96.56,90.62,3.19,IV/II
S1712,Ali,Williams,Female,85.98,66.6,68.02,82.73,56.92,2.94,III/I
S1713,Maria,Brown,Male,72.11,41.63,75.41,55.66,82.68,2.82,II/II
S1714,Liam,Williams,Male,82.76,82.61,42.81,79.1,73.8,2.7,III/II
S1715,Liam,Davis,Male,67.02,93.09,64.13,65.93,87.17,3.86,I/I
S1716,John,Johnson,Female,66.13,70.83,55.46,69.16,51.51,3.66,III/I
S1717,Maria,Smith,Male,71.22,74.87,41.84,72.01,79.64,3.93,III/II
S1718,Liam,Davis,Female,57.28,49.78,47.54,71.14,77.84,2.25,II/II
S1719,Maria,Johnson,Female,91.56,53.24,48.34,83.21,92.04,3.46,II/II
S1720,Sara,Jones,Male,67.43,54.11,50.97,88.42,83.84,3.88,IV/II
S1721,John,Brown,Female,70.01,65.84,88.2,66.46,94.01,2.36,III/I
S1722,Maria,Williams,Male,94.7,95.69,66.37,96.22,94.36,2.13,I/I
S1723,Ali,Jones,Female,74.83,71.31,48.83,96.92,70.41,3.48,II/II
S1724,Ali,Williams,Female,77.21,51.53,46.02,52.03,56.87,3.15,II/I
S1725,Ahmed,Davis,Male,97.82,55.97,57.88,50.75,81.51,3.68,IV/II
S1726,John,Smith,Female,94.34,63.04,87.88,71.25,93.69,2.28,III/II
S1727,John,Smith,Female,58.47,77.4,61.87,79.53,53.75,3.59,III/I
S1728,Ahmed,Smith,Female,73.66,66.4,49.59,63.9,77.9,2.4,I/II
S1729,Maria,Williams,Female,98.56,63.55,64.25,62.97,55.75,2.33,I/II
S1730,John,Jones,Female,68.62,73.88,73.32,83.92,51.35,2.33,I/I
S1731,Ali,Smith,Female,68.58,54.51,41.78,80.09,83.98,3.63,II/I
S1732,Ali,Jones,Female,59.75,44.73,77.66,58.36,84.09,3.33,II/II
S1733,Liam,Williams,Female,55.72,41.46,63.71,94.23,80.03,3.05,I/II
S1734,Sara,Davis,Male,87.02,55.08,40.58,84.0,92.96,2.72,I/I
S1735,John,Jones,Male,88.5,45.5,80.43,68.13,54.04,3.75,III/II
S1736,Maria,Davis,Female,98.45,60.18,82.74,84.18,55.26,2.78,IV/II
S1737,Ahmed,Williams,Female,88.67,86.38,77.73,55.63,93.23,3.63,II/I
S1738,Ahmed,Williams,Male,62.17,82.98,60.52,73.41,75.16,2.88,II/I
S1739,Maria,Brown,Female,52.01,76.66,71.78,58.45,63.65,2.75,IV/I
S1740,Omar,Williams,Male,99.27,91.15,63.23,52.07,86.91,2.93,I/I
S1741,Emma,Williams,Male,67.02,56.92,82.04,66.92,94.72,2.6,I/I
S1742,Sara,Johnson,Male,65.6,93.1,75.01,57.54,84.48,3.5,IV/I
S1743,Ahmed,Smith,Female,95.3,63.95,44.91,81.68,89.6,3.01,IV/II
S1744,John,Brown,Female,79.25,64.05,78.59,83.7,64.12,2.46,II/II
S1745,Sara,Brown,Female,60.74,64.32,81.23,57.43,64.44,3.8,I/I
S1746,John,Brown,Male,94.45,45.89,62.24,51.23,93.21,2.77,IV/I
S1747,Omar,Johnson,Male,99.67,98.53,92.55,89.64,80.74,3.09,II/II
S1748,Ali,Davis,Male,54.33,48.31,90.58,50.1,61.71,3.81,IV/II
S1749,Sara,Williams,Female,93.11,60.45,50.51,67.2,76.21,3.25,II/II
S1750,Liam,Smith,Male,69.53,59.16,94.26,74.73,84.29,2.23,III/I
S1751,Ahmed,Jones,Male,76.2,44.48,66.45,90.93,60.93,3.88,II/I
S1752,Sara,Davis,Female,95.74,49.14,83.42,91.93,82.75,3.26,III/II
S1753,Sara,Williams,Male,98.67,42.69,88.85,86.25,52.11,2.67,II/I
S1754,Sara,Johnson,Male,63.11,57.54,70.31,62.36,65.18,2.28,II/I
S1755,Emma,Williams,Female,60.64,92.0,63.95,86.01,83.7,3.59,III/I
S1756,Sara,Williams,Female,54.03,60.37,94.93,62.33,57.47,3.24,II/II
S1757,John,Johnson,Male,78.09,47.42,53.85,60.73,61.11,3.07,II/II
S1758,Ali,Brown,Female,50.68,78.74,55.42,77.36,93.95,3.79,I/I
S1759,Omar,Brown,Male,70.59,99.8,61.7,83.94,83.72,3.58,III/I
S1760,Maria,Smith,Female,53.67,53.94,91.57,52.65,74.95,2.3,I/I
S1761,Sara,Smith,Male,70.26,56.77,96.33,53.0,60.54,2.62,III/I
S1762,Ahmed,Brown,Female,52.0,98.31,53.2,89.21,67.07,2.5,I/I
S1763,Sara,Davis,Male,91.76,50.73,91.83,92.97,78.72,3.49,I/II
S1764,Ahmed,Jones,Female,60.49,70.67,55.49,80.22,57.77,2.07,IV/I
S1765,John,Williams,Female,66.42,54.38,98.24,71.44,74.09,3.14,II/I
S1766,Ahmed,Jones,Female,93.5,95.94,75.84,92.27,70.45,3.52,II/I
S1767,Liam,Williams,Female,87.31,98.89,40.43,86.44,73.83,3.75,IV/II
S1768,Maria,Brown,Female,60.95,88.88,42.05,78.98,55.28,2.68,III/II
S1769,Ali,Smith,Female,53.59,58.89,48.85,65.99,55.32,3.64,IV/I
S1770,Ahmed,Davis,Female,85.78,64.21,51.25,59.9,98.21,2.22,II/II
S1771,Ahmed,Smith,Male,69.54,54.54,86.06,70.93,98.97,3.69,III/II
S1772,Ali,Jones,Male,88.3,93.45,53.37,64.34,71.31,2.25,I/II
S1773,Maria,Smith,Female,72.26,94.87,98.15,66.96,89.45,2.79,IV/II
S1774,Sara,Brown,Female,67.3,65.13,78.17,75.78,82.79,3.59,III/II
S1775,Ahmed,Davis,Male,72.56,79.39,81.55,58.45,55.85,2.3,IV/II
S1776,Ali,Jones,Male,87.43,49.93,53.07,90.31,64.83,2.46,II/I
S1777,Liam,Davis,Female,95.11,66.1,93.56,57.28,65.68,3.44,II/II
S1778,Liam,Williams,Male,52.49,77.89,80.07,74.05,79.79,3.44,I/II
S1779,John,Smith,Male,76.21,63.12,91.86,87.3,79.0,3.28,II/I
S1780,Ali,Davis,Female,51.64,61.46,97.39,74.25,96.18,3.39,IV/I
S1781,John,Johnson,Female,73.42,40.06,47.54,68.05,89.5,3.09,I/I
S1782,Liam,Smith,Female,94.26,88.26,45.8,73.74,92.84,2.5,III/I
S1783,Maria,Williams,Male,68.08,93.36,88.2,92.43,94.56,2.69,I/II
S1784,Sara,Davis,Female,96.62,98.17,91.97,99.52,90.06,2.36,II/II
S1785,Ali,Jones,Female,81.53,83.16,75.03,81.56,66.64,3.82,IV/II
S1786,Omar,Williams,Male,96.71,72.93,61.96,89.67,60.75,3.17,III/II
S1787,Liam,Johnson,Female,87.86,56.16,79.16,50.72,78.59,2.8,IV/I
S1788,Liam,Davis,Male,55.17,99.96,58.34,94.02,84.48,2.92,III/II
S1789,Omar,Brown,Male,61.56,75.39,54.3,97.7,69.33,3.89,I/II
S1790,Emma,Smith,Male,69.71,80.87,69.29,78.76,92.42,2.31,IV/I
S1791,Liam,Jones,Male,58.51,80.94,52.97,87.69,98.03,3.17,II/II
S1792,Ahmed,Brown,Male,74.75,90.72,69.02,75.64,78.47,3.01,I/II
S1793,Maria,Davis,Male,73.57,40.58,97.4,64.31,72.83,3.22,II/II
S1794,Ali,Davis,Female,97.81,53.21,90.39,92.61,92.14,2.04,III/II
S1795,Omar,Williams,Female,71.69,79.93,96.5,79.84,51.21,3.74,II/I
S1796,Ahmed,Davis,Female,89.28,93.71,88.38,78.97,56.45,3.86,IV/I
S1797,Omar,Jones,Male,97.1,81.12,61.29,82.96,92.28,3.13,I/I
S1798,Ali,Brown,Female,93.85,64.81,88.72,92.8,86.6,3.39,II/I
S1799,John,Jones,Male,60.43,61.69,95.37,86.6,70.81,3.84,I/I
S1800,Ali,Johnson,Female,74.8,84.28,96.82,60.56,94.44,3.41,III/II
S1801,Emma,Johnson,Male,67.39,84.47,80.99,73.34,67.57,2.31,IV/II
S1802,Ali,Smith,Female,69.99,76.42,52.68,99.01,81.69,3.15,IV/I
S1803,Ali,Smith,Male,68.04,57.49,42.38,77.73,81.72,3.21,II/I
S1804,Emma,Johnson,Female,91.32,95.51,48.83,96.91,59.22,2.85,II/I
S1805,Maria,Davis,Male,72.61,73.11,97.93,90.67,64.24,3.47,I/II
S1806,Liam,Jones,Female,76.18,87.43,67.73,83.3,95.8,3.87,III/I
S1807,Ali,Johnson,Male,99.12,52.86,91.3,67.47,59.17,3.85,III/II
S1808,Emma,Smith,Female,53.0,60.64,67.9,65.22,58.68,2.9,II/II
S1809,Ahmed,Johnson,Female,74.4,92.47,79.65,82.17,73.98,2.23,III/II
S1810,John,Davis,Female,88.7,43.01,41.45,71.63,54.61,3.97,II/II
S1811,John,Johnson,Male,57.56,70.74,54.99,89.94,94.73,3.68,IV/I
S1812,Ali,Jones,Male,80.58,68.9,66.18,88.02,55.01,2.25,II/II
S1813,Maria,Brown,Male,61.97,85.07,77.84,65.61,80.83,3.84,IV/II
S1814,Maria,Davis,Male,93.37,56.91,50.29,85.14,66.99,3.74,I/I
S1815,Ahmed,Smith,Male,66.35,53.14,85.87,74.73,90.21,3.04,II/II
S1816,Ali,Jones,Female,66.45,95.57,61.86,66.16,79.49,3.18,II/II
S1817,John,Johnson,Male,79.91,74.3,89.05,70.65,69.42,2.8,I/II
S1818,Maria,Johnson,Female,59.18,46.28,45.88,94.77,99.19,2.11,II/I
S1819,Ali,Brown,Female,64.24,51.58,80.79,67.98,53.31,2.67,III/II
S1820,Omar,Smith,Male,70.83,99.93,57.6,64.37,78.89,3.61,III/II
S1821,Maria,Smith,Female,67.68,51.74,87.72,67.59,99.48,2.01,IV/I
S1822,Emma,Williams,Male,76.24,76.63,64.13,60.73,84.55,2.67,IV/I
S1823,Omar,Smith,Male,79.98,65.21,79.92,77.23,86.99,2.8,IV/II
S1824,Liam,Brown,Male,78.33,93.14,96.06,57.37,51.6,3.07,II/II
S1825,Maria,Williams,Female,82.71,85.31,41.24,90.87,51.07,3.84,III/I
S1826,John,Williams,Male,65.39,75.82,40.67,61.28,51.81,2.69,III/II
S1827,Sara,Johnson,Male,56.32,40.64,86.22,79.9,99.59,2.69,IV/I
S1828,Omar,Johnson,Male,88.04,92.79,78.78,56.25,98.98,3.48,II/II
S1829,Liam,Smith,Female,92.54,66.68,57.58,98.92,66.73,2.9,IV/I
S1830,Ahmed,Williams,Male,62.85,95.89,69.66,72.73,64.55,2.45,IV/II
S1831,Ahmed,Johnson,Female,70.35,69.73,42.52,91.11,57.3,2.9,I/I
S1832,John,Brown,Female,74.93,81.65,51.55,88.43,66.46,2.28,I/I
S1833,Maria,Johnson,Male,76.67,44.16,65.47,85.68,68.51,2.35,IV/I
S1834,Ali,Davis,Female,82.97,84.71,90.04,91.37,87.41,3.0,I/I
S1835,Maria,Davis,Female,52.08,60.28,68.78,55.02,93.31,2.84,IV/I
S1836,John,Johnson,Male,86.07,61.08,75.18,83.92,87.34,3.83,II/II
S1837,Ahmed,Williams,Male,53.1,47.12,92.43,63.29,82.32,2.72,I/II
S1838,Maria,Williams,Male,73.41,48.81,58.53,89.29,88.3,3.16,III/I
S1839,Ahmed,Jones,Female,91.38,51.15,82.04,97.84,86.92,3.26,II/II
S1840,Omar,Davis,Male,72.56,59.69,91.7,95.07,73.79,2.03,I/II
S1841,Liam,Brown,Female,57.45,93.52,52.16,55.75,66.79,3.33,I/II
S1842,Ali,Williams,Female,99.25,62.1,61.39,68.48,64.14,2.36,III/II
S1843,Omar,Smith,Female,94.46,83.46,98.79,68.22,83.97,3.92,II/II
S1844,Ahmed,Davis,Female,88.57,44.96,98.99,56.11,97.97,2.3,II/II
S1845,Ahmed,Brown,Female,70.58,75.47,53.39,54.91,79.05,2.83,IV/I
S1846,Sara,Brown,Male,59.19,68.91,43.99,69.24,95.63,2.17,I/II
S1847,Sara,Williams,Male,97.07,98.68,56.26,99.6,50.71,3.99,I/II
S1848,Omar,Brown,Female,76.62,90.77,63.86,78.45,89.72,3.0,I/II
S1849,Emma,Williams,Female,92.62,67.29,66.46,81.09,92.68,3.19,IV/I
S1850,Omar,Johnson,Male,67.1,86.51,77.13,73.55,81.55,2.13,III/II
S1851,Sara,Davis,Male,66.76,51.58,93.97,83.12,96.7,3.5,II/II
S1852,Ahmed,Jones,Female,99.28,73.74,59.82,97.83,79.5,2.42,I/II
S1853,John,Johnson,Female,76.09,44.48,91.0,79.43,62.03,3.8,I/I
S1854,Omar,Davis,Male,57.03,60.89,45.61,53.25,60.79,2.41,II/II
S1855,Ahmed,Williams,Male,60.98,53.55,42.51,74.64,77.79,2.38,IV/I
S1856,John,Davis,Female,74.1,83.13,70.24,99.64,95.32,2.07,III/II
S1857,John,Williams,Male,52.12,69.41,43.58,69.37,53.62,2.94,I/I
S1858,Sara,Johnson,Male,73.13,85.06,63.55,79.69,80.22,3.13,IV/I
S1859,Omar,Smith,Female,70.95,70.92,93.81,55.33,88.49,2.13,II/I
S1860,Maria,Smith,Female,88.97,45.19,54.49,57.06,55.77,3.55,II/II
S1861,Ali,Davis,Female,67.75,84.12,82.36,93.73,55.84,2.91,II/I
S1862,Sara,Smith,Male,99.13,89.99,58.14,65.02,68.31,3.05,IV/I
S1863,Sara,Williams,Female,59.04,94.21,42.7,65.27,63.69,2.88,IV/I
S1864,Maria,Brown,Male,79.55,74.32,73.4,69.36,59.92,2.8,IV/I
S1865,Ali,Williams,Female,54.48,85.22,90.09,98.32,59.93,3.12,I/II
S1866,Ahmed,Brown,Female,86.69,85.12,64.57,54.22,56.53,2.31,III/II
S1867,Emma,Johnson,Male,99.74,49.34,77.04,90.94,80.54,2.36,I/II
S1868,Omar,Jones,Male,90.96,49.85,94.0,67.08,84.41,3.72,III/II
S1869,Emma,Brown,Female,77.79,44.25,87.38,92.47,85.15,3.89,III/I
S1870,Ahmed,Smith,Female,74.24,59.19,51.63,99.59,76.62,2.75,I/II
S1871,Liam,Williams,Male,91.75,68.41,84.0,67.43,97.65,2.54,II/I
S1872,Sara,Johnson,Female,96.8,99.87,70.11,56.47,94.03,3.29,III/II
S1873,Ali,Smith,Male,99.46,65.86,84.76,57.22,97.88,2.82,I/II
S1874,Sara,Johnson,Male,69.83,83.57,69.67,87.94,69.44,2.05,II/II
S1875,John,Jones,Female,99.55,81.6,47.68,57.25,93.89,2.31,IV/I
S1876,Sara,Williams,Male,57.8,52.27,74.19,63.02,88.14,3.43,III/II
S1877,Sara,Davis,Male,62.68,43.51,69.53,60.22,67.0,3.32,III/II
S1878,Ahmed,Williams,Male,54.45,72.76,71.08,67.78,55.33,2.05,I/II
S1879,Ahmed,Jones,Female,63.59,82.02,92.73,53.72,84.13,2.44,III/I
S1880,Ahmed,Williams,Male,88.4,99.9,93.69,92.84,56.82,2.46,I/II
S1881,Emma,Davis,Female,92.65,61.52,67.21,93.01,64.69,3.34,IV/II
S1882,John,Brown,Female,88.94,93.78,67.34,70.65,75.02,2.04,II/I
S1883,Liam,Johnson,Female,81.55,62.92,70.91,80.6,83.99,2.21,II/I
S1884,Liam,Davis,Male,75.7,81.36,71.18,82.1,96.31,3.6,III/II
S1885,Ahmed,Smith,Male,85.44,75.9,97.02,87.46,79.66,2.36,III/II
S1886,Ali,Jones,Female,69.54,43.18,78.96,76.03,83.57,3.31,I/II
S1887,Emma,Brown,Female,92.07,44.7,56.65,75.52,65.5,2.48,II/I
S1888,Maria,Smith,Male,83.86,41.25,71.89,81.57,84.36,2.2,II/I
S1889,Ali,Smith,Female,84.89,62.25,77.63,85.15,71.89,2.49,III/I
S1890,Omar,Jones,Female,76.8,84.75,78.39,67.33,92.85,3.44,II/II
S1891,Omar,Brown,Male,94.26,50.37,75.12,66.52,69.62,3.71,III/I
S1892,Ali,Smith,Female,62.6,76.35,50.66,63.49,73.41,3.66,IV/II
S1893,Ahmed,Smith,Male,69.06,57.33,42.02,77.44,71.63,2.79,I/I
S1894,Maria,Brown,Male,88.88,87.82,60.27,68.01,90.56,3.34,IV/I
S1895,Maria,Williams,Female,74.64,87.9,65.65,77.02,97.68,2.41,III/I
S1896,Emma,Smith,Male,94.46,86.52,43.71,70.3,66.36,2.59,IV/II
S1897,Maria,Johnson,Male,67.32,71.49,88.9,91.84,73.75,3.79,I/II
S1898,Omar,Brown,Male,68.47,57.07,60.64,53.66,85.3,2.03,II/II
S1899,John,Smith,Female,94.44,88.57,94.82,78.61,94.77,2.17,I/II
S1900,Ahmed,Jones,Female,73.22,51.17,49.26,78.78,74.69,2.42,IV/I
S1901,Maria,Davis,Female,75.81,57.39,43.42,69.19,55.44,2.05,IV/II
S1902,Emma,Johnson,Male,66.64,51.04,68.94,71.05,68.43,2.36,I/I
S1903,Omar,Davis,Male,63.83,80.45,51.35,90.01,77.52,3.17,II/II
S1904,John,Davis,Female,82.8,81.17,96.24,64.03,70.88,2.84,III/II
S1905,Sara,Smith,Female,55.99,79.15,40.62,93.57,59.33,3.79,II/I
S1906,Sara,Johnson,Male,93.96,64.94,64.76,94.82,51.85,3.63,III/I
S1907,John,Johnson,Female,88.96,46.01,95.6,82.53,84.37,2.68,IV/II
S1908,Omar,Williams,Female,59.54,94.67,63.07,88.64,99.64,2.52,I/II
S1909,Emma,Davis,Female,84.7,70.46,45.59,80.65,95.96,2.76,I/I
S1910,John,Johnson,Female,80.13,64.42,58.17,76.26,84.16,3.18,II/I
S1911,Ahmed,Williams,Female,59.23,75.33,69.88,98.33,92.08,2.54,III/I
S1912,Ahmed,Brown,Male,63.66,51.57,51.11,64.13,62.79,3.25,II/I
S1913,Sara,Williams,Female,70.45,47.95,67.99,57.71,81.12,2.82,III/I
S1914,Maria,Jones,Female,84.96,64.33,90.18,64.37,53.03,3.1,IV/II
S1915,Emma,Smith,Male,81.94,53.63,92.36,80.73,85.36,2.87,III/II
S1916,Sara,Brown,Male,76.61,54.66,42.96,59.26,98.49,2.59,II/II
S1917,Maria,Brown,Male,88.42,93.55,49.65,95.44,93.04,3.9,IV/II
S1918,Maria,Jones,Male,87.9,71.85,56.52,70.55,76.72,3.53,II/I
S1919,Liam,Williams,Female,80.89,69.01,75.69,92.5,89.44,2.28,II/I
S1920,Ahmed,Smith,Female,89.35,81.37,61.66,62.46,97.19,3.74,II/I
S1921,Omar,Williams,Female,66.71,97.09,90.64,65.66,60.8,2.97,II/II
S1922,Ali,Johnson,Female,94.06,46.73,83.0,52.96,89.66,3.79,I/I
S1923,Omar,Williams,Male,80.75,90.01,46.03,62.89,63.49,3.6,III/I
S1924,Ali,Brown,Male,91.12,75.04,77.47,74.52,93.85,2.85,IV/II
S1925,John,Smith,Female,77.31,48.77,46.78,97.31,54.92,2.04,IV/II
S1926,Ahmed,Williams,Female,60.92,57.83,55.3,69.45,58.91,2.54,III/II
S1927,Maria,Smith,Female,77.12,68.94,50.67,81.99,86.03,3.08,II/I
S1928,Emma,Smith,Female,68.56,81.47,50.38,71.39,58.74,3.27,IV/I
S1929,Ali,Johnson,Male,84.87,54.56,76.98,52.34,57.9,2.52,IV/II
S1930,Omar,Johnson,Female,73.79,72.09,73.82,75.18,77.77,2.28,II/II
S1931,Maria,Brown,Male,91.81,81.08,50.56,53.3,91.75,3.67,I/I
S1932,Ali,Jones,Male,83.9,66.92,99.41,94.18,63.42,3.97,IV/II
S1933,Ali,Smith,Male,84.23,91.78,65.31,87.65,92.06,3.05,III/I
S1934,Liam,Jones,Male,60.86,92.17,45.82,68.93,90.4,2.34,II/II
S1935,Ali,Brown,Female,99.21,68.24,47.23,82.01,78.96,2.54,III/II
S1936,Emma,Smith,Female,92.08,98.38,75.03,55.6,82.33,2.04,III/II
S1937,Ahmed,Smith,Female,89.45,44.54,98.74,85.13,52.02,3.83,III/I
S1938,Emma,Davis,Female,66.51,40.2,74.32,91.14,68.36,2.24,II/I
S1939,Sara,Jones,Male,76.78,62.84,96.94,91.09,63.17,3.15,III/II
S1940,Maria,Williams,Male,56.86,76.07,66.65,64.21,57.5,2.55,I/I
S1941,Ahmed,Johnson,Male,76.92,77.75,66.15,63.19,69.48,3.11,II/II
S1942,Liam,Williams,Female,57.29,68.59,70.0,76.07,67.75,3.3,IV/II
S1943,Ahmed,Jones,Male,77.65,47.49,81.85,98.39,86.44,3.66,I/I
S1944,Ahmed,Johnson,Male,82.44,50.23,62.06,96.03,79.9,2.41,II/I
S1945,Omar,Williams,Male,69.51,91.13,91.83,67.98,95.66,2.02,I/I
S1946,Ahmed,Davis,Male,74.93,92.07,41.76,88.99,57.27,2.27,I/I
S1947,Liam,Johnson,Female,93.78,80.43,66.39,96.07,52.99,3.8,I/II
S1948,Emma,Smith,Male,55.43,79.85,70.66,63.05,76.73,3.75,I/I
S1949,Ahmed,Williams,Male,89.59,75.86,76.42,91.51,50.05,3.19,III/I
S1950,John,Johnson,Female,58.54,52.18,56.56,63.39,89.39,3.2,II/II
S1951,Maria,Davis,Female,51.84,65.7,65.65,67.16,75.3,3.33,I/II
S1952,Ahmed,Johnson,Female,59.28,81.75,69.07,59.94,74.4,2.35,II/II
S1953,Maria,Johnson,Male,88.25,72.24,81.21,75.35,68.12,3.83,II/II
S1954,John,Davis,Male,70.26,41.11,86.41,92.17,68.75,2.84,II/I
S1955,John,Williams,Male,93.63,97.21,84.27,76.4,71.56,2.77,II/I
S1956,Maria,Brown,Male,76.24,90.69,60.49,56.17,50.8,3.04,I/II
S1957,Ali,Williams,Female,51.11,55.63,99.97,62.59,54.18,2.09,III/II
S1958,Sara,Jones,Male,85.84,76.99,90.92,78.14,75.25,2.33,IV/I
S1959,Omar,Davis,Male,55.51,95.39,55.6,79.16,57.51,3.48,II/I
S1960,Ali,Williams,Female,89.47,45.76,51.71,78.85,88.94,2.17,IV/I
S1961,Ali,Johnson,Female,58.41,70.18,58.84,53.85,63.72,3.21,II/I
S1962,Emma,Davis,Female,67.27,67.37,67.14,87.68,54.89,2.49,II/I
S1963,Omar,Smith,Male,88.06,64.61,91.05,95.47,61.76,2.78,II/II
S1964,Omar,Williams,Male,97.71,90.14,86.7,75.53,67.85,2.58,I/II
S1965,Ali,Davis,Male,68.57,62.84,91.07,85.94,51.77,2.71,II/II
S1966,Ahmed,Williams,Male,91.47,43.82,56.32,95.7,57.08,3.44,IV/II
S1967,Emma,Davis,Male,59.54,43.95,75.61,82.13,66.19,2.59,III/I
S1968,Emma,Johnson,Female,90.36,42.56,56.99,83.72,65.52,3.13,II/II
S1969,John,Smith,Female,82.87,64.55,46.54,86.07,90.02,2.95,IV/I
S1970,Liam,Smith,Male,59.64,83.1,81.05,63.03,92.16,3.33,IV/I
S1971,Omar,Jones,Male,65.13,52.22,48.58,79.13,59.67,3.87,III/I
S1972,Ali,Davis,Male,56.59,78.79,80.06,92.11,56.2,3.47,I/I
S1973,John,Williams,Male,69.15,81.23,78.88,64.81,81.71,2.43,I/I
S1974,Maria,Smith,Male,60.18,55.31,88.61,94.86,90.23,2.06,III/I
S1975,Sara,Smith,Female,82.2,76.03,48.37,81.02,98.19,2.52,III/I
S1976,Liam,Brown,Female,99.73,81.09,87.01,71.16,50.34,3.19,II/II
S1977,Liam,Brown,Female,50.6,68.0,99.96,81.16,70.68,2.1,III/I
S1978,Liam,Smith,Male,77.05,60.2,91.06,70.09,86.7,2.99,IV/II
S1979,Emma,Davis,Male,78.68,77.15,85.11,91.9,91.43,3.19,I/II
S1980,Maria,Jones,Female,95.71,98.67,79.73,74.12,53.11,2.67,I/I
S1981,Liam,Smith,Female,75.3,65.61,65.31,95.06,84.03,3.54,I/I
S1982,Maria,Johnson,Male,77.19,63.5,83.83,75.49,64.45,2.21,IV/II
S1983,Ahmed,Williams,Female,73.58,67.86,83.45,83.02,53.73,2.15,III/II
S1984,Liam,Jones,Female,63.45,44.57,77.89,99.89,74.46,3.46,IV/II
S1985,Sara,Johnson,Male,52.8,73.19,87.78,57.35,57.91,2.99,IV/II
S1986,Maria,Jones,Female,70.43,59.72,66.93,86.84,86.85,3.38,III/I
S1987,Maria,Johnson,Female,52.63,47.29,47.28,56.94,87.06,2.87,II/I
S1988,Sara,Williams,Female,77.52,67.98,73.54,91.94,92.1,2.49,II/I
S1989,Liam,Williams,Male,65.36,40.2,55.9,79.82,68.88,3.64,IV/II
S1990,Sara,Brown,Female,76.68,64.11,63.07,96.91,50.67,3.6,III/I
S1991,Maria,Davis,Female,56.71,46.34,41.04,93.3,62.99,3.39,I/II
S1992,Sara,Johnson,Female,96.63,41.46,62.97,53.74,73.39,2.54,II/I
S1993,Maria,Brown,Male,94.73,89.47,88.53,56.87,84.7,3.18,III/II
S1994,Maria,Johnson,Male,59.5,94.97,72.56,80.06,69.1,2.72,IV/I
S1995,Ahmed,Brown,Female,67.17,52.46,40.59,75.92,76.8,2.18,III/I
S1996,Ali,Williams,Male,80.67,72.36,68.19,58.43,76.21,3.83,IV/II
S1997,Maria,Jones,Female,54.78,56.68,57.49,56.47,58.25,2.27,I/II
S1998,Liam,Brown,Male,67.73,69.61,68.65,78.2,81.15,3.9,I/II
S1999,John,Johnson,Male,62.56,66.2,64.28,52.45,71.96,2.89,II/II
S2000,Emma,Johnson,Female,95.78,56.14,95.92,93.69,90.4,2.37,I/II
S2001,Omar,Davis,Female,92.63,82.02,42.47,90.35,84.53,3.08,II/I
S2002,Ali,Williams,Female,78.99,47.59,81.02,89.27,55.57,3.75,IV/II
S2003,Ali,Johnson,Male,76.02,43.18,91.06,50.8,74.44,3.46,IV/I
S2004,Ali,Smith,Female,96.54,86.06,97.55,52.38,85.12,3.61,II/I
S2005,Ahmed,Jones,Male,96.62,79.96,50.66,77.49,54.35,3.32,III/I
S2006,Maria,Brown,Male,98.47,69.91,71.88,99.72,89.62,3.38,IV/I
S2007,Ahmed,Davis,Female,56.27,68.07,42.62,67.12,61.1,3.7,III/I
S2008,Maria,Jones,Male,58.03,69.84,69.95,67.22,75.15,2.5,I/II
S2009,Liam,Williams,Female,83.84,66.22,47.53,56.71,97.03,2.98,III/II
S2010,Ahmed,Davis,Male,77.07,63.57,90.27,83.72,78.57,2.44,I/I
S2011,Ahmed,Brown,Female,50.92,69.98,46.83,82.33,71.2,3.98,IV/I
S2012,Emma,Brown,Male,53.1,71.71,70.8,55.07,50.34,3.89,IV/II
S2013,John,Smith,Male,94.4,81.51,71.27,73.37,56.67,2.08,II/II
S2014,Ahmed,Williams,Female,93.44,82.67,98.3,83.35,78.93,3.41,I/I
S2015,Emma,Davis,Male,67.86,62.66,79.3,74.68,74.69,3.85,I/II
S2016,Sara,Davis,Female,94.55,64.81,57.27,83.72,68.19,2.36,I/II
S2017,John,Johnson,Male,79.68,62.42,54.45,90.81,96.16,3.14,IV/II
S2018,Liam,Smith,Male,90.3,72.19,47.69,84.29,66.62,3.83,I/I
S2019,Ahmed,Smith,Male,71.37,67.2,85.39,80.81,76.86,2.07,II/II
S2020,Omar,Davis,Female,55.67,93.38,81.45,92.68,78.44,3.39,IV/I
S2021,Ali,Davis,Female,71.69,81.78,76.59,95.03,76.37,2.59,IV/I
S2022,Sara,Jones,Female,72.86,93.92,42.45,69.44,73.88,3.85,I/I
S2023,Sara,Jones,Female,77.55,82.55,85.77,58.66,66.85,3.94,III/I
S2024,Liam,Jones,Female,55.28,98.26,78.51,90.89,95.44,3.89,II/I
S2025,Emma,Smith,Male,99.57,78.14,97.83,60.69,72.54,2.95,III/II
S2026,Sara,Johnson,Male,62.21,97.81,75.23,96.45,76.42,3.72,III/I
S2027,John,Brown,Female,59.93,49.49,58.24,51.14,82.82,3.69,IV/I
S2028,Ahmed,Jones,Male,76.34,43.15,62.89,96.06,53.38,2.64,II/I
S2029,Ahmed,Johnson,Male,76.86,74.75,50.55,79.46,89.06,3.66,III/II
S2030,Omar,Williams,Male,71.99,99.01,83.37,88.74,75.63,2.07,III/II
S2031,Liam,Jones,Male,88.59,65.06,82.46,69.92,82.86,3.19,III/II
S2032,Ali,Brown,Female,75.83,52.72,52.04,99.59,88.6,2.46,I/II
S2033,Emma,Williams,Male,80.48,71.29,49.51,61.38,93.7,2.24,IV/II
S2034,Ali,Williams,Female,86.19,78.93,44.62,63.22,69.61,2.15,III/II
S2035,Sara,Brown,Female,51.25,58.91,94.72,52.57,90.57,3.39,II/II
S2036,Liam,Jones,Male,78.53,82.89,53.98,97.02,62.94,2.68,I/I
S2037,Omar,Smith,Female,94.21,98.51,60.65,72.8,83.02,3.45,IV/I
S2038,Ali,Brown,Male,50.87,93.82,56.83,83.74,55.14,2.13,II/II
S2039,John,Brown,Male,70.26,57.5,64.82,84.37,51.0,2.63,I/I
S2040,Ahmed,Brown,Male,96.31,59.6,82.84,93.73,54.79,3.08,III/I
S2041,Sara,Williams,Female,67.66,62.29,92.24,83.25,65.97,3.58,IV/II
S2042,Omar,Johnson,Female,72.94,63.67,50.96,78.1,51.55,2.64,III/I
S2043,Ali,Smith,Female,99.08,46.02,81.18,85.52,81.52,3.25,I/I
S2044,Emma,Jones,Male,59.97,85.72,61.15,87.55,65.83,3.77,II/II
S2045,John,Jones,Male,53.26,61.92,98.83,59.3,86.82,3.23,I/I
S2046,John,Johnson,Male,92.97,92.79,57.94,55.48,52.3,2.47,III/II
S2047,Ali,Brown,Female,93.42,95.62,40.43,53.74,60.84,2.05,I/II
S2048,Ahmed,Smith,Male,73.6,41.47,70.94,68.7,70.4,3.74,IV/I
S2049,Ali,Jones,Male,75.71,99.31,49.04,74.9,69.13,2.04,III/I
S2050,Sara,Davis,Female,91.79,82.6,42.67,80.78,56.55,3.75,IV/I
S2051,Ali,Jones,Female,86.93,71.22,81.9,97.9,99.71,3.06,I/II
S2052,John,Brown,Female,63.26,63.37,83.94,66.54,64.22,3.88,III/II
S2053,Omar,Davis,Male,50.84,71.11,67.64,88.04,86.05,3.6,III/II
S2054,Ali,Johnson,Male,73.99,59.48,80.61,76.57,61.0,4.0,III/I
S2055,Ahmed,Smith,Male,92.95,77.36,72.29,61.0,93.89,2.7,III/I
S2056,Liam,Johnson,Female,94.79,45.58,77.79,80.77,69.39,3.53,III/II
S2057,Omar,Johnson,Female,97.81,77.27,75.8,98.36,95.05,2.8,II/I
S2058,Emma,Smith,Female,93.98,56.52,79.95,56.22,67.09,2.96,IV/I
S2059,Maria,Smith,Female,79.0,41.06,51.98,75.36,50.43,3.26,IV/II
S2060,Ali,Jones,Male,72.23,73.16,56.12,52.58,75.85,3.75,I/II
S2061,Ahmed,Jones,Male,88.74,74.71,66.4,66.06,76.24,3.97,IV/I
S2062,Omar,Smith,Male,86.99,65.59,66.77,81.03,55.99,3.54,I/II
S2063,Ahmed,Davis,Male,76.91,44.34,86.46,92.05,61.75,2.84,II/I
S2064,Emma,Williams,Male,54.37,93.6,62.04,86.52,89.17,2.84,IV/II
S2065,John,Jones,Male,96.3,76.69,49.75,73.14,51.84,3.48,II/II
S2066,Ahmed,Williams,Male,72.78,46.94,55.09,95.46,74.48,2.48,I/II
S2067,Omar,Davis,Male,68.17,70.66,52.88,65.14,76.52,2.22,IV/I
S2068,Ahmed,Smith,Female,81.48,69.84,83.9,87.7,84.44,2.71,I/I
S2069,Ahmed,Davis,Female,83.69,43.62,68.22,73.7,51.87,2.57,IV/II
S2070,Ahmed,Jones,Male,60.53,76.41,82.52,94.93,79.28,2.59,III/II
S2071,Sara,Johnson,Female,91.85,88.5,64.97,89.87,50.15,2.47,III/II
S2072,Sara,Smith,Male,64.5,84.94,93.38,95.07,63.26,2.08,II/I
S2073,John,Brown,Male,59.33,52.18,99.01,60.71,74.98,2.04,I/II
S2074,Ali,Williams,Female,70.32,91.74,80.19,83.41,95.56,3.98,II/II
S2075,Ahmed,Davis,Male,86.53,60.55,91.83,86.92,56.33,2.86,I/II
S2076,Emma,Smith,Male,98.27,96.79,70.48,87.12,58.46,2.77,III/II
S2077,Ali,Davis,Male,90.46,44.3,96.08,75.2,83.46,3.36,III/I
S2078,Emma,Smith,Male,97.02,69.17,89.9,50.56,68.74,2.44,I/I
S2079,Ali,Jones,Male,57.03,75.83,99.51,63.07,81.17,3.9,IV/II
S2080,John,Jones,Male,53.56,54.86,77.39,66.17,99.87,3.57,II/I
S2081,Ahmed,Jones,Male,77.89,86.28,86.75,92.6,99.34,2.18,III/I
S2082,Ahmed,Davis,Female,64.51,77.61,72.57,92.04,67.69,2.84,IV/I
S2083,Maria,Brown,Female,91.4,41.09,55.55,55.23,75.2,3.76,II/II
S2084,Emma,Jones,Male,83.6,76.5,61.29,97.49,95.23,3.89,III/I
S2085,Ali,Smith,Female,98.54,69.49,93.64,59.12,54.61,2.93,IV/I
S2086,Ali,Jones,Male,62.74,51.76,43.36,70.72,72.62,3.23,III/I
S2087,Liam,Johnson,Male,74.29,99.74,75.49,60.76,68.88,2.33,II/II
S2088,Liam,Jones,Male,75.06,93.83,62.35,93.02,64.74,3.98,IV/II
S2089,Sara,Davis,Male,61.96,57.55,63.2,87.47,99.71,2.46,III/I
S2090,Maria,Brown,Female,79.5,72.46,93.07,67.68,86.68,3.89,II/I
S2091,Omar,Johnson,Female,72.16,58.99,91.23,84.09,69.44,3.3,III/II
S2092,Liam,Davis,Female,72.34,86.53,75.93,59.22,91.45,3.22,I/II
S2093,Omar,Davis,Female,68.14,95.82,56.38,69.11,74.48,3.03,III/I
S2094,Sara,Davis,Male,50.85,61.53,68.53,68.86,93.64,2.46,II/I
S2095,Sara,Smith,Female,76.1,88.34,64.5,61.9,63.32,2.35,I/II
S2096,Sara,Davis,Male,66.76,69.9,61.22,93.82,61.18,2.44,IV/II
S2097,Emma,Smith,Male,50.07,63.79,46.17,83.94,62.36,2.37,IV/I
S2098,Emma,Davis,Female,65.4,96.31,72.59,64.0,76.92,3.56,I/II
S2099,John,Williams,Male,63.93,70.62,58.11,62.11,64.57,2.7,IV/I
S2100,John,Johnson,Female,69.67,68.04,79.65,50.9,57.36,2.12,III/I
S2101,Sara,Williams,Female,56.59,80.35,59.15,67.33,99.73,3.94,II/I
S2102,Maria,Davis,Female,75.38,55.67,65.87,76.34,95.02,3.77,III/II
S2103,Ali,Johnson,Female,84.62,59.49,43.14,63.89,81.75,3.86,III/I
S2104,Emma,Johnson,Female,81.51,95.92,99.55,85.02,94.58,3.99,IV/I
S2105,Maria,Brown,Male,90.19,80.71,70.46,70.59,96.77,2.35,II/II
S2106,Ahmed,Williams,Female,72.6,89.6,41.45,65.82,83.81,2.79,I/II
S2107,Emma,Brown,Female,75.95,56.27,72.47,96.95,75.93,3.52,III/I
S2108,Emma,Johnson,Male,90.52,72.63,92.22,63.14,94.1,3.39,IV/I
S2109,John,Smith,Female,71.39,98.28,86.35,69.91,78.39,2.31,IV/II
S2110,Ali,Johnson,Female,85.08,59.12,82.05,69.11,56.34,3.63,I/II
S2111,Ali,Brown,Male,71.73,49.63,48.37,62.06,68.34,2.45,IV/II
S2112,Liam,Williams,Male,70.89,70.65,79.46,60.87,72.3,2.45,IV/I
S2113,Omar,Davis,Female,88.01,63.27,85.98,65.12,96.77,3.07,II/I
S2114,Omar,Davis,Male,58.74,49.57,74.35,93.21,82.96,3.19,I/I
S2115,Omar,Williams,Female,66.93,93.31,93.56,88.35,93.76,3.16,IV/II
S2116,Omar,Davis,Male,61.21,99.44,56.62,84.05,87.88,2.18,III/I
S2117,Ahmed,Davis,Female,67.96,74.11,54.53,72.86,65.49,3.75,III/II
S2118,Ahmed,Brown,Female,61.52,86.48,92.17,75.39,85.94,2.53,III/I
S2119,Emma,Williams,Female,78.97,91.54,77.52,63.36,59.76,2.26,I/II
S2120,Sara,Jones,Male,89.91,82.06,40.09,53.72,70.41,3.78,II/I
S2121,John,Smith,Female,89.33,42.65,61.19,66.55,90.3,3.91,IV/I
S2122,John,Smith,Male,68.23,49.46,91.47,74.78,80.6,3.72,II/II
S2123,Omar,Davis,Female,99.44,44.26,41.64,52.87,91.27,3.62,III/II
S2124,Emma,Smith,Female,79.69,40.59,40.19,54.41,62.74,3.31,II/I
S2125,Liam,Williams,Female,69.97,58.36,56.88,63.15,87.49,3.1,IV/II
S2126,Maria,Williams,Female,91.78,63.54,94.84,68.35,60.12,2.17,IV/II
S2127,Sara,Johnson,Female,86.49,54.46,94.09,69.67,77.27,2.82,III/I
S2128,Emma,Johnson,Male,87.46,43.88,71.13,55.89,71.68,2.75,II/II
S2129,Sara,Smith,Male,59.81,71.79,73.19,61.29,77.82,2.52,II/I
S2130,Sara,Jones,Male,73.42,56.4,59.92,63.08,56.78,3.45,I/I
S2131,Sara,Johnson,Female,93.09,87.76,54.62,53.38,68.06,2.99,III/II
S2132,Emma,Johnson,Female,75.2,40.48,88.91,66.3,83.35,2.16,I/II
S2133,Omar,Williams,Male,84.17,90.55,46.38,53.61,77.93,2.44,II/I
S2134,John,Jones,Female,79.4,97.29,69.24,85.17,77.45,3.37,II/I
S2135,John,Davis,Female,92.12,82.97,78.06,69.3,75.54,2.15,I/I
S2136,Omar,Smith,Female,64.23,84.02,46.22,66.34,97.19,3.7,III/I
S2137,Sara,Johnson,Male,78.77,96.01,71.18,56.33,96.73,2.99,IV/I
S2138,Maria,Jones,Male,56.16,52.54,74.65,61.33,68.01,2.96,IV/I
S2139,Ali,Jones,Male,84.51,99.67,84.55,61.64,67.59,3.18,III/II
S2140,Emma,Smith,Male,86.6,86.41,54.09,99.26,77.74,3.65,III/II
S2141,Ali,Jones,Male,52.14,83.59,57.6,91.77,54.78,2.7,I/II
S2142,Liam,Jones,Female,83.79,61.67,74.17,50.76,65.15,3.36,II/I
S2143,Omar,Jones,Female,70.73,72.75,98.99,80.84,61.54,3.13,II/II
S2144,Maria,Johnson,Female,56.2,79.24,53.05,62.8,61.17,2.53,II/I
S2145,Emma,Smith,Female,71.0,77.22,99.15,55.22,81.93,3.76,IV/I
S2146,Omar,Jones,Male,59.71,82.3,82.86,85.28,69.22,3.59,I/II
S2147,Sara,Jones,Male,70.78,44.94,89.56,56.58,58.56,3.32,II/I
S2148,John,Johnson,Female,69.22,61.34,45.38,72.19,94.38,3.7,I/I
S2149,Ali,Smith,Male,86.92,66.04,58.03,81.61,93.71,3.73,IV/I
S2150,Ahmed,Williams,Female,88.71,55.64,43.46,77.72,93.12,3.42,II/I
S2151,Ahmed,Johnson,Female,80.35,50.36,62.29,98.88,69.54,3.67,II/I
S2152,Maria,Smith,Female,51.13,48.34,98.88,89.29,52.85,3.39,IV/I
S2153,Sara,Jones,Female,96.55,61.98,46.32,88.71,55.34,3.36,II/II
S2154,Liam,Smith,Male,84.31,69.61,73.74,67.78,63.8,3.24,IV/I
S2155,Ali,Smith,Female,51.71,43.78,40.36,50.42,61.0,3.51,I/I
S2156,Sara,Davis,Male,90.94,96.79,82.76,86.72,93.7,2.32,I/I
S2157,Ali,Smith,Female,60.01,85.91,51.83,99.99,99.32,3.76,II/I
S2158,Maria,Williams,Female,78.96,83.85,47.78,70.29,90.83,3.74,III/II
S2159,Maria,Smith,Female,73.33,50.37,60.22,99.28,86.49,2.06,II/II
S2160,Liam,Williams,Female,70.99,76.23,86.26,57.09,79.43,3.65,II/I
S2161,Ahmed,Jones,Male,94.49,71.78,46.4,64.83,88.5,2.26,IV/I
S2162,Sara,Williams,Female,71.87,98.95,53.79,58.54,97.35,2.67,II/I
S2163,Emma,Jones,Male,53.77,84.86,40.51,73.76,80.07,3.49,I/II
S2164,Ahmed,Jones,Female,97.33,74.55,98.1,89.85,57.73,2.32,I/II
S2165,Sara,Williams,Female,96.03,91.05,75.53,67.03,58.19,3.64,III/II
S2166,Ahmed,Johnson,Female,84.22,49.31,83.19,95.31,79.19,3.66,II/II
S2167,Emma,Brown,Male,73.39,40.91,79.08,77.24,66.67,3.01,III/I
S2168,John,Smith,Female,54.64,81.41,48.66,73.27,95.51,2.01,IV/II
S2169,John,Davis,Female,89.54,45.9,75.7,89.35,80.58,2.57,I/II
S2170,Liam,Brown,Female,53.77,46.93,47.88,55.07,83.82,3.23,III/I
S2171,John,Smith,Female,53.43,84.68,64.07,88.69,50.29,3.96,I/I
S2172,John,Smith,Female,76.87,56.23,74.14,62.15,74.94,3.26,I/II
S2173,Omar,Jones,Male,58.01,77.72,73.53,64.04,71.56,2.52,I/II
S2174,Ali,Smith,Male,50.39,95.04,47.14,79.97,85.29,3.27,II/II
S2175,Omar,Davis,Female,71.16,58.99,42.07,95.1,69.13,3.08,III/II
S2176,Omar,Smith,Female,56.86,53.03,87.89,78.92,98.83,3.56,III/I
S2177,Liam,Williams,Male,58.03,46.39,83.56,82.45,83.51,2.21,IV/I
S2178,Omar,Brown,Female,53.85,47.83,44.91,88.83,83.0,3.52,I/II
S2179,John,Williams,Male,60.25,43.73,47.64,62.97,95.97,3.08,I/II
S2180,Emma,Davis,Female,85.77,45.26,93.56,91.36,99.76,3.93,II/II
S2181,Liam,Smith,Female,90.45,65.92,86.15,70.9,59.89,2.68,II/II
S2182,Liam,Davis,Male,72.63,59.25,99.77,58.78,90.53,3.27,III/II
S2183,Maria,Jones,Female,75.33,82.39,55.24,67.51,58.12,3.86,III/I
S2184,Liam,Williams,Male,51.63,92.21,69.27,62.31,72.85,2.21,I/I
S2185,Maria,Williams,Male,53.47,87.09,54.19,61.44,55.01,3.87,IV/I
S2186,Liam,Johnson,Male,62.88,71.84,77.37,64.13,81.17,3.38,III/II
S2187,Ali,Smith,Female,77.19,46.15,46.92,59.05,73.43,2.14,IV/II
S2188,John,Jones,Male,86.98,82.59,47.63,83.39,81.43,2.6,I/I
S2189,Liam,Williams,Male,80.25,61.77,44.31,79.0,83.9,3.42,II/I
S2190,John,Williams,Female,69.61,45.14,81.62,82.42,80.97,2.13,I/II
S2191,John,Jones,Female,55.92,90.55,69.64,67.19,64.7,3.16,III/I
S2192,Ahmed,Davis,Female,89.04,60.29,77.06,88.49,91.85,2.69,III/II
S2193,Liam,Davis,Female,68.19,53.09,92.76,56.48,77.58,3.24,I/II
S2194,Sara,Smith,Female,86.8,92.29,84.42,78.56,74.49,2.09,III/I
S2195,Ahmed,Johnson,Female,75.65,94.13,67.7,63.77,99.35,3.74,III/I
S2196,Sara,Williams,Male,86.93,60.34,99.06,76.38,64.18,3.95,III/I
S2197,John,Johnson,Female,95.36,61.29,67.38,66.18,76.4,3.94,I/II
S2198,John,Davis,Male,96.05,74.78,46.75,89.53,84.12,3.5,III/II
S2199,Ahmed,Davis,Female,76.76,84.01,99.56,94.56,56.26,2.26,IV/I
S2200,Ahmed,Brown,Male,75.58,43.79,41.37,87.13,67.71,3.52,II/II
S2201,Sara,Smith,Male,63.28,75.6,72.99,58.78,90.08,2.05,I/II
S2202,Maria,Brown,Female,96.79,97.17,58.55,63.74,61.84,2.04,IV/II
S2203,Sara,Brown,Female,72.9,55.73,70.21,95.97,74.66,2.65,III/I
S2204,Ahmed,Brown,Male,56.38,94.53,73.52,71.86,81.53,2.98,III/II
S2205,Emma,Smith,Female,71.64,97.01,54.41,97.06,83.56,3.54,IV/I
S2206,Ahmed,Smith,Female,56.35,56.15,73.41,69.62,86.42,3.37,II/I
S2207,Emma,Jones,Male,75.13,85.25,85.36,97.59,93.3,2.89,IV/II
S2208,Ali,Johnson,Male,78.06,54.33,55.99,96.29,69.64,2.55,I/I
S2209,Ahmed,Johnson,Male,66.89,84.26,63.01,83.03,85.33,3.99,IV/II
S2210,Ali,Jones,Female,53.58,87.85,56.09,50.44,86.61,2.85,III/I
S2211,Maria,Jones,Female,97.18,54.83,89.23,70.02,65.01,2.9,II/I
S2212,Sara,Davis,Female,88.67,82.95,83.5,95.56,98.41,2.33,II/II
S2213,Emma,Brown,Female,91.94,88.73,92.27,94.26,93.26,3.59,IV/I
S2214,Sara,Jones,Male,68.34,61.51,50.2,59.37,64.49,3.39,IV/I
S2215,Ali,Williams,Female,88.04,50.06,44.41,69.96,83.75,2.44,III/I
S2216,Emma,Johnson,Male,74.27,45.52,47.16,91.78,85.89,2.16,IV/II
S2217,Sara,Jones,Female,60.05,74.52,49.66,78.89,71.57,3.36,IV/II
S2218,Ahmed,Williams,Female,56.22,98.69,71.98,92.36,93.19,3.31,IV/I
S2219,John,Williams,Male,67.25,89.38,98.25,91.33,84.51,2.55,II/I
S2220,Ali,Williams,Female,56.88,66.15,61.43,95.37,82.91,3.9,III/I
S2221,Sara,Davis,Female,99.91,72.2,97.51,55.86,61.04,2.3,I/II
S2222,Ali,Davis,Male,52.46,56.77,42.29,57.26,70.39,2.86,III/II
S2223,Omar,Williams,Female,72.06,49.78,95.61,54.14,71.7,3.89,II/I
S2224,Ali,Davis,Male,72.6,68.92,50.87,96.76,86.68,2.84,III/II
S2225,Emma,Brown,Male,65.03,67.81,94.75,73.76,80.92,3.28,I/II
S2226,Omar,Williams,Male,78.57,71.32,43.37,53.22,54.29,2.8,I/II
S2227,Liam,Brown,Male,57.5,97.17,96.89,66.08,65.38,2.55,III/II
S2228,Emma,Brown,Female,89.2,76.23,52.05,67.57,73.65,3.97,II/I
S2229,John,Williams,Female,66.62,76.35,58.16,90.48,86.84,2.82,III/II
S2230,Omar,Johnson,Female,79.57,47.68,69.46,86.77,87.18,3.79,III/II
S2231,Liam,Williams,Male,85.78,99.79,62.84,84.47,74.53,2.46,I/I
S2232,Ahmed,Williams,Female,94.45,86.37,80.05,51.09,55.85,2.43,II/I
S2233,Ali,Davis,Female,91.79,92.63,98.49,95.53,64.65,2.06,IV/II
S2234,Sara,Williams,Female,80.42,64.86,76.39,60.78,62.73,3.3,IV/II
S2235,Maria,Johnson,Female,69.42,70.13,83.29,81.45,89.05,2.74,I/I
S2236,Ali,Davis,Male,75.16,71.33,45.28,53.09,59.0,3.73,III/I
S2237,Liam,Smith,Male,88.44,51.65,77.67,54.08,73.25,2.95,IV/I
S2238,Ali,Smith,Female,93.88,81.37,67.23,50.48,83.54,3.94,IV/II
S2239,John,Brown,Male,55.19,94.18,93.15,78.3,98.24,2.37,III/II
S2240,Ahmed,Brown,Female,69.24,49.82,63.29,81.47,99.96,3.74,III/I
S2241,Maria,Johnson,Female,88.81,45.18,80.77,52.52,97.65,3.55,IV/II
S2242,Omar,Jones,Female,71.58,84.29,53.69,64.52,85.91,3.54,II/I
S2243,Omar,Smith,Male,66.61,56.39,55.56,92.57,87.32,3.69,III/II
S2244,Omar,Brown,Female,70.57,77.43,62.57,55.07,87.96,3.52,IV/I
S2245,Liam,Smith,Male,80.14,81.75,58.24,60.83,93.13,3.25,III/I
S2246,Emma,Johnson,Male,99.99,59.31,55.23,71.22,97.59,2.26,IV/II
S2247,Emma,Johnson,Female,74.65,88.91,42.98,92.11,72.29,2.07,IV/II
S2248,Sara,Jones,Male,60.42,73.0,90.2,62.74,70.83,3.84,II/II
S2249,Maria,Jones,Male,58.14,92.14,43.86,99.86,73.02,3.23,IV/II
S2250,Omar,Davis,Female,52.12,85.8,93.24,67.76,82.99,3.59,I/II
S2251,Emma,Johnson,Male,77.94,92.11,47.53,69.32,88.77,2.96,III/II
S2252,Liam,Brown,Male,77.23,41.21,43.92,56.11,93.53,2.23,IV/I
S2253,Sara,Smith,Female,60.26,54.61,73.78,84.01,72.81,2.25,I/II
S2254,Ahmed,Williams,Female,84.77,45.4,70.15,62.17,68.17,3.37,I/I
S2255,Sara,Jones,Male,87.06,66.52,69.47,81.44,99.17,2.86,III/I
S2256,Emma,Williams,Female,62.95,93.4,74.47,61.16,61.59,2.4,IV/II
S2257,John,Brown,Female,67.2,68.05,57.22,69.39,61.1,2.98,I/I
S2258,Liam,Jones,Male,99.52,90.98,79.78,92.83,85.77,2.13,IV/I
S2259,John,Williams,Male,68.71,59.63,70.14,86.95,58.98,3.16,III/II
S2260,Omar,Brown,Female,88.04,60.37,60.08,57.73,69.97,2.54,I/II
S2261,John,Smith,Male,72.64,93.73,89.59,80.39,64.62,3.6,I/II
S2262,Omar,Brown,Female,89.67,65.55,83.66,81.43,58.44,2.62,III/I
S2263,Omar,Davis,Female,88.45,87.39,63.62,54.53,78.99,2.91,III/II
S2264,Emma,Jones,Male,83.39,54.2,90.86,73.29,68.68,2.02,IV/II
S2265,John,Johnson,Male,92.74,96.93,95.22,63.03,73.11,2.14,II/II
S2266,Omar,Smith,Female,96.96,74.47,72.21,73.36,59.79,2.78,II/II
S2267,Maria,Williams,Female,79.0,85.56,52.9,88.85,88.39,2.96,III/I
S2268,Ahmed,Jones,Female,61.87,45.37,94.95,57.91,65.74,3.2,III/II
S2269,Sara,Johnson,Female,69.93,69.56,51.37,56.17,67.14,2.58,III/I
S2270,Sara,Brown,Male,87.92,94.06,42.91,63.47,62.61,3.39,III/II
S2271,Emma,Johnson,Female,82.54,92.62,59.65,97.61,71.72,3.72,IV/I
S2272,John,Jones,Male,58.89,42.81,83.62,87.39,73.18,3.56,IV/I
S2273,John,Jones,Male,52.56,58.22,95.4,50.97,76.48,2.08,I/I
S2274,Omar,Davis,Female,84.15,66.6,78.24,70.05,98.38,2.96,IV/II
S2275,Liam,Davis,Male,62.55,50.34,97.11,62.87,95.23,2.21,III/I
S2276,Ali,Johnson,Male,74.98,83.8,45.54,81.91,80.47,2.48,IV/II
S2277,Omar,Brown,Female,87.34,51.07,43.65,72.96,51.95,3.97,III/II
S2278,Ahmed,Johnson,Male,78.13,60.8,76.25,98.22,80.61,2.28,II/II
S2279,Maria,Jones,Male,54.17,79.8,97.97,60.95,54.48,3.0,IV/II
S2280,Sara,Jones,Female,59.28,68.93,70.16,79.39,85.52,3.24,III/II
S2281,Omar,Williams,Female,60.97,84.31,43.09,85.01,69.5,3.4,IV/I
S2282,Ali,Davis,Female,62.89,97.67,53.27,91.28,91.88,3.12,III/II
S2283,Ali,Williams,Female,78.27,46.99,54.69,70.35,97.13,2.02,III/I
S2284,Omar,Smith,Female,75.2,82.57,60.27,84.35,70.86,2.65,I/I
S2285,Emma,Jones,Female,60.16,53.82,42.62,65.16,73.03,3.04,I/I
S2286,Sara,Williams,Female,53.38,64.87,94.29,71.77,79.51,2.18,I/I
S2287,Emma,Johnson,Male,58.57,41.97,70.93,94.78,59.86,2.7,I/I
S2288,Maria,Davis,Male,99.22,48.15,80.26,97.5,96.37,2.07,IV/I
S2289,Ali,Davis,Female,73.43,59.19,44.03,85.94,71.65,2.16,II/I
S2290,Ali,Brown,Male,93.37,60.52,43.25,68.72,58.34,2.79,IV/II
S2291,Ahmed,Johnson,Male,92.44,93.98,75.19,91.0,88.14,2.27,III/I
S2292,Maria,Brown,Female,75.58,84.51,93.24,51.29,60.96,3.14,I/II
S2293,Ali,Williams,Male,85.33,98.33,71.71,55.14,57.18,3.38,III/I
S2294,Maria,Smith,Female,59.64,75.94,92.67,83.07,78.14,3.6,II/I
S2295,Sara,Johnson,Male,84.42,54.5,88.66,64.56,83.57,2.4,I/I
S2296,John,Johnson,Female,63.62,59.66,44.55,97.57,78.48,2.33,II/I
S2297,Ali,Johnson,Male,91.6,59.19,52.12,71.8,82.83,2.21,II/II
S2298,Ahmed,Brown,Male,54.19,59.59,79.46,71.47,55.78,3.27,II/II
S2299,Sara,Williams,Male,88.66,80.38,66.61,83.9,73.8,3.41,IV/II
S2300,Omar,Johnson,Female,55.0,71.85,57.44,88.38,67.85,2.06,IV/I
S2301,Maria,Johnson,Male,94.06,63.13,65.12,73.78,98.67,3.87,III/I
S2302,Omar,Davis,Male,65.21,48.95,66.71,60.7,52.48,2.1,III/I
S2303,Emma,Smith,Female,82.72,41.33,94.63,88.67,64.91,3.08,I/II
S2304,Sara,Davis,Female,74.38,53.13,46.21,66.02,97.09,3.42,IV/I
S2305,Omar,Davis,Male,68.32,46.45,56.78,58.76,99.17,3.74,I/II
S2306,Liam,Smith,Male,82.27,87.13,72.25,81.58,91.25,3.43,II/II
S2307,Liam,Williams,Male,97.38,46.75,81.9,54.52,53.8,3.6,I/I
S2308,Ali,Davis,Male,52.06,83.45,77.84,98.57,78.07,2.68,II/I
S2309,Maria,Williams,Female,95.94,63.14,96.5,81.62,70.01,3.63,I/II
S2310,John,Davis,Male,80.45,44.4,87.74,99.29,90.32,2.16,III/II
S2311,Sara,Jones,Male,90.37,88.76,73.42,66.94,52.75,3.79,I/II
S2312,Ali,Smith,Female,69.19,74.78,52.88,98.56,59.86,3.1,I/I
S2313,Ahmed,Davis,Male,73.59,54.15,67.05,57.28,74.46,3.63,I/I
S2314,Emma,Jones,Male,93.44,93.68,81.6,52.03,57.88,2.9,III/I
S2315,Maria,Brown,Male,70.74,42.72,90.28,51.65,84.64,3.29,II/I
S2316,Sara,Jones,Female,76.73,52.11,97.58,73.24,91.04,3.05,I/I
S2317,Liam,Johnson,Female,51.01,85.12,76.33,54.15,85.23,3.46,IV/I
S2318,Sara,Davis,Male,57.93,82.56,71.62,75.61,72.01,2.16,I/II
S2319,John,Jones,Male,82.08,57.36,41.06,66.38,93.92,2.12,I/II
S2320,Liam,Williams,Female,85.85,43.72,44.33,66.78,56.88,2.49,II/II
S2321,John,Brown,Male,79.13,91.48,49.37,81.78,63.02,2.32,I/I
S2322,Ahmed,Davis,Male,57.17,58.82,43.29,58.15,74.48,3.74,III/II
S2323,Emma,Johnson,Female,72.27,51.74,64.05,88.33,53.07,2.44,III/I
S2324,Ahmed,Jones,Female,67.75,70.96,60.21,79.1,54.78,3.95,II/I
S2325,Ali,Brown,Female,74.78,94.61,78.24,95.75,69.87,2.67,III/II
S2326,Ali,Davis,Male,93.52,42.61,72.14,68.24,97.19,2.36,III/I
S2327,Ahmed,Brown,Male,88.79,85.95,75.76,99.14,95.42,3.58,I/II
S2328,Emma,Johnson,Male,54.2,74.35,68.32,78.79,73.3,3.32,III/II
S2329,Ahmed,Jones,Male,94.52,65.53,56.66,98.67,57.11,3.0,III/I
S2330,Emma,Brown,Female,73.59,84.64,97.17,51.35,58.91,3.11,I/II
S2331,Emma,Brown,Male,87.19,97.95,45.18,86.4,68.88,3.44,I/II
S2332,Omar,Smith,Male,57.0,53.75,96.33,90.83,60.5,2.46,I/II
S2333,Liam,Brown,Female,83.54,48.62,58.67,52.66,54.15,3.99,I/II
S2334,Maria,Smith,Female,61.82,94.77,70.76,78.95,83.69,3.95,IV/I
S2335,Emma,Jones,Male,71.92,80.14,46.53,90.1,79.07,3.3,I/II
S2336,John,Davis,Female,50.84,66.28,44.26,78.05,64.56,2.4,II/II
S2337,Emma,Davis,Female,57.58,74.4,65.77,53.19,88.95,3.36,III/II
S2338,Emma,Jones,Male,54.6,84.74,84.5,84.67,88.8,2.14,III/I
S2339,Emma,Jones,Male,61.99,86.38,56.16,53.03,74.55,2.06,II/II
S2340,Omar,Williams,Male,55.0,95.19,73.74,90.87,54.83,2.52,IV/I
S2341,Liam,Jones,Male,84.6,65.61,56.72,52.15,95.92,2.93,IV/II
S2342,Omar,Brown,Female,51.45,57.6,63.32,56.87,83.43,3.74,IV/II
S2343,Ali,Davis,Female,80.89,78.38,94.39,63.76,62.35,3.45,II/II
S2344,Omar,Johnson,Male,57.04,64.94,91.35,81.67,80.52,3.49,I/I
S2345,John,Davis,Male,97.26,75.68,70.96,98.82,70.25,2.85,I/I
S2346,John,Smith,Female,96.65,65.2,54.29,55.89,81.77,2.69,I/I
S2347,Omar,Davis,Male,61.28,49.18,51.59,57.14,73.69,2.74,II/I
S2348,Liam,Williams,Male,80.72,68.17,97.25,68.44,74.27,3.98,I/I
S2349,Ahmed,Jones,Male,51.4,81.46,52.16,91.81,86.79,2.08,III/I
S2350,Maria,Jones,Male,96.59,87.96,88.49,73.36,80.69,3.73,II/II
S2351,Liam,Davis,Female,76.15,69.6,62.14,66.08,54.0,3.16,III/I
S2352,Omar,Johnson,Male,52.16,49.91,99.14,78.06,53.27,2.88,III/II
S2353,Emma,Johnson,Female,67.12,64.88,62.09,63.03,65.25,3.45,I/I
S2354,Sara,Williams,Male,53.84,87.18,61.09,70.06,71.51,2.97,IV/I
S2355,Maria,Smith,Male,69.65,64.77,78.25,66.63,63.76,3.75,II/I
S2356,Maria,Davis,Female,83.5,81.79,97.69,90.21,82.57,3.8,III/II
S2357,John,Jones,Male,73.49,70.43,98.57,96.21,59.76,2.84,IV/I
S2358,Maria,Davis,Female,69.19,54.47,82.43,87.98,85.21,2.55,II/I
S2359,Omar,Williams,Male,55.96,87.77,85.28,71.95,88.66,3.18,IV/II
S2360,Emma,Brown,Male,62.25,45.05,73.8,75.22,56.22,3.82,III/II
S2361,Emma,Brown,Male,55.01,71.49,85.35,56.25,82.54,2.42,IV/II
S2362,Ali,Williams,Male,90.37,52.53,91.59,87.34,98.07,3.25,II/II
S2363,Emma,Jones,Male,56.76,44.02,69.17,79.82,59.64,3.26,III/I
S2364,Liam,Williams,Female,79.77,70.18,77.19,95.12,95.47,3.47,I/II
S2365,Emma,Jones,Female,67.14,69.97,72.24,60.03,80.3,2.26,III/I
S2366,John,Johnson,Male,61.3,82.41,73.75,87.99,79.55,3.43,I/I
S2367,Emma,Williams,Male,81.97,84.69,93.4,84.23,52.6,3.82,IV/II
S2368,Ali,Jones,Female,72.85,83.67,61.34,63.29,87.42,2.36,IV/I
S2369,Sara,Williams,Female,70.01,64.57,52.49,83.37,73.91,2.48,I/II
S2370,Omar,Williams,Male,79.64,77.9,67.38,96.22,86.06,3.94,II/I
S2371,John,Jones,Male,74.56,74.62,52.49,95.92,90.46,2.36,IV/II
S2372,Liam,Jones,Female,65.17,65.29,69.9,85.98,76.19,3.71,II/II
S2373,Sara,Smith,Male,77.95,75.83,94.21,52.4,63.18,2.98,II/II
S2374,John,Williams,Female,83.47,96.83,77.05,93.61,57.08,2.49,IV/II
S2375,Ahmed,Brown,Male,51.33,51.57,91.33,82.89,58.03,3.74,IV/II
S2376,Maria,Williams,Female,73.29,94.35,49.97,65.52,93.35,2.89,IV/II
S2377,Ahmed,Williams,Female,52.88,43.21,94.05,59.36,56.18,3.03,II/I
S2378,Emma,Jones,Male,59.32,58.5,76.11,55.81,69.23,2.72,I/I
S2379,Sara,Williams,Female,78.03,57.29,41.91,52.51,66.71,3.19,II/I
S2380,Emma,Davis,Male,93.31,77.58,77.99,87.71,93.27,2.33,III/II
S2381,Maria,Williams,Male,94.14,47.87,97.08,61.79,73.88,2.78,IV/I
S2382,John,Davis,Male,53.5,92.94,44.75,51.21,99.82,3.94,IV/II
S2383,Maria,Brown,Male,70.96,89.71,74.95,69.86,86.85,2.52,IV/I
S2384,Ali,Jones,Female,79.15,79.12,94.93,74.13,92.55,3.31,I/I
S2385,Maria,Williams,Male,57.35,67.5,40.58,58.46,54.93,2.65,I/II
S2386,Ali,Davis,Male,88.27,95.98,77.85,52.2,62.66,3.55,II/I
S2387,Maria,Davis,Male,87.21,89.84,68.49,59.46,56.77,2.26,I/I
S2388,Omar,Davis,Male,95.17,69.96,60.82,83.96,73.18,3.94,IV/I
S2389,Ali,Johnson,Female,50.42,82.11,77.65,54.11,85.91,2.91,I/II
S2390,Sara,Smith,Male,60.83,74.02,43.16,77.75,58.45,2.47,II/I
S2391,Emma,Brown,Female,91.36,75.28,85.18,57.32,56.51,2.15,II/II
S2392,Liam,Williams,Female,83.53,59.86,40.27,59.78,80.73,2.34,II/I
S2393,Emma,Johnson,Female,94.72,67.73,58.42,69.65,61.52,3.04,III/I
S2394,Ahmed,Williams,Male,52.86,44.69,70.24,55.04,73.97,2.67,II/I
S2395,Emma,Williams,Male,79.85,61.44,62.62,58.66,52.56,3.66,III/I
S2396,John,Jones,Male,78.45,81.75,58.45,67.45,84.03,2.86,I/II
S2397,Omar,Jones,Male,51.78,97.19,89.85,66.48,77.07,2.5,II/I
S2398,Maria,Jones,Female,75.68,97.78,96.09,87.46,82.37,3.23,I/II
S2399,Ahmed,Johnson,Female,80.48,73.34,92.42,53.74,63.77,3.41,I/II
S2400,John,Williams,Male,59.56,76.4,71.35,93.02,63.93,2.33,IV/I
S2401,John,Smith,Male,63.67,51.14,93.05,90.81,90.07,2.34,I/I
S2402,Ali,Brown,Male,82.02,81.72,95.25,88.3,85.93,2.07,I/II
S2403,Emma,Jones,Male,73.42,44.24,64.55,65.47,78.99,3.47,I/II
S2404,Sara,Jones,Male,92.9,57.08,57.01,91.14,81.41,3.33,IV/I
S2405,Liam,Williams,Male,67.12,80.1,45.9,59.14,54.7,2.95,IV/I
S2406,Sara,Williams,Male,63.33,58.62,68.75,56.22,92.81,3.69,II/I
S2407,Ahmed,Johnson,Female,99.24,42.99,96.78,52.25,88.5,3.61,IV/I
S2408,Omar,Johnson,Female,95.56,89.91,73.65,96.97,79.52,3.17,II/I
S2409,Sara,Jones,Female,51.45,58.62,80.05,65.4,95.93,3.74,II/II
S2410,Maria,Williams,Female,88.54,43.79,46.77,95.88,58.43,2.41,IV/I
S2411,Sara,Smith,Male,55.52,44.49,48.61,63.63,84.33,2.22,I/I
S2412,Ahmed,Brown,Male,51.37,55.11,67.87,95.38,98.15,2.54,I/II
S2413,Liam,Williams,Male,63.68,50.68,97.08,95.2,65.5,2.11,I/I
S2414,Sara,Williams,Male,63.47,86.46,61.65,96.18,50.76,3.06,III/I
S2415,Maria,Davis,Male,90.97,59.3,92.65,74.81,86.74,3.87,IV/II
S2416,Ali,Johnson,Female,85.53,88.28,47.22,93.3,50.35,2.08,IV/I
S2417,Omar,Brown,Male,99.08,50.43,77.02,97.54,93.63,2.24,I/II
S2418,Ahmed,Jones,Female,85.58,69.57,76.04,66.23,52.82,2.9,I/I
S2419,Ali,Williams,Male,70.91,81.28,91.59,70.94,82.64,3.87,IV/I
S2420,Ali,Jones,Female,84.95,79.12,40.2,85.96,68.86,2.63,IV/I
S2421,Ali,Williams,Male,99.97,76.07,51.4,65.02,60.17,3.01,IV/II
S2422,John,Jones,Female,85.51,95.49,53.18,87.69,94.91,2.08,II/II
S2423,Omar,Brown,Male,88.08,53.71,97.0,53.69,87.31,2.3,II/II
S2424,Liam,Johnson,Male,96.92,69.62,49.22,76.17,67.02,3.97,I/II
S2425,Emma,Brown,Male,55.68,93.04,42.22,56.12,64.21,3.93,III/I
S2426,Omar,Davis,Male,85.24,44.67,72.07,64.67,86.8,2.01,II/II
S2427,John,Smith,Female,92.54,43.35,71.71,62.93,91.83,3.9,IV/II
S2428,Emma,Johnson,Male,97.72,54.0,90.64,91.95,85.79,3.28,II/II
S2429,Omar,Brown,Female,60.55,77.98,96.93,59.68,82.0,3.74,III/I
S2430,Ali,Davis,Male,75.2,55.59,72.31,90.42,61.4,2.91,I/I
S2431,Ahmed,Smith,Female,84.03,51.41,95.8,89.7,92.64,3.03,II/II
S2432,Emma,Davis,Male,62.37,67.53,83.51,74.94,87.48,2.98,IV/II
S2433,Maria,Williams,Male,80.02,76.82,55.87,61.69,75.86,3.33,II/I
S2434,Maria,Williams,Female,62.88,54.91,95.71,61.34,75.58,2.28,IV/II
S2435,Sara,Jones,Male,66.67,58.04,80.05,73.25,78.46,2.06,III/II
S2436,Emma,Johnson,Male,72.08,76.81,64.85,50.44,91.41,2.62,III/II
S2437,Ahmed,Williams,Female,76.46,96.74,80.81,76.57,87.11,3.41,II/II
S2438,Liam,Davis,Male,72.47,80.48,64.08,97.64,92.81,2.4,I/I
S2439,John,Johnson,Female,74.66,86.97,46.85,57.74,75.36,3.35,IV/I
S2440,Ali,Williams,Male,64.93,62.01,83.14,78.67,81.23,3.94,I/I
S2441,Sara,Jones,Female,57.95,56.34,89.45,98.09,92.73,2.19,IV/II
S2442,Maria,Brown,Female,52.37,67.26,83.73,93.03,61.62,3.35,I/II
S2443,John,Jones,Female,59.8,88.43,53.75,92.52,72.2,2.89,II/I
S2444,John,Smith,Female,79.1,67.38,97.4,91.09,81.03,3.74,I/I
S2445,Ali,Williams,Male,89.31,90.8,41.52,65.45,95.76,2.35,III/I
S2446,Liam,Smith,Male,58.46,99.33,59.96,94.53,50.79,3.39,IV/II
S2447,Liam,Smith,Female,55.43,44.32,55.61,97.07,60.63,3.68,II/I
S2448,Emma,Davis,Male,87.46,42.72,42.89,74.79,61.72,3.89,III/II
S2449,Maria,Johnson,Male,65.26,48.98,64.34,67.73,66.33,3.37,IV/II
S2450,Liam,Davis,Male,97.57,63.06,77.39,70.71,64.09,2.99,II/I
S2451,Ahmed,Williams,Female,85.72,47.86,92.95,66.71,79.51,3.24,III/I
S2452,Liam,Smith,Male,66.34,92.24,99.38,60.62,94.28,3.74,II/II
S2453,John,Brown,Male,64.48,41.39,88.49,80.92,81.85,3.14,III/I
S2454,Ali,Smith,Female,76.18,58.95,68.12,78.13,62.08,2.06,III/I
S2455,Ahmed,Brown,Male,53.96,51.08,83.42,73.13,93.19,3.86,II/II
S2456,Emma,Davis,Female,55.88,95.89,90.62,54.79,81.6,3.38,II/II
S2457,Maria,Davis,Female,58.79,80.17,67.92,89.84,60.95,3.35,II/II
S2458,Emma,Johnson,Female,88.74,94.72,87.1,58.75,68.08,2.43,II/II
S2459,John,Smith,Male,75.69,98.34,68.96,55.73,89.5,3.32,II/II
S2460,Ahmed,Jones,Male,50.53,69.83,63.19,81.15,86.95,2.79,III/I
S2461,Ahmed,Davis,Female,83.68,54.06,71.57,69.93,78.83,3.3,I/II
S2462,Ahmed,Davis,Female,71.18,51.62,80.55,52.99,57.24,2.21,I/II
S2463,John,Johnson,Female,75.54,53.38,83.61,67.78,90.16,3.32,IV/II
S2464,John,Brown,Female,60.71,82.52,61.4,88.59,65.38,4.0,I/I
S2465,Emma,Johnson,Female,77.59,42.43,74.28,80.76,88.58,2.1,I/II
S2466,Sara,Smith,Female,98.96,43.08,94.59,68.14,82.38,3.95,III/II
S2467,Emma,Williams,Male,53.67,76.49,98.58,59.59,63.21,2.81,I/II
S2468,Maria,Williams,Female,64.2,78.52,53.63,81.59,60.62,3.74,III/I
S2469,Ali,Brown,Female,62.15,79.92,51.57,94.38,56.55,3.56,II/II
S2470,Ahmed,Davis,Female,62.43,62.31,80.6,82.31,62.1,3.13,IV/II
S2471,Sara,Brown,Male,68.94,88.36,64.88,90.65,57.89,3.48,II/II
S2472,Ali,Davis,Male,90.91,72.02,41.45,76.08,80.85,3.76,IV/I
S2473,Sara,Davis,Male,95.64,46.33,60.81,85.9,79.94,2.81,IV/I
S2474,Liam,Williams,Male,60.11,87.83,88.4,94.81,79.31,2.65,IV/I
S2475,Liam,Brown,Female,77.15,97.18,87.85,88.66,82.09,3.34,III/I
S2476,Omar,Johnson,Male,81.84,43.6,69.68,95.49,90.74,3.62,III/II
S2477,Liam,Davis,Female,76.09,63.48,68.35,71.56,95.68,3.52,I/II
S2478,Emma,Jones,Female,71.7,69.25,74.77,95.21,61.52,3.6,III/I
S2479,Liam,Jones,Female,59.6,48.79,53.16,81.08,79.39,2.87,I/I
S2480,John,Johnson,Female,74.41,92.06,71.56,93.5,53.92,3.64,IV/II
S2481,Ahmed,Jones,Female,70.06,57.05,40.66,51.97,56.01,2.24,II/II
S2482,Emma,Smith,Female,89.78,86.98,68.53,82.89,82.72,3.09,IV/I
S2483,Ali,Davis,Male,88.18,80.26,60.16,92.4,74.33,2.01,II/I
S2484,Omar,Johnson,Male,56.7,75.88,80.49,58.71,87.92,2.65,I/I
S2485,Omar,Brown,Male,54.43,51.53,78.3,83.09,71.28,2.73,IV/I
S2486,Omar,Davis,Male,95.41,53.24,62.85,91.25,56.38,2.79,III/II
S2487,Ali,Johnson,Male,76.78,42.84,40.44,64.4,93.6,3.39,I/I
S2488,Ali,Williams,Female,92.89,54.44,55.14,70.26,54.14,2.78,III/I
S2489,Ali,Brown,Male,52.91,60.73,78.0,78.48,59.45,2.9,I/II
S2490,Ali,Williams,Male,76.33,89.99,44.34,75.96,63.85,2.48,II/II
S2491,Omar,Davis,Male,76.97,61.98,46.46,51.96,99.76,2.75,IV/II
S2492,Omar,Brown,Female,93.04,85.28,78.82,54.93,70.84,2.45,III/II
S2493,Sara,Jones,Female,54.88,66.37,85.35,55.02,75.09,2.15,III/II
S2494,Emma,Johnson,Female,62.02,87.09,59.29,63.11,88.48,3.21,II/I
S2495,Ahmed,Davis,Male,70.33,98.58,69.38,62.29,81.82,3.34,I/I
S2496,Liam,Smith,Male,93.29,54.39,96.74,87.11,92.07,3.24,II/I
S2497,Liam,Brown,Male,96.94,91.74,96.73,78.64,74.32,2.93,I/II
S2498,John,Brown,Male,99.64,77.31,58.45,88.2,98.61,2.76,IV/I
S2499,Omar,Davis,Male,97.96,89.04,88.6,53.49,89.84,3.73,I/II
S2500,John,Davis,Female,50.3,79.1,75.64,74.26,70.07,3.04,IV/I
S2501,Emma,Williams,Male,52.39,65.44,98.53,66.19,69.06,2.96,II/I
S2502,Emma,Jones,Female,57.38,53.68,68.66,92.5,96.47,2.05,II/II
S2503,John,Williams,Male,67.44,44.2,86.48,85.39,84.22,2.68,I/II
S2504,Omar,Williams,Female,91.5,72.13,86.09,93.46,81.07,2.76,II/I
S2505,John,Jones,Female,94.63,99.42,69.85,52.32,87.89,2.8,I/I
S2506,Liam,Smith,Female,59.34,84.28,87.74,86.04,78.04,3.16,II/I
S2507,Sara,Williams,Female,80.98,59.64,55.66,77.0,57.96,3.07,II/I
S2508,Liam,Williams,Male,95.87,89.63,47.34,91.25,65.96,3.22,III/I
S2509,Maria,Brown,Male,73.19,86.14,65.51,75.36,77.9,3.53,I/II
S2510,Omar,Jones,Male,55.18,56.9,96.62,77.01,50.91,3.63,IV/II
S2511,Omar,Johnson,Female,72.89,40.86,70.04,52.59,71.87,3.44,II/II
S2512,Ahmed,Smith,Male,68.79,47.09,78.12,83.43,87.79,3.91,II/II
S2513,Ali,Smith,Male,78.88,92.64,77.45,63.66,58.21,2.04,III/I
S2514,Maria,Jones,Male,71.93,90.19,47.95,50.98,53.23,2.39,IV/I
S2515,Emma,Davis,Male,50.87,57.71,63.42,53.32,91.8,2.02,III/II
S2516,Omar,Davis,Female,99.7,57.11,82.42,97.86,80.86,3.29,IV/I
S2517,John,Brown,Female,77.18,87.57,98.32,67.3,58.83,3.8,II/II
S2518,Maria,Brown,Male,73.68,96.26,50.08,93.4,90.32,2.49,II/I
S2519,Ahmed,Jones,Male,97.73,86.75,64.63,97.98,82.91,3.85,III/I
S2520,Emma,Brown,Male,57.79,76.33,45.71,97.16,66.71,2.12,I/I
S2521,Ali,Smith,Female,59.46,54.56,54.54,94.09,68.81,3.87,I/II
S2522,Ali,Smith,Female,90.4,71.54,62.61,94.74,57.79,2.7,I/II
S2523,Ahmed,Johnson,Female,63.04,54.01,72.44,64.45,91.76,2.2,IV/II
S2524,Ahmed,Davis,Male,89.96,88.48,53.83,57.57,75.45,2.97,I/II
S2525,John,Jones,Female,63.58,63.22,53.65,81.96,77.85,2.51,II/I
S2526,Omar,Williams,Female,51.66,90.02,86.67,74.41,94.17,2.57,I/I
S2527,Ali,Davis,Female,75.85,62.9,97.76,54.94,50.79,2.61,III/I
S2528,Emma,Williams,Female,59.83,89.45,59.42,83.88,53.35,3.61,III/I
S2529,Maria,Johnson,Female,87.89,60.0,81.28,78.14,58.08,3.08,I/II
S2530,Emma,Johnson,Male,82.06,66.41,55.48,93.15,51.5,2.62,I/I
S2531,Sara,Brown,Male,96.18,76.93,95.68,80.46,82.91,3.22,I/I
S2532,Sara,Johnson,Male,89.15,44.22,80.37,78.7,81.69,3.43,I/I
S2533,Ahmed,Johnson,Male,59.04,96.89,88.16,72.04,60.54,2.55,II/II
S2534,John,Williams,Female,90.01,74.42,42.96,73.14,57.47,2.83,II/II
S2535,Sara,Brown,Male,82.09,70.47,75.91,97.72,57.28,2.24,I/II
S2536,Ali,Johnson,Male,83.45,90.36,71.66,56.92,97.66,2.36,I/I
S2537,Emma,Davis,Male,91.61,91.95,57.58,72.31,84.68,3.36,III/II
S2538,Emma,Johnson,Female,78.69,71.34,55.75,82.79,79.27,2.36,I/I
S2539,Ahmed,Brown,Male,73.3,95.64,74.8,71.65,66.12,3.05,III/I
S2540,Omar,Jones,Female,81.83,43.88,82.39,64.16,71.65,3.42,III/I
S2541,Omar,Brown,Female,64.9,46.79,41.99,64.37,54.47,2.21,I/II
S2542,Maria,Williams,Female,59.13,75.81,74.04,61.68,99.91,3.13,III/II
S2543,Ahmed,Jones,Male,80.83,61.24,50.23,67.2,87.75,2.51,I/I
S2544,Liam,Davis,Female,61.69,67.85,48.42,93.58,81.07,3.93,IV/I
S2545,Maria,Smith,Male,54.0,59.68,77.39,75.26,79.39,2.97,III/II
S2546,Liam,Brown,Male,50.03,64.28,58.65,62.01,75.22,3.61,IV/II
S2547,Omar,Williams,Male,80.42,89.36,66.45,69.23,62.87,3.1,I/II
S2548,Ahmed,Davis,Female,68.11,75.61,61.6,55.29,61.32,2.09,III/I
S2549,Liam,Jones,Female,87.62,99.84,78.9,95.2,77.48,3.27,IV/I
S2550,Ahmed,Davis,Male,68.76,87.21,68.21,70.41,53.51,3.9,III/I
S2551,Ahmed,Brown,Female,74.3,56.42,97.81,99.02,53.72,3.2,II/II
S2552,Omar,Johnson,Female,70.35,55.86,61.14,67.38,78.04,3.64,I/II
S2553,Maria,Brown,Female,82.53,60.15,84.42,91.82,95.99,3.77,I/II
S2554,Maria,Smith,Male,67.81,90.6,55.44,62.82,95.71,2.46,I/I
S2555,Ahmed,Brown,Female,98.19,41.64,70.53,53.81,50.54,2.42,I/I
S2556,Sara,Jones,Female,96.81,53.81,73.15,51.59,55.37,3.22,II/II
S2557,John,Jones,Male,92.4,94.3,59.75,80.31,79.15,2.82,IV/I
S2558,Omar,Brown,Female,96.02,78.39,68.31,65.58,92.42,3.68,IV/II
S2559,John,Jones,Male,72.46,53.61,56.76,72.18,97.72,3.8,II/I
S2560,John,Johnson,Female,76.82,53.15,40.36,90.93,93.03,2.71,III/II
S2561,Maria,Davis,Female,87.1,91.76,52.94,62.41,83.88,2.47,II/I
S2562,Maria,Brown,Female,84.81,93.63,82.0,65.43,60.03,3.56,II/I
S2563,Sara,Johnson,Female,94.53,55.37,86.26,92.27,53.63,2.55,I/II
S2564,John,Davis,Female,85.82,65.23,56.81,74.64,52.38,3.65,III/II
S2565,John,Davis,Female,99.89,90.08,64.48,91.38,80.6,2.85,I/II
S2566,Ahmed,Johnson,Male,67.43,86.26,42.24,68.72,51.81,3.34,IV/II
S2567,Maria,Williams,Female,91.65,88.83,54.22,69.92,86.96,2.19,III/II
S2568,John,Brown,Female,84.88,71.1,86.75,58.36,85.62,3.25,III/I
S2569,Emma,Davis,Female,84.57,94.69,76.36,95.82,53.98,2.9,I/II
S2570,Sara,Davis,Male,66.29,59.56,52.35,94.84,95.33,3.17,I/II
S2571,Liam,Jones,Male,89.28,49.4,55.45,99.21,76.1,2.34,I/II
S2572,Emma,Davis,Male,95.02,82.52,89.01,70.12,95.22,3.47,IV/I
S2573,Emma,Johnson,Female,60.93,72.36,52.55,90.93,95.08,3.73,II/II
S2574,Liam,Davis,Female,81.27,91.28,60.05,70.75,59.85,2.43,I/II
S2575,Omar,Williams,Male,69.61,44.87,79.86,72.71,69.03,2.19,IV/II
S2576,Omar,Brown,Male,99.48,90.62,73.67,91.5,56.73,2.05,I/I
S2577,Sara,Brown,Male,73.94,57.6,67.65,58.87,88.75,3.28,I/I
S2578,Emma,Davis,Female,61.42,79.29,93.98,61.02,75.21,3.21,III/II
S2579,John,Smith,Male,69.09,42.41,53.18,65.74,96.44,3.09,III/I
S2580,Maria,Smith,Female,82.69,76.57,84.49,89.41,60.41,2.46,II/II
S2581,Sara,Johnson,Female,53.8,83.04,49.54,68.63,84.42,2.78,IV/I
S2582,Ahmed,Smith,Female,80.18,62.13,76.94,67.91,99.46,3.19,III/II
S2583,Liam,Johnson,Male,96.56,52.92,92.24,99.94,83.27,2.99,I/I
S2584,Emma,Jones,Female,92.52,72.26,67.47,69.19,53.44,3.98,II/II
S2585,Sara,Johnson,Male,53.38,89.99,83.46,62.39,79.42,2.27,II/II
S2586,Ali,Smith,Male,99.67,59.41,89.22,81.16,58.99,3.39,III/I
S2587,Ali,Davis,Male,84.94,55.15,48.16,90.09,51.53,2.81,IV/II
S2588,Omar,Jones,Male,58.11,56.74,82.35,53.48,66.75,2.86,II/II
S2589,Liam,Smith,Female,50.62,96.95,95.19,80.94,63.31,3.44,I/II
S2590,Maria,Johnson,Female,58.56,61.56,74.58,51.79,89.44,3.38,II/II
S2591,John,Williams,Female,91.91,40.22,51.17,76.32,68.68,3.98,III/I
S2592,Maria,Brown,Female,51.08,86.9,47.62,62.85,86.65,2.26,III/II
S2593,Maria,Smith,Male,61.66,81.96,55.58,65.33,50.81,2.21,III/I
S2594,Maria,Johnson,Male,87.87,47.71,46.21,73.35,50.74,3.45,IV/I
S2595,Liam,Jones,Male,79.31,99.09,70.8,96.36,51.47,3.16,III/I
S2596,Maria,Smith,Male,89.14,76.48,44.18,85.53,60.97,2.55,I/I
S2597,Ahmed,Smith,Female,87.31,70.05,53.4,96.84,68.7,2.16,I/II
S2598,Liam,Brown,Male,52.53,62.93,66.39,83.0,80.39,2.17,IV/II
S2599,Ahmed,Johnson,Female,94.63,93.92,68.43,50.36,99.3,3.79,I/I
S2600,Liam,Williams,Male,61.35,54.64,73.92,63.28,67.72,2.38,III/II
S2601,Omar,Jones,Male,77.67,57.15,82.34,95.29,52.78,2.65,II/I
S2602,Sara,Johnson,Male,82.21,47.34,42.83,82.17,59.75,2.45,III/II
S2603,Ali,Jones,Male,58.43,85.55,44.84,99.08,94.89,2.71,I/II
S2604,Maria,Smith,Female,98.81,75.73,43.65,57.8,84.97,2.14,II/II
S2605,Omar,Brown,Female,74.41,76.54,65.39,64.84,89.51,3.04,III/I
S2606,Sara,Brown,Female,52.88,53.11,42.51,68.12,56.21,2.14,II/I
S2607,Ali,Davis,Female,96.86,79.07,84.76,66.33,56.75,3.6,I/II
S2608,Emma,Williams,Male,79.31,85.93,53.38,62.6,55.61,2.47,I/I
S2609,John,Brown,Male,84.96,61.47,96.35,72.17,92.86,3.08,III/I
S2610,Ahmed,Smith,Female,76.26,88.08,69.18,82.11,60.5,3.76,III/II
S2611,Emma,Williams,Female,91.74,60.93,66.78,65.56,82.16,3.3,I/I
S2612,Liam,Johnson,Male,51.66,85.49,86.83,53.98,75.81,3.07,I/II
S2613,Ali,Brown,Male,63.42,42.02,82.79,85.43,77.22,2.65,I/II
S2614,Emma,Williams,Female,73.48,73.07,76.44,72.95,59.77,2.67,III/II
S2615,John,Smith,Female,53.83,98.17,96.11,77.82,81.76,3.34,II/I
S2616,Omar,Davis,Female,85.3,98.87,65.34,72.77,52.16,3.99,III/II
S2617,Ali,Jones,Male,69.68,56.91,88.51,94.52,99.67,3.32,II/II
S2618,Emma,Jones,Female,63.63,66.48,62.81,77.94,51.34,3.12,I/I
S2619,Ahmed,Smith,Female,50.17,43.78,90.3,96.16,52.51,3.46,II/I
S2620,Ahmed,Smith,Female,85.99,92.4,55.57,75.53,66.23,2.93,III/I
S2621,Sara,Jones,Female,91.69,74.11,57.36,64.63,91.58,2.12,IV/I
S2622,Emma,Davis,Female,69.75,63.11,80.67,67.77,62.86,3.12,II/II
S2623,Maria,Williams,Male,78.21,46.77,52.76,76.11,73.6,3.92,II/I
S2624,Emma,Jones,Female,61.38,96.81,53.75,76.5,50.9,2.35,IV/I
S2625,Omar,Smith,Male,81.11,71.81,58.32,84.37,53.94,3.38,IV/I
S2626,Ali,Brown,Female,50.61,56.98,80.74,61.22,80.4,2.4,I/I
S2627,Ali,Johnson,Female,74.43,61.01,93.36,82.94,59.72,3.07,I/II
S2628,Omar,Davis,Female,82.21,56.24,80.47,88.93,84.71,2.19,III/I
S2629,Emma,Davis,Male,95.91,76.11,89.67,83.83,89.27,2.9,III/II
S2630,Omar,Brown,Male,69.07,95.8,72.61,74.09,92.52,3.51,I/I
S2631,John,Brown,Male,88.26,91.4,44.14,99.58,56.69,2.7,II/II
S2632,Liam,Smith,Female,79.88,67.62,46.03,70.24,72.78,3.33,IV/II
S2633,Omar,Jones,Female,96.35,89.59,73.26,55.33,97.35,3.59,IV/I
S2634,Ahmed,Williams,Male,69.92,65.39,59.67,91.08,88.6,3.85,II/II
S2635,Omar,Davis,Male,65.95,55.14,53.23,60.61,55.85,2.47,IV/I
S2636,Ali,Davis,Female,94.36,99.0,67.98,85.66,75.13,2.8,I/II
S2637,Ahmed,Brown,Male,52.46,58.23,79.99,58.95,96.12,2.3,IV/II
S2638,Ali,Jones,Female,56.82,59.42,63.1,50.84,72.0,3.98,I/II
S2639,Sara,Davis,Male,54.12,99.38,88.15,57.99,91.87,3.85,III/I
S2640,Maria,Williams,Male,92.16,48.04,84.31,68.85,74.79,3.08,III/II
S2641,Ali,Brown,Male,50.53,85.63,84.09,55.33,55.34,3.68,III/I
S2642,Ahmed,Williams,Female,93.08,96.15,99.11,59.88,57.39,3.04,I/II
S2643,Sara,Jones,Female,72.56,70.71,57.71,88.23,52.33,3.25,I/II
S2644,Ali,Davis,Male,50.2,40.15,78.68,88.49,59.77,2.18,II/II
S2645,John,Johnson,Female,70.08,62.5,91.33,90.87,94.68,3.51,I/II
S2646,Omar,Davis,Female,59.34,46.69,74.77,92.06,82.51,2.26,IV/II
S2647,Maria,Jones,Female,81.22,64.97,87.37,71.02,86.94,3.65,IV/II
S2648,Ali,Davis,Female,83.97,87.4,64.87,93.38,81.08,3.56,II/I
S2649,Sara,Davis,Male,74.38,66.32,75.43,76.3,69.33,3.42,IV/I
S2650,John,Smith,Female,52.03,65.92,43.34,73.53,60.84,2.07,I/I
S2651,Emma,Davis,Female,82.81,73.41,99.15,85.93,96.28,2.61,I/II
S2652,Sara,Davis,Male,92.1,74.9,88.0,60.69,75.74,2.53,III/I
S2653,Omar,Williams,Female,86.02,91.38,92.13,89.47,74.05,2.72,III/II
S2654,Sara,Johnson,Female,91.5,58.5,81.66,71.47,99.81,2.18,IV/I
S2655,John,Williams,Female,60.03,89.3,51.16,56.36,69.2,3.87,IV/I
S2656,Sara,Williams,Male,94.44,73.96,41.86,55.97,92.71,3.11,III/II
S2657,John,Brown,Male,66.11,58.03,91.88,58.25,93.12,2.61,III/II
S2658,Ali,Smith,Female,50.67,57.71,63.78,94.53,61.63,2.79,IV/I
S2659,Liam,Williams,Female,92.17,61.67,55.83,99.55,54.74,2.89,II/I
S2660,John,Jones,Male,97.09,77.36,73.7,67.85,98.78,3.2,III/I
S2661,John,Jones,Male,82.78,53.85,65.25,64.61,71.29,3.03,II/I
S2662,Maria,Davis,Male,61.57,95.22,79.1,60.94,50.11,3.84,I/II
S2663,John,Brown,Female,62.59,74.49,69.03,91.19,74.95,2.99,I/I
S2664,John,Smith,Female,73.33,95.2,81.83,60.46,80.97,3.98,III/II
S2665,Emma,Smith,Male,94.89,42.78,91.21,96.2,88.8,3.7,IV/II
S2666,Liam,Davis,Female,57.48,60.56,51.73,83.37,97.15,2.42,III/I
S2667,Ali,Jones,Female,91.3,41.37,59.77,94.86,95.76,3.86,III/II
S2668,Omar,Johnson,Female,64.57,56.34,66.21,77.7,97.01,2.23,II/I
S2669,Maria,Brown,Female,90.43,91.72,97.72,84.53,51.61,3.63,II/II
S2670,Emma,Davis,Female,96.01,42.2,61.92,80.97,85.59,2.76,I/II
S2671,Ahmed,Brown,Female,71.37,66.17,62.87,91.56,61.29,3.76,I/I
S2672,Liam,Jones,Female,68.25,47.05,79.21,91.79,59.38,3.74,I/II
S2673,Ali,Jones,Male,90.11,65.01,65.15,79.49,90.02,3.61,II/II
S2674,Ali,Johnson,Male,76.47,90.33,97.07,81.63,70.86,3.58,I/I
S2675,Ahmed,Johnson,Male,84.22,77.38,93.67,96.09,95.83,2.61,II/II
S2676,Omar,Smith,Male,81.14,84.21,70.8,96.49,52.12,2.16,I/II
S2677,John,Brown,Male,57.64,60.95,78.69,83.21,90.11,2.81,II/I
S2678,Emma,Brown,Male,92.24,96.66,43.48,50.39,56.84,2.35,IV/I
S2679,Sara,Jones,Male,59.79,82.56,81.74,55.22,58.83,3.39,I/II
S2680,Maria,Smith,Male,96.61,65.31,82.43,92.9,73.87,2.69,I/II
S2681,Sara,Davis,Male,62.53,65.59,61.55,54.24,69.78,3.95,I/II
S2682,Ahmed,Brown,Female,86.69,95.12,53.18,60.68,74.31,3.28,III/I
S2683,Ali,Smith,Female,64.23,74.58,94.9,61.53,97.0,3.64,II/II
S2684,Omar,Smith,Male,65.89,82.38,65.6,80.01,82.87,2.27,IV/II
S2685,Ali,Jones,Female,65.5,65.02,79.22,78.83,64.52,3.72,II/II
S2686,Maria,Smith,Female,87.39,53.42,42.0,64.47,58.65,3.85,III/II
S2687,Ali,Johnson,Male,77.84,83.41,64.84,60.38,71.0,2.97,II/II
S2688,Ali,Johnson,Male,94.15,76.47,89.04,88.23,72.58,3.21,III/II
S2689,Maria,Williams,Male,65.37,70.08,63.25,96.77,80.06,3.53,III/I
S2690,Emma,Jones,Female,84.6,77.44,76.19,52.64,63.3,2.35,II/I
S2691,Emma,Davis,Female,87.65,52.5,52.59,56.66,88.38,3.01,III/II
S2692,Maria,Williams,Male,57.57,87.64,64.99,82.11,54.92,2.8,I/II
S2693,Omar,Johnson,Female,70.03,96.89,95.66,90.22,78.02,2.29,II/I
S2694,Ahmed,Williams,Female,74.14,93.47,73.99,89.56,81.18,2.74,IV/I
S2695,Liam,Jones,Female,67.78,59.29,94.12,85.98,60.34,2.14,III/I
S2696,Ali,Jones,Male,66.11,64.36,94.12,94.37,91.3,2.05,II/II
S2697,Omar,Smith,Female,84.32,88.5,96.65,60.87,80.77,2.27,III/II
S2698,Ali,Brown,Female,60.79,75.71,93.72,55.36,82.29,3.93,IV/II
S2699,Liam,Smith,Female,85.47,72.87,40.2,80.77,74.89,3.1,I/II
S2700,Ahmed,Jones,Female,96.75,95.6,96.04,91.11,95.48,3.93,I/I
S2701,Emma,Johnson,Female,78.26,72.16,48.25,79.1,84.7,2.86,IV/I
S2702,Omar,Davis,Female,80.57,70.9,42.4,98.15,69.09,2.62,I/I
S2703,John,Johnson,Female,53.45,42.52,43.32,89.78,61.93,3.01,II/I
S2704,John,Smith,Male,93.22,44.17,60.93,85.04,53.55,2.88,II/II
S2705,Liam,Davis,Male,64.27,40.45,77.25,53.01,58.27,2.21,IV/II
S2706,John,Jones,Female,80.75,94.79,64.14,55.39,99.63,3.28,I/I
S2707,Emma,Johnson,Male,98.96,64.5,41.53,89.24,70.34,2.43,II/I
S2708,Liam,Jones,Female,79.78,68.11,68.59,59.91,94.93,3.24,III/I
S2709,Emma,Davis,Female,86.24,90.72,66.53,51.44,58.53,3.3,II/I
S2710,Ahmed,Davis,Female,72.27,76.55,85.41,95.54,71.27,2.3,IV/I
S2711,Ali,Johnson,Male,53.02,76.57,56.78,94.54,98.03,2.12,IV/II
S2712,Ahmed,Jones,Female,89.88,57.79,53.05,60.92,54.56,3.56,IV/II
S2713,Ahmed,Williams,Female,51.75,90.03,55.36,89.01,79.7,2.92,II/I
S2714,Emma,Jones,Male,85.03,49.95,58.22,52.4,95.96,2.12,IV/I
S2715,Liam,Davis,Male,51.15,43.19,75.95,64.25,97.48,3.99,II/I
S2716,Liam,Jones,Female,93.12,51.5,68.29,81.18,92.3,2.12,IV/II
S2717,John,Smith,Male,57.88,56.06,60.21,88.16,92.8,3.39,IV/II
S2718,Sara,Williams,Male,75.71,56.94,62.46,50.52,82.61,3.97,I/II
S2719,Ali,Brown,Female,79.86,80.23,62.26,66.31,61.02,2.48,II/I
S2720,Emma,Smith,Female,72.88,53.07,98.34,60.72,86.53,2.28,III/II
S2721,John,Brown,Female,67.04,80.6,53.98,99.94,98.92,2.24,II/I
S2722,Omar,Johnson,Male,73.39,45.47,89.08,83.55,76.3,2.61,IV/II
S2723,Sara,Brown,Male,65.57,48.83,82.49,70.28,63.03,2.2,I/II
S2724,Sara,Jones,Male,71.91,70.53,40.33,53.78,78.67,3.38,I/II
S2725,Emma,Brown,Female,67.95,95.31,99.59,79.93,84.53,2.12,III/I
S2726,Maria,Davis,Male,78.31,91.57,85.39,82.09,60.41,3.02,IV/I
S2727,Ali,Smith,Male,61.9,98.13,80.95,90.82,85.96,3.99,II/II
S2728,Sara,Smith,Female,99.43,79.03,64.32,64.43,79.37,3.63,I/I
S2729,Emma,Brown,Female,75.04,80.55,73.31,99.07,80.62,3.23,I/I
S2730,Emma,Smith,Female,59.71,77.5,55.2,71.97,65.3,2.61,II/I
S2731,John,Davis,Male,73.85,77.37,42.13,64.8,57.76,3.25,III/I
S2732,Omar,Smith,Female,93.32,48.83,90.16,67.42,81.17,3.05,II/I
S2733,Maria,Brown,Male,51.09,72.62,93.79,75.98,79.31,2.85,I/I
S2734,Ali,Williams,Male,83.98,63.16,49.75,96.84,66.9,2.26,IV/I
S2735,Liam,Williams,Female,77.4,66.55,87.22,86.76,64.79,3.77,IV/II
S2736,Ahmed,Johnson,Female,58.48,71.42,84.47,78.86,67.36,2.9,IV/I
S2737,Omar,Smith,Female,90.87,47.7,50.7,58.14,74.49,2.39,IV/I
S2738,Omar,Brown,Female,68.44,61.57,65.31,57.47,98.74,2.74,I/II
S2739,John,Smith,Female,64.69,43.81,65.37,75.11,88.18,2.83,IV/II
S2740,Liam,Jones,Male,91.41,98.78,85.6,86.44,92.59,3.66,II/II
S2741,Sara,Davis,Male,81.93,47.11,90.26,87.55,75.28,3.47,IV/II
S2742,Sara,Smith,Male,94.91,55.51,45.69,61.3,76.31,3.54,III/I
S2743,John,Smith,Female,81.49,93.48,73.78,55.0,60.22,2.02,I/II
S2744,Emma,Williams,Male,87.04,68.96,85.7,69.22,86.05,2.83,II/II
S2745,Sara,Davis,Female,91.82,48.14,87.17,95.91,71.08,2.96,III/I
S2746,Maria,Brown,Female,52.74,63.05,48.88,77.27,87.12,2.04,III/I
S2747,Ali,Smith,Male,88.8,46.95,71.53,66.0,70.45,2.52,I/I
S2748,Omar,Williams,Male,80.69,52.01,91.45,66.18,55.43,3.52,I/II
S2749,Omar,Johnson,Female,53.48,43.12,59.11,56.6,58.65,2.27,III/I
S2750,Maria,Davis,Male,75.43,66.29,65.51,73.66,90.58,3.07,III/II
S2751,Liam,Williams,Female,54.12,88.4,88.26,89.57,62.93,2.43,IV/I
S2752,Sara,Williams,Male,86.8,75.16,45.36,98.43,63.22,2.02,III/I
S2753,Omar,Williams,Male,77.33,76.38,91.57,75.08,96.47,2.48,II/II
S2754,Ahmed,Smith,Male,97.68,52.04,58.67,58.36,82.88,3.95,I/I
S2755,Liam,Smith,Male,59.16,60.63,40.09,84.15,55.72,3.6,II/I
S2756,Ali,Johnson,Male,80.3,90.71,54.05,87.84,57.18,3.92,IV/I
S2757,Ali,Jones,Female,60.58,45.27,45.37,53.58,63.62,2.98,I/I
S2758,Omar,Jones,Male,80.7,91.48,45.54,92.51,79.7,2.22,II/I
S2759,John,Jones,Male,86.13,69.02,81.57,91.47,87.64,3.1,I/II
S2760,Liam,Davis,Male,86.12,90.23,52.84,73.63,63.72,2.91,I/II
S2761,Omar,Davis,Female,90.75,59.08,96.08,78.02,93.53,3.69,III/I
S2762,John,Johnson,Female,92.68,60.33,70.99,85.67,55.46,2.2,III/II
S2763,Omar,Davis,Female,53.86,85.1,67.61,83.84,60.38,2.98,I/II
S2764,Ahmed,Jones,Female,67.16,87.1,66.06,50.83,98.52,2.3,IV/II
S2765,Liam,Jones,Female,84.36,53.78,81.56,56.12,56.74,2.65,III/I
S2766,Emma,Williams,Male,74.93,98.37,67.14,58.13,94.41,3.47,IV/I
S2767,Ali,Davis,Male,59.53,45.07,47.72,87.78,85.2,2.95,I/I
S2768,Omar,Smith,Male,77.64,44.11,92.81,72.0,53.65,2.75,I/II
S2769,Ahmed,Smith,Female,70.37,75.73,65.7,77.28,74.19,2.79,IV/II
S2770,John,Williams,Female,69.5,83.36,44.44,88.63,75.95,2.92,I/I
S2771,John,Williams,Male,90.49,97.65,71.76,67.05,96.61,3.57,I/I
S2772,Ali,Williams,Female,70.38,64.3,78.84,87.44,71.06,3.78,III/II
S2773,Maria,Smith,Female,51.32,41.52,56.53,72.11,72.34,3.91,I/II
S2774,Omar,Jones,Female,52.9,76.17,88.02,68.86,55.62,3.57,I/I
S2775,Liam,Williams,Male,92.81,57.38,80.19,66.65,81.96,2.63,III/II
S2776,Sara,Johnson,Male,98.03,65.98,79.02,98.25,60.54,3.38,III/II
S2777,John,Williams,Female,84.42,69.31,65.25,88.6,53.88,2.88,I/II
S2778,Liam,Brown,Female,68.22,43.87,97.71,51.01,99.85,2.51,III/II
S2779,Liam,Williams,Female,96.93,69.16,56.45,97.87,63.48,3.68,I/II
S2780,Emma,Smith,Female,83.14,65.58,74.66,88.77,57.05,2.08,IV/II
S2781,Liam,Davis,Male,92.22,82.75,58.54,57.46,84.97,3.8,I/II
S2782,Liam,Williams,Female,88.29,78.74,84.69,53.82,91.08,2.92,II/I
S2783,Emma,Davis,Male,68.96,51.11,42.87,65.41,53.2,3.27,I/I
S2784,John,Brown,Male,73.94,52.37,42.75,81.21,55.27,3.32,IV/II
S2785,Liam,Johnson,Male,59.31,55.06,88.65,80.83,54.51,3.79,II/II
S2786,Maria,Davis,Female,64.6,50.74,66.06,63.79,52.35,3.27,I/II
S2787,Maria,Jones,Male,88.91,79.43,60.47,72.28,82.97,3.23,I/I
S2788,Ahmed,Williams,Male,94.7,99.67,76.45,60.59,79.42,2.13,IV/I
S2789,Emma,Brown,Female,86.22,79.13,82.11,52.53,83.14,3.04,III/II
S2790,Ahmed,Brown,Female,73.26,76.4,52.07,75.85,75.28,2.3,III/I
S2791,Emma,Davis,Female,54.33,64.6,51.13,67.35,90.88,3.47,I/II
S2792,Omar,Johnson,Male,52.85,58.75,97.49,77.14,77.33,3.02,III/II
S2793,Omar,Smith,Female,68.72,94.66,75.38,97.33,95.94,3.36,III/II
S2794,Liam,Williams,Male,73.19,98.14,63.41,57.17,74.28,2.08,III/II
S2795,Sara,Brown,Male,80.46,69.81,88.09,50.1,89.53,2.17,III/II
S2796,Omar,Johnson,Female,50.32,57.41,71.51,53.84,70.37,3.43,III/II
S2797,Sara,Jones,Male,99.49,86.21,54.5,73.14,71.76,2.14,I/II
S2798,Omar,Brown,Male,68.2,47.95,52.4,85.35,92.45,2.14,IV/I
S2799,Ali,Johnson,Male,92.4,85.94,63.81,79.04,55.38,2.02,II/II
S2800,Omar,Smith,Male,76.75,89.14,91.59,74.74,78.25,3.91,II/I
S2801,Ahmed,Smith,Female,56.52,47.49,43.69,67.7,86.32,3.48,III/II
S2802,John,Brown,Male,89.88,98.61,53.11,65.5,87.52,2.71,III/II
S2803,Liam,Brown,Female,85.49,99.13,93.59,68.81,79.57,2.59,II/I
S2804,Ahmed,Davis,Male,76.37,96.2,47.3,80.58,72.4,2.7,IV/I
S2805,John,Williams,Male,75.73,69.76,77.78,58.39,63.04,3.55,IV/II
S2806,Maria,Johnson,Female,54.37,54.76,52.81,88.57,95.47,3.32,IV/I
S2807,Ahmed,Brown,Male,82.79,74.92,76.35,78.76,68.49,2.37,IV/II
S2808,Maria,Williams,Male,95.56,65.2,62.99,63.46,89.95,2.35,I/II
S2809,Sara,Davis,Male,54.66,52.36,46.1,75.06,51.58,2.2,I/I
S2810,Sara,Williams,Male,63.18,65.42,74.95,98.14,61.61,3.32,III/I
S2811,Ali,Brown,Male,95.12,79.83,80.98,51.02,67.28,3.53,III/I
S2812,Omar,Smith,Male,64.22,44.25,80.82,59.98,83.58,2.53,I/I
S2813,Ahmed,Johnson,Female,82.7,60.01,78.22,72.42,65.97,2.04,I/II
S2814,Maria,Johnson,Female,76.74,41.07,70.01,81.92,52.07,2.16,III/I
S2815,John,Smith,Female,79.82,84.97,71.17,60.61,58.69,3.94,IV/I
S2816,Sara,Brown,Male,70.79,78.44,78.14,96.57,62.96,2.59,II/I
S2817,Omar,Johnson,Male,65.0,43.76,81.42,82.13,58.8,3.54,I/I
S2818,Sara,Brown,Male,52.43,97.88,79.29,93.87,60.19,3.25,IV/I
S2819,John,Davis,Female,87.21,41.36,75.22,66.47,88.45,2.76,II/II
S2820,Omar,Brown,Male,87.3,75.4,49.35,91.45,70.6,2.41,I/II
S2821,Omar,Williams,Female,83.54,86.58,52.64,68.91,70.26,2.24,I/I
S2822,Maria,Smith,Male,82.18,87.27,55.61,62.64,98.33,3.23,III/I
S2823,Maria,Brown,Male,62.19,42.06,95.18,95.58,72.34,3.55,I/II
S2824,Ahmed,Davis,Male,51.12,94.38,85.56,54.61,96.38,3.29,II/I
S2825,Ahmed,Jones,Female,90.44,95.11,73.17,97.14,64.95,3.06,I/II
S2826,Emma,Smith,Male,74.56,73.68,55.12,72.93,70.03,2.08,I/II
S2827,Liam,Johnson,Female,65.34,68.92,46.65,99.63,69.81,3.94,II/I
S2828,Emma,Williams,Male,55.1,42.69,93.93,76.98,77.3,3.6,III/II
S2829,Ali,Johnson,Male,53.14,73.72,93.56,87.87,79.21,2.59,II/I
S2830,Sara,Davis,Female,67.44,64.56,46.64,50.35,62.41,3.96,IV/I
S2831,Ahmed,Davis,Male,90.24,86.37,87.83,74.83,89.68,3.2,I/II
S2832,Maria,Johnson,Male,95.94,64.23,66.8,86.87,74.83,3.16,IV/II
S2833,John,Smith,Male,94.84,81.01,59.44,89.14,50.35,3.5,II/I
S2834,Maria,Johnson,Male,96.0,46.08,84.35,57.9,79.57,3.62,III/II
S2835,Sara,Brown,Female,95.39,47.98,76.86,70.95,89.9,3.31,IV/I
S2836,Emma,Johnson,Female,76.36,48.38,86.8,70.95,62.52,2.26,IV/II
S2837,Maria,Williams,Male,60.97,42.73,44.46,55.18,51.89,2.68,IV/II
S2838,Liam,Williams,Male,89.9,72.48,59.12,72.15,90.36,3.86,I/I
S2839,Ali,Jones,Female,60.69,87.64,59.16,90.35,98.81,2.45,II/I
S2840,Sara,Williams,Male,63.36,76.62,59.79,65.01,53.83,2.74,II/I
S2841,Emma,Johnson,Female,61.66,74.5,70.15,71.63,96.9,2.86,I/II
S2842,Liam,Williams,Male,75.75,80.84,56.98,98.05,67.96,2.88,IV/I
S2843,John,Smith,Female,66.09,60.38,66.66,51.59,97.07,3.23,I/I
S2844,Emma,Williams,Female,57.71,61.72,62.07,79.58,82.44,3.89,II/II
S2845,Omar,Brown,Female,72.66,58.86,84.12,87.17,94.51,2.48,II/II
S2846,Liam,Smith,Female,93.7,82.73,76.21,88.04,89.29,2.24,III/I
S2847,Liam,Jones,Male,78.53,49.7,79.22,85.8,51.4,2.39,II/I
S2848,Ali,Brown,Male,93.92,40.78,52.64,86.32,53.27,3.77,II/I
S2849,Sara,Johnson,Female,59.79,75.77,59.53,52.95,76.29,3.29,I/I
S2850,John,Johnson,Female,58.35,96.54,41.27,76.71,56.48,2.57,III/II
S2851,Ali,Johnson,Female,78.78,76.56,46.5,89.15,73.05,3.63,II/II
S2852,Emma,Brown,Female,73.17,86.98,55.9,54.7,97.73,3.72,III/I
S2853,Ali,Brown,Male,83.01,80.37,43.93,50.6,64.74,3.69,I/I
S2854,Liam,Brown,Female,89.73,69.85,76.16,90.73,74.45,3.84,II/I
S2855,Sara,Smith,Female,87.57,83.1,99.89,85.61,69.21,2.5,II/II
S2856,Ahmed,Davis,Female,97.11,89.45,46.05,70.61,81.49,3.51,IV/I
S2857,Ali,Smith,Female,69.91,53.48,89.27,97.02,59.69,2.92,III/I
S2858,Omar,Johnson,Female,60.32,60.17,47.13,88.33,63.0,3.68,I/II
S2859,Ali,Davis,Female,77.55,53.42,80.19,98.39,92.94,3.46,II/II
S2860,Emma,Williams,Female,55.54,67.13,78.59,96.47,90.57,3.55,III/I
S2861,Emma,Johnson,Male,64.44,93.1,94.16,74.06,89.46,3.31,I/I
S2862,John,Jones,Female,60.39,60.71,46.84,87.74,88.55,2.35,I/II
S2863,Emma,Smith,Female,69.83,62.47,58.93,83.46,72.97,3.09,III/I
S2864,Maria,Brown,Female,55.56,91.62,45.45,90.57,86.44,3.97,III/I
S2865,Sara,Smith,Male,51.59,70.92,64.44,89.38,69.36,3.87,IV/II
S2866,Sara,Brown,Male,82.84,72.13,94.7,57.66,55.04,2.09,IV/II
S2867,Ahmed,Davis,Male,80.51,91.65,86.89,61.69,69.67,2.33,IV/II
S2868,Ahmed,Jones,Female,85.42,69.43,83.37,63.29,57.93,2.26,II/I
S2869,Sara,Davis,Female,83.02,80.89,71.98,90.92,69.54,3.45,III/II
S2870,Omar,Jones,Female,55.71,45.14,93.01,90.54,64.87,3.64,II/II
S2871,Ahmed,Smith,Male,64.55,50.72,66.97,74.77,79.96,2.43,II/I
S2872,John,Brown,Female,56.48,64.26,48.98,79.04,68.08,3.01,IV/I
S2873,Emma,Davis,Male,92.15,69.69,90.26,91.35,85.28,3.68,I/II
S2874,Sara,Jones,Male,87.35,97.94,56.78,65.63,75.61,3.47,III/II
S2875,Liam,Johnson,Male,60.08,98.24,43.22,52.51,95.97,3.08,III/I
S2876,Ahmed,Johnson,Male,67.07,91.07,47.56,74.13,54.55,3.18,II/I
S2877,Sara,Davis,Male,98.33,58.94,76.54,95.69,84.39,3.02,IV/II
S2878,Maria,Brown,Female,79.71,97.84,76.42,89.52,83.62,2.6,III/II
S2879,Ali,Davis,Female,90.06,81.36,55.61,68.33,97.53,3.13,IV/I
S2880,Emma,Smith,Male,63.23,63.58,83.63,53.24,68.58,3.38,II/II
S2881,Sara,Jones,Female,60.5,82.1,86.42,81.85,65.27,3.75,IV/I
S2882,Ali,Smith,Female,89.2,40.99,95.23,91.72,58.62,3.27,I/II
S2883,Ahmed,Johnson,Male,84.29,48.77,75.1,83.25,63.26,3.52,I/I
S2884,Ali,Jones,Male,84.05,89.78,86.77,71.25,75.09,2.32,II/I
S2885,Emma,Davis,Female,77.63,78.73,85.19,56.17,91.89,2.92,IV/II
S2886,Sara,Smith,Female,78.18,61.85,55.47,95.54,64.21,2.02,I/II
S2887,Maria,Williams,Female,86.78,70.04,58.61,63.8,57.89,2.49,I/I
S2888,Omar,Brown,Female,63.5,94.31,68.71,61.21,63.61,3.45,IV/II
S2889,Ahmed,Brown,Male,67.64,77.89,41.14,90.8,55.05,3.98,IV/II
S2890,Sara,Williams,Female,93.58,63.89,57.84,99.06,96.33,2.2,IV/II
S2891,Emma,Johnson,Male,65.44,47.22,68.43,83.01,93.63,2.8,II/I
S2892,Ahmed,Jones,Male,77.32,57.62,46.48,81.24,65.42,3.6,I/II
S2893,John,Brown,Female,85.13,98.7,47.58,65.97,62.35,2.41,IV/II
S2894,Ali,Williams,Female,100.0,66.24,67.79,51.02,95.27,3.11,IV/I
S2895,Omar,Davis,Female,71.76,68.31,83.86,59.59,50.09,3.47,I/II
S2896,Emma,Williams,Male,71.4,69.92,90.02,79.22,80.03,3.23,III/II
S2897,John,Johnson,Male,92.13,93.05,72.78,57.57,95.8,2.38,IV/I
S2898,Liam,Johnson,Male,90.28,76.24,68.48,94.19,75.43,2.71,II/I
S2899,Sara,Smith,Male,86.55,81.62,63.06,59.41,50.15,3.57,IV/II
S2900,Maria,Brown,Female,73.16,63.36,51.58,76.11,60.94,3.11,I/II
S2901,Ahmed,Smith,Male,66.2,41.75,48.79,75.6,96.12,2.01,III/I
S2902,Ali,Williams,Male,80.44,95.86,87.51,80.2,50.85,3.52,II/I
S2903,Ahmed,Jones,Female,93.81,96.95,67.9,66.37,69.74,2.07,I/II
S2904,Omar,Jones,Male,94.19,96.95,87.42,93.68,89.49,3.49,III/II
S2905,Sara,Johnson,Male,55.42,96.62,82.24,72.22,91.9,2.4,IV/II
S2906,Ahmed,Jones,Female,71.42,88.91,51.63,85.01,73.88,3.92,I/I
S2907,Ali,Jones,Male,73.24,81.08,70.62,81.8,61.62,2.74,IV/II
S2908,Sara,Jones,Male,98.88,90.67,66.64,55.86,79.99,2.65,I/I
S2909,Ahmed,Williams,Male,83.9,76.03,65.43,81.13,63.19,2.3,III/I
S2910,Maria,Jones,Male,70.36,48.06,72.55,77.54,62.76,2.61,II/I
S2911,Emma,Davis,Female,51.3,63.47,98.92,94.93,90.38,3.75,III/II
S2912,Sara,Jones,Male,78.27,98.28,88.77,94.04,57.71,3.99,I/II
S2913,Emma,Jones,Female,54.8,61.07,94.22,57.55,50.28,2.74,I/II
S2914,Liam,Smith,Male,91.72,92.07,41.78,54.08,66.84,2.9,I/I
S2915,Sara,Williams,Female,87.63,45.59,48.42,64.73,74.55,3.44,III/II
S2916,Maria,Johnson,Female,73.03,60.05,45.09,99.33,85.25,3.77,IV/I
S2917,Emma,Smith,Female,71.46,61.06,55.79,51.08,89.06,3.19,III/I
S2918,John,Brown,Male,94.87,43.1,66.51,83.64,83.18,2.78,I/I
S2919,Ali,Williams,Male,64.42,47.15,78.52,80.43,81.33,2.83,I/I
S2920,John,Davis,Male,62.45,51.59,70.05,82.33,83.29,3.39,III/I
S2921,Ahmed,Williams,Female,96.96,90.27,94.19,60.91,63.58,2.01,II/I
S2922,Maria,Brown,Male,90.46,43.8,96.39,61.34,69.12,3.24,I/II
S2923,John,Brown,Male,91.03,57.92,49.81,71.53,80.82,2.71,II/I
S2924,Sara,Brown,Male,59.76,40.61,91.17,54.79,53.28,3.59,III/II
S2925,Ahmed,Johnson,Male,57.16,81.74,68.9,53.73,64.77,2.19,IV/I
S2926,Ahmed,Jones,Female,51.3,77.22,67.2,54.42,70.32,3.18,IV/II
S2927,John,Williams,Female,61.85,78.7,87.1,78.65,76.67,2.96,II/II
S2928,Liam,Jones,Male,88.71,62.46,45.59,69.89,74.32,3.28,II/II
S2929,John,Jones,Male,62.0,52.5,92.95,64.68,85.91,2.13,II/II
S2930,Liam,Davis,Male,86.46,83.22,80.25,65.79,73.67,3.16,III/I
S2931,Maria,Brown,Female,62.6,88.67,92.52,60.36,95.21,3.12,I/I
S2932,Ali,Johnson,Male,69.76,48.32,99.67,70.58,69.02,3.12,IV/I
S2933,John,Davis,Female,99.16,69.21,71.08,60.15,76.27,3.21,II/I
S2934,Omar,Smith,Female,62.24,54.92,45.6,84.9,50.16,3.35,IV/II
S2935,Liam,Johnson,Male,68.82,50.09,49.99,56.2,65.52,3.61,I/II
S2936,John,Jones,Male,65.05,84.06,59.42,97.41,93.33,2.54,II/II
S2937,Emma,Johnson,Male,55.48,72.29,46.21,54.49,66.68,3.65,II/I
S2938,Sara,Brown,Female,74.49,52.97,88.92,97.17,62.66,3.0,II/II
S2939,Omar,Smith,Female,68.93,58.6,57.81,91.66,77.18,2.15,IV/I
S2940,Omar,Brown,Male,84.74,98.0,98.55,84.04,53.94,2.12,II/II
S2941,Liam,Smith,Female,90.88,90.92,82.16,95.62,76.58,2.67,I/II
S2942,Emma,Davis,Male,77.21,92.8,50.41,56.96,65.18,3.57,IV/II
S2943,Emma,Jones,Male,51.61,67.6,68.56,58.82,69.16,3.42,III/II
S2944,Ahmed,Smith,Female,80.95,77.43,68.01,62.61,89.57,3.58,III/II
S2945,Liam,Smith,Female,52.77,62.61,69.55,62.24,83.1,3.03,IV/I
S2946,Ali,Smith,Female,80.82,44.66,72.14,65.54,72.31,2.88,III/II
S2947,Sara,Johnson,Female,84.25,64.06,41.87,78.78,78.88,2.29,III/I
S2948,Maria,Davis,Male,59.89,75.64,81.18,51.41,88.34,2.66,I/I
S2949,Omar,Johnson,Male,90.97,57.23,69.23,69.11,87.29,2.87,III/I
S2950,Maria,Jones,Male,95.55,90.88,87.46,62.32,59.27,2.18,II/I
S2951,John,Smith,Female,90.65,49.07,88.92,80.33,65.05,2.44,III/I
S2952,John,Davis,Male,65.26,62.03,53.83,99.26,67.41,3.2,II/I
S2953,Maria,Davis,Female,79.33,47.49,42.91,75.88,59.38,3.47,II/I
S2954,John,Williams,Female,95.74,64.29,82.19,71.28,50.61,4.0,I/I
S2955,Ali,Jones,Female,66.03,42.38,98.67,68.41,58.7,3.87,I/II
S2956,Emma,Davis,Male,91.0,56.35,66.8,89.25,90.41,3.29,IV/II
S2957,John,Smith,Female,50.47,64.04,55.58,53.6,77.3,2.84,IV/I
S2958,Ahmed,Smith,Female,50.18,68.69,49.4,97.99,67.08,3.27,I/I
S2959,John,Davis,Female,87.99,72.62,57.25,70.9,80.42,3.57,IV/I
S2960,Sara,Johnson,Female,88.07,56.5,59.68,65.69,86.99,2.24,III/II
S2961,Ali,Jones,Female,89.45,71.38,65.43,98.7,67.72,2.82,III/II
S2962,Sara,Smith,Female,96.5,70.54,79.32,96.79,73.3,3.68,III/I
S2963,Sara,Davis,Female,55.9,58.97,56.39,82.1,53.21,2.77,II/I
S2964,Ahmed,Smith,Female,61.6,89.81,43.06,50.93,79.85,3.14,II/II
S2965,Ali,Davis,Female,95.19,72.74,62.4,87.43,67.82,3.18,II/II
S2966,Ali,Jones,Female,58.86,59.94,91.34,66.78,71.68,2.37,IV/I
S2967,Liam,Davis,Female,84.11,96.84,69.9,69.41,71.13,2.72,II/I
S2968,Ali,Williams,Female,76.52,90.71,97.89,57.94,81.62,2.67,IV/I
S2969,Ali,Davis,Male,54.16,98.96,70.22,76.17,78.62,2.05,I/I
S2970,Ali,Davis,Male,64.26,81.53,56.55,87.23,71.11,2.05,I/II
S2971,Ahmed,Jones,Female,76.02,62.69,51.6,63.65,50.85,3.66,IV/II
S2972,John,Davis,Female,92.62,56.85,81.67,96.94,81.05,2.55,I/I
S2973,Liam,Jones,Female,85.38,79.8,72.18,59.74,93.98,3.04,II/I
S2974,Sara,Williams,Male,81.09,98.85,76.24,53.31,88.48,2.6,II/I
S2975,Ali,Jones,Male,74.8,77.6,85.31,82.22,99.08,3.88,I/II
S2976,Omar,Smith,Male,64.93,92.9,83.55,92.47,56.95,2.52,IV/I
S2977,John,Jones,Female,55.96,59.75,42.6,97.66,61.13,2.86,III/I
S2978,John,Williams,Female,70.45,64.42,88.15,88.36,76.96,3.75,III/I
S2979,Sara,Brown,Female,51.43,94.38,71.96,59.98,61.79,3.68,I/II
S2980,Ahmed,Davis,Female,60.55,85.41,63.5,98.88,51.73,2.37,III/I
S2981,Maria,Jones,Male,71.62,98.88,72.25,95.97,70.11,3.61,II/II
S2982,Maria,Davis,Female,70.93,86.49,76.75,58.16,64.38,2.92,III/I
S2983,John,Johnson,Male,52.21,66.91,48.97,77.94,63.19,2.97,III/I
S2984,Emma,Smith,Male,79.45,71.86,65.04,77.78,97.66,2.27,III/I
S2985,Emma,Smith,Female,77.48,94.03,60.14,72.13,61.92,2.16,II/II
S2986,Sara,Johnson,Male,53.91,73.1,61.02,99.21,56.47,3.46,IV/I
S2987,Maria,Johnson,Male,97.16,55.32,45.48,52.98,56.27,2.99,III/I
S2988,John,Jones,Male,54.97,66.14,49.59,81.36,90.32,2.87,III/II
S2989,Ahmed,Johnson,Male,92.74,70.98,49.71,60.27,85.74,3.46,II/II
S2990,Maria,Brown,Female,50.02,45.8,62.39,76.37,56.47,3.53,I/II
S2991,John,Davis,Female,94.11,84.63,93.67,88.99,60.99,2.32,I/I
S2992,John,Davis,Male,50.99,46.56,52.36,62.34,87.37,3.22,I/II
S2993,Ali,Williams,Female,87.89,64.3,64.97,69.67,63.73,2.27,I/I
S2994,Ahmed,Johnson,Male,68.08,88.28,58.7,97.54,99.08,3.5,IV/II
S2995,Ali,Johnson,Female,86.91,68.05,87.24,88.07,77.03,3.31,I/II
S2996,Sara,Brown,Female,70.09,90.52,43.01,78.64,59.6,3.91,III/II
S2997,Ali,Smith,Female,53.55,60.51,51.79,61.1,92.94,2.14,I/I
S2998,Omar,Smith,Female,88.38,97.46,52.64,71.27,65.97,2.11,I/I
S2999,Ali,Davis,Female,53.56,52.57,99.58,88.7,64.44,2.56,II/I
S3000,Omar,Davis,Male,96.11,42.3,74.25,91.03,66.37,2.52,I/I
S3001,Maria,Jones,Female,52.55,92.35,48.34,62.23,88.41,2.49,I/I
S3002,Emma,Brown,Male,73.97,85.13,56.33,83.1,58.66,3.81,II/I
S3003,Liam,Williams,Male,86.15,53.92,50.07,54.75,69.09,2.5,III/I
S3004,Liam,Williams,Female,69.66,99.08,47.48,51.16,51.54,2.54,III/I
S3005,John,Brown,Male,60.86,70.14,87.83,77.43,91.33,3.52,II/I
S3006,Liam,Williams,Female,87.95,97.06,69.75,61.22,67.04,2.9,II/II
S3007,Omar,Smith,Male,89.21,70.3,77.87,53.95,62.41,3.55,IV/II
S3008,Ahmed,Williams,Male,96.13,68.31,59.88,86.49,78.99,2.13,I/I
S3009,Ali,Williams,Female,68.81,66.95,73.22,74.9,85.25,2.98,I/I
S3010,Omar,Brown,Female,75.31,60.09,55.45,89.81,90.64,2.07,II/I
S3011,Ahmed,Brown,Female,68.16,72.02,58.48,83.2,67.39,2.13,II/I
S3012,Emma,Williams,Female,62.85,67.15,79.13,86.49,90.62,3.81,II/II
S3013,Liam,Johnson,Male,87.55,42.2,49.02,65.37,73.24,2.28,III/II
S3014,Emma,Brown,Female,66.98,55.63,77.03,63.16,55.06,3.06,III/I
S3015,Liam,Jones,Male,71.41,52.79,91.13,80.04,92.32,2.82,I/II
S3016,Ali,Jones,Male,70.18,92.05,47.23,60.0,77.38,2.69,III/II
S3017,Sara,Smith,Male,85.63,75.93,93.85,90.77,80.12,3.8,IV/I
S3018,Ali,Williams,Male,95.89,85.82,44.77,76.15,96.87,2.04,III/I
S3019,Maria,Johnson,Male,83.34,97.41,60.93,61.35,77.96,3.33,I/I
S3020,Omar,Smith,Male,73.58,78.64,76.63,81.26,50.28,3.93,IV/I
S3021,John,Williams,Female,88.96,98.96,73.56,97.25,93.53,3.12,III/II
S3022,Sara,Brown,Male,82.05,58.71,45.78,54.1,64.24,3.87,II/I
S3023,Ali,Jones,Male,53.03,51.18,87.93,55.47,75.09,2.1,II/II
S3024,Ahmed,Davis,Male,54.78,64.2,98.39,92.19,60.24,2.84,III/I
S3025,Sara,Johnson,Female,51.9,68.25,50.87,55.48,64.85,2.52,II/II
S3026,Omar,Davis,Female,72.84,93.72,93.71,51.97,84.33,3.46,IV/I
S3027,Liam,Jones,Male,91.29,73.6,73.41,67.4,71.48,3.96,III/I
S3028,Sara,Davis,Female,65.65,57.53,96.16,73.34,81.36,2.51,IV/II
S3029,Liam,Brown,Male,69.21,84.56,50.57,78.47,91.18,3.31,IV/II
S3030,Omar,Williams,Female,95.47,70.35,87.52,75.37,67.04,2.4,III/II
S3031,Ali,Brown,Male,91.85,49.73,43.59,95.66,78.42,3.13,I/I
S3032,Omar,Davis,Female,83.25,74.61,92.99,88.43,88.88,2.93,IV/II
S3033,Sara,Brown,Female,63.34,94.68,80.45,99.19,85.76,3.94,IV/II
S3034,Ahmed,Jones,Female,55.85,90.56,62.22,73.82,76.99,3.22,I/II
S3035,Emma,Johnson,Male,50.8,75.21,51.43,54.22,69.17,2.7,II/II
S3036,Sara,Brown,Male,55.35,62.62,88.99,97.78,70.38,2.23,II/II
S3037,Omar,Jones,Male,64.63,45.22,76.19,50.21,71.66,2.3,IV/II
S3038,Emma,Johnson,Female,77.59,68.18,61.62,88.8,67.44,2.45,I/II
S3039,Omar,Williams,Female,53.2,85.12,66.63,51.56,84.95,2.5,II/II
S3040,Ahmed,Davis,Male,56.81,61.62,89.59,88.06,56.27,3.7,II/II
S3041,Omar,Williams,Female,59.05,54.13,60.34,96.9,98.37,3.12,III/I
S3042,Ali,Smith,Male,81.6,95.88,45.38,69.46,88.95,3.05,III/I
S3043,John,Jones,Male,80.79,89.29,94.68,62.05,64.91,2.23,I/II
S3044,Liam,Johnson,Male,77.54,78.3,63.24,61.31,52.13,3.72,IV/I
S3045,Liam,Brown,Male,62.53,48.21,60.9,74.59,85.57,3.45,I/I
S3046,Sara,Williams,Female,68.56,48.69,52.26,58.54,86.72,2.14,III/II
S3047,John,Johnson,Female,54.83,46.19,93.85,83.65,98.18,3.42,IV/II
S3048,Omar,Jones,Female,61.32,76.98,53.05,68.42,62.69,3.09,IV/II
S3049,Ahmed,Smith,Male,94.89,46.93,78.2,66.16,54.14,2.16,III/II
S3050,Sara,Williams,Female,98.98,90.56,92.85,73.06,95.76,2.92,IV/II
S3051,Omar,Davis,Male,82.38,99.58,42.09,77.13,62.93,2.97,IV/II
S3052,Emma,Johnson,Male,95.84,61.98,89.73,57.1,86.08,2.33,IV/I
S3053,Maria,Davis,Male,82.14,67.22,64.64,85.39,53.03,3.89,II/II
S3054,Omar,Johnson,Male,51.66,82.7,79.48,94.15,88.03,3.7,I/I
S3055,John,Johnson,Male,99.84,96.23,62.34,63.9,56.35,3.34,IV/II
S3056,Sara,Jones,Male,54.95,93.65,81.73,59.02,84.78,2.92,I/II
S3057,John,Jones,Female,84.13,43.46,55.26,88.03,76.62,2.82,IV/I
S3058,Sara,Jones,Female,62.64,50.14,41.32,59.18,97.77,3.3,IV/II
S3059,Omar,Brown,Female,69.6,85.28,96.87,52.06,51.85,3.09,I/II
S3060,Ali,Johnson,Female,82.3,81.33,40.98,80.96,64.6,2.12,III/I
S3061,Emma,Williams,Male,71.82,47.99,89.45,61.99,53.48,3.03,II/II
S3062,Omar,Davis,Male,62.53,70.12,50.15,58.59,93.96,3.61,II/I
S3063,Liam,Jones,Female,66.72,86.85,63.53,99.08,79.7,2.92,IV/II
S3064,John,Jones,Female,67.08,53.13,89.35,64.59,76.75,2.1,I/II
S3065,Maria,Davis,Female,97.97,92.28,52.36,95.17,56.57,3.57,IV/I
S3066,Maria,Davis,Female,89.93,43.18,91.94,58.91,74.45,2.4,II/II
S3067,Ahmed,Johnson,Female,72.93,86.93,69.87,90.95,69.94,2.52,I/I
S3068,Sara,Jones,Female,59.99,76.95,61.97,75.1,65.79,2.33,IV/I
S3069,John,Davis,Female,90.55,58.91,79.75,53.93,88.61,2.66,III/I
S3070,Ahmed,Brown,Female,57.86,83.26,60.48,86.68,53.06,3.51,III/II
S3071,John,Brown,Male,60.52,86.94,60.84,94.6,82.33,3.04,IV/II
S3072,Liam,Jones,Male,68.3,96.03,84.01,58.15,91.15,2.41,I/I
S3073,Sara,Davis,Male,94.02,62.07,58.59,86.28,95.37,3.76,I/II
S3074,Omar,Johnson,Male,56.59,81.16,52.05,72.25,87.3,3.76,IV/II
S3075,Omar,Johnson,Female,56.11,76.16,88.46,87.69,64.12,3.74,I/II
S3076,Maria,Johnson,Male,74.7,71.51,88.32,85.7,80.03,2.48,I/I
S3077,Omar,Smith,Female,63.82,93.42,69.86,51.33,57.07,2.9,I/II
S3078,Omar,Jones,Male,78.44,40.19,71.6,58.94,55.85,3.97,IV/I
S3079,Liam,Johnson,Female,72.58,56.93,81.76,73.55,81.93,3.54,II/II
S3080,Ali,Brown,Female,71.75,72.3,70.56,96.68,92.56,2.05,I/II
S3081,Maria,Davis,Male,55.6,50.7,65.02,67.1,53.36,2.13,III/I
S3082,Ahmed,Williams,Male,57.05,94.47,99.69,81.44,55.3,2.93,II/II
S3083,Emma,Williams,Female,91.05,78.86,48.86,50.6,78.28,3.82,IV/I
S3084,Ali,Johnson,Female,94.29,68.67,75.56,85.56,60.91,3.08,IV/II
S3085,Ahmed,Williams,Female,61.73,88.88,93.15,80.15,80.59,3.0,II/I
S3086,Sara,Williams,Male,55.67,67.05,81.23,85.77,60.73,2.21,IV/II
S3087,Ali,Smith,Male,52.67,73.52,92.86,95.23,55.82,3.31,I/II
S3088,Liam,Brown,Female,80.41,40.17,60.18,57.32,77.28,3.64,I/II
S3089,Ahmed,Brown,Male,85.77,61.94,56.32,63.08,93.11,2.76,III/I
S3090,Sara,Smith,Female,68.64,48.33,91.08,99.79,84.26,3.55,IV/I
S3091,Maria,Smith,Male,83.98,81.38,63.65,57.81,90.94,3.93,III/I
S3092,Emma,Williams,Male,85.65,68.74,82.58,86.03,63.32,2.41,III/II
S3093,Sara,Jones,Male,96.77,58.11,48.86,86.25,94.3,3.05,IV/I
S3094,Omar,Davis,Male,53.24,68.07,85.35,84.15,68.85,2.57,I/I
S3095,John,Davis,Male,59.61,52.58,72.94,61.37,92.62,3.59,I/I
S3096,Sara,Williams,Female,53.43,95.51,56.12,60.76,73.56,3.16,I/I
S3097,Sara,Davis,Female,93.4,43.24,69.67,83.32,63.39,3.27,III/I
S3098,Emma,Smith,Male,89.63,91.93,81.82,59.31,63.01,3.6,I/I
S3099,John,Brown,Female,78.73,70.68,40.71,83.08,78.38,2.79,IV/I
S3100,Omar,Davis,Female,54.18,77.14,78.25,74.63,53.95,3.83,I/I
S3101,Ahmed,Williams,Male,63.67,58.16,72.5,69.33,96.5,3.07,II/I
S3102,Ahmed,Jones,Female,64.89,98.0,53.22,65.01,63.57,2.32,I/I
S3103,Sara,Williams,Male,78.04,56.91,85.18,97.38,66.78,3.39,I/II
S3104,Liam,Johnson,Female,62.9,75.33,58.21,75.4,61.67,3.59,III/II
S3105,Liam,Williams,Female,53.65,99.61,56.61,78.06,50.15,2.63,III/I
S3106,John,Smith,Female,86.54,92.87,68.27,97.46,84.63,3.71,II/II
S3107,John,Brown,Female,64.95,72.18,80.57,82.69,79.53,3.81,III/II
S3108,Omar,Brown,Female,72.62,99.42,95.73,97.89,90.48,2.55,II/I
S3109,Emma,Davis,Female,56.38,82.08,48.48,55.32,52.05,3.97,III/I
S3110,Maria,Smith,Female,90.13,52.52,63.79,92.33,96.43,2.28,IV/I
S3111,Ahmed,Johnson,Male,78.28,64.34,44.02,66.77,66.54,2.4,IV/II
S3112,Emma,Smith,Male,95.08,60.07,85.51,90.52,95.65,2.37,III/I
S3113,Ali,Williams,Male,74.77,60.64,66.86,92.78,55.36,3.79,I/II
S3114,Ahmed,Smith,Male,97.07,85.63,82.42,63.57,87.2,3.31,IV/I
S3115,Emma,Smith,Female,94.59,75.06,59.33,70.44,78.97,2.3,III/II
S3116,Ahmed,Johnson,Female,78.82,42.29,90.66,86.3,67.91,2.88,III/II
S3117,Maria,Williams,Female,96.69,92.65,72.09,54.95,53.96,3.23,I/I
S3118,Ali,Jones,Male,66.15,57.81,96.62,87.78,80.24,2.17,IV/I
S3119,Liam,Jones,Male,68.28,99.82,44.73,55.52,51.32,3.76,IV/II
S3120,Liam,Brown,Male,52.27,97.25,70.86,95.72,75.06,3.61,I/II
S3121,Maria,Davis,Female,79.46,96.43,85.99,63.82,80.21,3.01,I/I
S3122,Omar,Smith,Male,86.1,88.67,76.01,78.78,86.63,3.93,I/I
S3123,Ali,Brown,Female,88.68,53.24,41.39,55.86,99.57,2.84,IV/II
S3124,Sara,Johnson,Male,57.49,71.96,98.34,63.47,63.0,3.97,III/I
S3125,Emma,Jones,Female,72.21,53.46,57.9,70.2,66.12,3.34,III/II
S3126,Ali,Smith,Male,58.84,55.58,54.96,74.35,67.06,3.27,I/I
S3127,Omar,Johnson,Female,83.11,76.66,69.14,50.0,86.58,2.33,II/I
S3128,Omar,Davis,Male,57.9,42.45,72.53,94.43,96.59,3.76,II/I
S3129,Maria,Johnson,Male,95.21,98.17,85.98,50.38,98.72,2.85,III/II
S3130,Ahmed,Smith,Female,61.53,95.12,63.6,88.68,97.29,2.32,II/I
S3131,Ali,Davis,Female,64.57,62.85,66.4,73.53,93.97,2.03,IV/II
S3132,Emma,Johnson,Male,92.55,70.93,72.1,76.19,99.55,3.12,III/I
S3133,Ali,Davis,Female,72.92,67.97,63.66,60.41,68.8,3.05,I/II
S3134,John,Smith,Male,51.2,92.93,94.87,80.37,97.42,3.44,II/II
S3135,Ahmed,Smith,Female,74.73,81.32,91.08,76.86,88.05,3.78,I/I
S3136,Emma,Davis,Male,54.23,56.69,67.3,58.21,58.42,2.16,II/II
S3137,Liam,Williams,Female,99.27,66.81,40.01,61.91,52.27,3.46,I/II
S3138,Emma,Brown,Male,79.41,65.74,94.06,53.35,60.72,2.37,I/II
S3139,Sara,Johnson,Male,62.83,97.56,47.46,53.31,88.94,3.72,IV/II
S3140,Maria,Johnson,Male,78.19,50.52,54.67,50.69,81.58,3.64,III/I
S3141,Sara,Williams,Female,53.84,45.37,49.14,61.02,61.22,3.08,II/I
S3142,Emma,Williams,Male,89.99,92.84,50.79,83.98,87.1,3.42,II/I
S3143,Ahmed,Williams,Female,96.27,93.8,88.17,65.81,57.07,2.63,IV/II
S3144,Ali,Jones,Female,93.72,92.3,74.77,67.14,91.09,2.94,I/II
S3145,Liam,Jones,Female,67.09,70.66,97.37,56.6,89.71,3.64,III/I
S3146,Ali,Davis,Male,66.29,79.58,53.89,78.77,98.63,2.92,III/I
S3147,Ahmed,Jones,Female,51.75,73.8,69.14,67.11,57.51,2.72,III/II
S3148,Emma,Smith,Female,82.57,44.17,98.65,83.82,95.33,2.99,IV/I
S3149,Omar,Davis,Female,76.75,75.75,89.59,87.07,67.06,3.66,I/I
S3150,Ali,Johnson,Male,72.97,40.82,83.72,79.23,70.8,2.67,IV/II
S3151,Omar,Brown,Female,95.38,59.5,51.34,63.8,73.42,2.35,IV/I
S3152,Ali,Smith,Female,58.39,95.94,86.16,75.43,81.35,3.42,IV/II
S3153,Ali,Johnson,Female,50.48,58.24,60.85,62.6,99.74,3.65,II/I
S3154,Liam,Johnson,Female,53.67,96.39,71.83,95.15,80.0,2.2,I/II
S3155,Maria,Davis,Male,61.17,55.01,76.55,88.32,96.34,2.48,IV/II
S3156,Maria,Williams,Male,51.66,58.87,76.56,74.65,62.75,2.28,IV/II
S3157,John,Williams,Female,75.14,77.7,83.59,98.27,69.92,2.7,III/II
S3158,Sara,Smith,Female,65.7,85.7,79.7,77.34,75.22,2.9,II/II
S3159,Ahmed,Williams,Female,59.02,70.08,44.1,66.43,66.15,3.5,II/I
S3160,Ahmed,Johnson,Female,87.5,92.93,67.44,54.77,98.84,3.3,I/I
S3161,Ahmed,Williams,Male,60.22,42.41,79.84,77.19,86.28,3.24,III/I
S3162,John,Jones,Male,84.38,95.33,57.76,93.02,73.94,2.7,I/II
S3163,Maria,Williams,Male,67.46,51.78,58.78,93.34,87.57,3.68,II/I
S3164,Emma,Johnson,Male,75.59,93.05,47.47,80.23,73.37,2.94,II/II
S3165,Omar,Davis,Female,96.69,64.05,65.12,69.67,50.86,3.96,IV/II
S3166,Liam,Smith,Female,51.87,89.97,99.21,82.51,77.16,3.27,I/I
S3167,Omar,Brown,Male,75.01,80.3,57.12,88.11,81.26,2.25,IV/II
S3168,Emma,Williams,Male,92.72,50.56,71.89,70.58,99.06,3.35,I/I
S3169,Liam,Johnson,Female,79.4,95.08,84.59,73.81,52.04,2.65,III/II
S3170,John,Brown,Female,63.84,54.73,40.81,84.03,75.6,3.37,IV/II
S3171,Emma,Brown,Female,69.88,54.65,94.03,93.83,54.91,2.14,II/I
S3172,Ahmed,Jones,Female,84.01,88.85,63.19,89.55,57.45,2.35,II/II
S3173,Sara,Brown,Female,94.54,46.35,92.15,51.12,80.52,3.71,I/I
S3174,Ali,Davis,Male,52.05,53.32,42.34,56.22,61.58,2.45,I/II
S3175,Omar,Johnson,Male,53.58,70.22,48.74,92.64,87.46,3.67,I/I
S3176,Maria,Johnson,Female,66.25,89.83,59.35,91.69,75.71,2.56,II/II
S3177,Maria,Williams,Female,61.64,48.85,60.73,69.44,60.91,3.29,III/I
S3178,John,Williams,Male,63.25,72.86,90.87,79.21,74.69,3.39,III/I
S3179,Liam,Williams,Female,61.06,82.67,40.67,95.29,50.04,3.03,III/II
S3180,Maria,Davis,Male,59.79,91.64,78.47,95.58,93.14,2.61,II/I
S3181,Ahmed,Brown,Male,56.53,96.13,47.88,89.15,50.63,2.43,II/II
S3182,Omar,Brown,Male,96.7,87.08,89.39,60.48,50.35,2.07,III/II
S3183,Emma,Jones,Male,57.21,79.17,86.71,86.51,80.58,2.61,IV/I
S3184,Ahmed,Davis,Female,60.22,66.02,70.0,55.05,98.68,3.31,I/I
S3185,John,Williams,Female,62.31,46.73,52.76,94.7,92.8,3.88,IV/I
S3186,Ahmed,Smith,Male,96.65,82.58,78.07,57.46,62.6,3.74,I/I
S3187,Emma,Jones,Female,87.79,99.56,49.38,83.12,59.83,3.53,III/I
S3188,Sara,Smith,Female,89.48,84.21,51.4,80.51,81.31,3.58,III/II
S3189,John,Brown,Female,55.24,41.0,77.6,88.84,91.13,3.33,III/I
S3190,Sara,Jones,Female,91.82,69.78,99.47,77.58,68.1,2.52,I/II
S3191,Ali,Jones,Male,70.41,76.88,93.46,52.98,71.62,3.81,IV/I
S3192,Sara,Johnson,Female,63.14,81.38,75.59,85.29,55.77,3.34,IV/I
S3193,Ali,Brown,Male,78.79,83.18,72.31,69.16,57.64,3.12,III/I
S3194,Ali,Brown,Male,91.11,73.49,99.9,66.01,78.42,2.22,I/II
S3195,Sara,Davis,Female,88.93,53.4,72.84,99.58,55.13,2.89,I/I
S3196,John,Jones,Male,94.5,96.53,65.21,79.52,60.1,2.92,III/II
S3197,Liam,Brown,Female,96.41,81.8,94.57,85.54,61.73,3.73,I/II
S3198,Emma,Jones,Female,61.91,54.21,54.05,76.32,72.2,3.09,III/II
S3199,Ahmed,Davis,Male,71.19,59.34,45.85,88.5,52.28,2.76,IV/I
S3200,Ahmed,Davis,Female,50.73,95.32,78.05,87.6,74.99,3.95,III/II
S3201,Emma,Johnson,Male,93.97,93.25,45.75,82.86,96.43,2.22,IV/I
S3202,Omar,Jones,Male,57.73,64.31,62.39,99.89,51.22,2.85,I/II
S3203,Omar,Brown,Female,93.07,42.3,65.41,72.99,81.55,2.08,IV/I
S3204,Ali,Brown,Female,66.47,42.91,72.85,85.31,91.79,3.48,IV/II
S3205,Ali,Jones,Female,68.41,57.04,99.5,89.89,65.62,3.84,II/I
S3206,John,Jones,Male,51.96,77.75,53.26,68.8,56.58,2.56,IV/I
S3207,Maria,Jones,Female,66.34,75.05,62.55,72.86,52.17,3.72,III/I
S3208,Sara,Williams,Male,94.42,78.03,47.93,98.46,82.2,2.58,I/II
S3209,Ali,Brown,Male,51.28,83.04,76.46,51.61,77.61,3.82,IV/II
S3210,Ahmed,Davis,Female,70.32,41.14,83.66,66.76,61.46,3.51,I/I
S3211,John,Brown,Female,51.57,46.31,68.92,74.31,91.58,3.61,III/II
S3212,Sara,Williams,Female,68.55,61.57,54.75,50.07,86.78,2.04,IV/II
S3213,John,Jones,Male,58.63,49.29,77.25,94.96,63.82,3.93,II/II
S3214,Sara,Johnson,Female,62.61,44.52,72.35,64.31,87.67,3.45,IV/II
S3215,Sara,Jones,Male,93.88,78.46,50.27,62.89,62.25,2.61,I/II
S3216,Emma,Jones,Female,71.8,88.92,64.34,91.02,83.76,3.66,IV/II
S3217,Ali,Williams,Female,63.69,85.16,66.11,63.9,55.93,2.56,IV/II
S3218,Liam,Brown,Male,79.47,89.02,98.96,82.88,84.61,3.75,III/I
S3219,John,Jones,Male,57.11,79.95,90.96,91.08,61.94,2.23,IV/I
S3220,Liam,Brown,Female,62.97,84.12,84.06,89.62,78.62,3.41,III/II
S3221,John,Smith,Female,77.31,56.31,93.33,89.1,58.62,3.08,II/I
S3222,Emma,Davis,Female,61.88,99.58,84.13,54.43,86.3,2.19,I/I
S3223,Ahmed,Brown,Female,83.96,50.99,94.2,53.99,53.04,2.48,II/I
S3224,Liam,Johnson,Female,74.57,52.87,43.27,65.34,58.27,2.02,IV/II
S3225,Ahmed,Davis,Male,88.6,57.34,67.36,51.8,59.21,2.94,II/II
S3226,Omar,Johnson,Male,97.41,98.52,84.81,75.02,52.07,2.6,I/II
S3227,Ali,Jones,Male,55.79,99.3,75.0,69.74,87.25,3.2,III/II
S3228,Ali,Davis,Male,66.73,87.69,50.51,77.85,99.05,2.59,I/II
S3229,Maria,Brown,Female,65.98,77.74,60.43,64.94,88.92,2.6,III/I
S3230,Emma,Davis,Male,57.56,71.2,59.07,74.29,93.03,3.49,I/II
S3231,Ahmed,Jones,Male,90.52,98.24,55.68,66.74,50.3,2.1,I/I
S3232,Sara,Williams,Male,87.99,81.74,60.59,59.76,55.89,3.81,II/II
S3233,John,Johnson,Female,74.22,96.68,70.89,82.47,77.95,3.7,II/I
S3234,Ali,Jones,Male,76.89,58.99,91.29,83.67,98.89,3.34,IV/II
S3235,Liam,Williams,Female,52.98,60.03,84.52,91.46,83.04,3.19,IV/II
S3236,John,Davis,Male,77.78,91.28,90.11,93.74,68.71,3.78,II/II
S3237,John,Davis,Female,89.57,48.99,93.02,85.22,57.31,2.37,III/II
S3238,Maria,Jones,Male,78.69,96.76,64.97,84.37,57.64,2.16,I/II
S3239,Ahmed,Brown,Female,63.27,70.45,60.76,52.83,68.14,2.48,III/II
S3240,Ali,Davis,Male,83.38,95.58,43.46,55.49,85.69,3.59,II/I
S3241,John,Brown,Female,68.07,60.21,95.83,90.63,51.59,2.07,III/II
S3242,Ali,Brown,Female,77.24,82.96,43.95,61.65,92.61,3.17,III/I
S3243,Sara,Brown,Male,74.38,68.97,84.47,67.78,97.08,3.99,II/II
S3244,Maria,Smith,Female,69.06,77.61,62.69,57.26,94.44,3.71,II/I
S3245,Sara,Williams,Female,85.94,70.26,96.93,59.76,95.65,3.04,II/I
S3246,Ali,Williams,Male,94.19,98.03,65.18,88.77,50.77,2.13,IV/I
S3247,Omar,Davis,Male,50.26,81.53,89.0,63.09,98.89,3.66,II/I
S3248,Liam,Davis,Female,96.68,55.08,56.96,72.45,68.32,3.2,IV/I
S3249,Ali,Brown,Male,75.58,94.58,57.95,57.58,93.46,2.23,I/I
S3250,Ahmed,Smith,Male,85.04,57.64,75.73,83.9,59.34,2.19,IV/II
S3251,John,Brown,Male,92.78,62.3,99.88,86.41,72.33,3.82,IV/I
S3252,John,Smith,Female,73.36,46.13,71.05,68.08,52.21,3.34,II/II
S3253,Sara,Brown,Female,91.75,94.0,96.18,89.24,52.0,3.66,III/II
S3254,Liam,Johnson,Female,58.88,57.17,87.17,62.0,97.16,3.76,IV/I
S3255,Maria,Johnson,Female,57.96,55.54,87.75,84.6,90.53,3.14,II/I
S3256,Omar,Jones,Female,82.87,95.22,66.16,86.5,76.49,3.03,II/II
S3257,Emma,Brown,Female,93.51,88.33,63.19,98.43,76.27,2.86,IV/I
S3258,Liam,Davis,Female,94.62,48.46,51.52,61.62,87.44,2.63,IV/I
S3259,John,Williams,Male,82.19,86.16,97.84,54.69,67.08,2.87,II/I
S3260,Ahmed,Jones,Female,76.27,94.78,97.56,63.15,88.09,3.55,III/I
S3261,Liam,Davis,Female,66.57,44.71,84.82,56.14,74.25,3.2,III/I
S3262,Sara,Johnson,Male,99.0,89.51,57.78,58.48,81.9,3.79,IV/I
S3263,Sara,Brown,Male,65.98,72.85,54.71,66.71,98.24,2.89,III/I
S3264,Emma,Jones,Male,87.21,80.15,99.32,70.7,73.57,3.21,I/II
S3265,Ahmed,Brown,Female,76.6,69.57,43.99,95.19,70.92,3.26,II/I
S3266,Maria,Johnson,Male,80.43,81.87,90.61,59.78,95.29,3.18,I/II
S3267,Liam,Jones,Female,69.67,42.05,61.33,98.59,95.13,3.41,II/II
S3268,Ahmed,Johnson,Female,98.24,85.76,65.13,90.51,99.62,2.47,I/II
S3269,Maria,Smith,Female,78.58,42.0,89.92,94.07,77.54,3.02,II/II
S3270,Ahmed,Johnson,Male,96.89,67.32,45.44,96.47,67.21,2.21,IV/I
S3271,Ahmed,Brown,Male,50.38,49.06,61.25,87.66,62.02,2.77,II/II
S3272,Ali,Williams,Female,78.63,89.41,97.12,89.44,51.7,2.98,II/II
S3273,Sara,Johnson,Female,85.86,58.82,81.94,71.89,86.34,3.3,III/II
S3274,Liam,Davis,Female,87.25,67.25,85.3,75.52,61.67,3.9,I/II
S3275,Ahmed,Williams,Male,95.25,65.73,85.45,96.62,80.33,3.2,III/II
S3276,Liam,Smith,Female,50.22,86.35,43.63,68.91,95.83,3.49,IV/I
S3277,Emma,Jones,Male,50.02,68.87,52.19,52.1,97.51,3.01,II/I
S3278,Ahmed,Jones,Female,73.61,87.34,69.48,88.14,50.22,3.27,I/II
S3279,John,Williams,Male,51.46,44.41,62.09,78.66,65.85,2.14,II/I
S3280,Sara,Jones,Female,98.73,51.5,64.65,90.74,91.87,2.51,II/I
S3281,John,Johnson,Male,61.1,73.09,86.89,53.78,76.82,2.72,II/II
S3282,Liam,Williams,Male,73.63,96.83,40.88,81.06,90.38,2.94,IV/II
S3283,Liam,Brown,Male,53.06,44.49,79.63,62.39,92.67,2.09,I/II
S3284,Sara,Johnson,Male,76.1,42.59,40.01,95.16,72.13,2.28,II/I
S3285,Liam,Johnson,Male,69.0,49.39,43.78,55.5,67.95,2.55,IV/II
S3286,John,Johnson,Male,52.23,78.47,64.5,92.15,72.77,3.94,III/I
S3287,Ahmed,Brown,Female,66.76,63.94,90.46,54.43,82.64,2.66,II/I
S3288,Ahmed,Smith,Female,69.57,89.53,48.7,51.25,68.36,2.96,III/I
S3289,Ali,Davis,Female,99.5,44.32,73.28,61.75,88.75,2.39,I/II
S3290,Emma,Jones,Female,60.39,51.78,80.71,66.65,95.2,3.22,IV/I
S3291,Liam,Williams,Male,77.24,58.0,53.77,81.33,64.12,2.56,III/II
S3292,John,Smith,Female,99.37,77.6,70.74,56.59,98.25,2.41,I/II
S3293,Liam,Williams,Male,89.6,81.11,94.68,71.87,81.14,3.03,III/II
S3294,Liam,Jones,Male,99.67,47.45,70.73,60.21,93.91,2.01,III/II
S3295,Maria,Brown,Male,98.41,96.63,49.44,92.77,55.2,2.02,I/II
S3296,Ali,Johnson,Female,74.48,60.46,77.67,52.25,62.57,2.44,II/I
S3297,John,Johnson,Male,84.82,82.79,75.53,67.8,66.05,2.07,I/I
S3298,John,Brown,Female,55.52,71.45,41.62,81.57,65.14,2.22,II/I
S3299,Liam,Smith,Female,72.06,53.37,45.44,95.65,58.59,2.68,II/I
S3300,Ali,Smith,Female,90.45,90.77,49.41,93.4,93.41,3.61,IV/I
S3301,Ahmed,Williams,Female,75.27,89.09,48.18,94.76,70.93,3.14,II/II
S3302,John,Brown,Female,85.13,63.76,55.57,53.14,98.16,3.03,II/II
S3303,Ahmed,Smith,Male,87.29,75.32,67.25,92.05,79.17,2.59,II/I
S3304,Ali,Brown,Male,62.67,55.47,62.3,89.0,56.92,3.86,III/I
S3305,Ahmed,Jones,Female,93.78,81.39,93.44,95.12,77.3,2.79,IV/I
S3306,Sara,Johnson,Male,72.99,58.54,76.73,65.58,99.68,2.17,III/II
S3307,Maria,Johnson,Female,60.51,90.64,92.57,95.59,78.26,3.23,IV/II
S3308,Omar,Johnson,Male,93.27,53.04,71.62,70.13,50.09,2.23,II/II
S3309,John,Brown,Male,70.89,40.89,45.39,81.7,96.65,2.69,II/I
S3310,Emma,Brown,Male,87.52,56.11,67.8,71.21,61.74,3.01,IV/I
S3311,Maria,Williams,Male,77.4,51.46,89.32,71.38,84.43,3.75,I/I
S3312,Omar,Johnson,Male,69.09,70.5,51.65,77.33,75.75,2.99,III/I
S3313,Ahmed,Williams,Male,90.49,52.22,45.47,67.8,66.27,3.4,I/II
S3314,John,Johnson,Male,79.22,85.79,59.77,89.64,64.13,3.99,II/I
S3315,Ahmed,Williams,Male,69.53,54.48,63.33,81.68,96.44,2.26,IV/I
S3316,Sara,Williams,Male,55.48,82.42,58.38,84.49,95.6,2.55,II/I
S3317,Ali,Jones,Male,94.77,74.71,48.11,61.55,75.66,2.79,IV/II
S3318,John,Williams,Male,51.77,99.17,55.05,98.48,62.92,2.84,III/II
S3319,Omar,Brown,Male,93.16,99.99,80.94,83.01,55.12,2.82,III/I
S3320,Omar,Williams,Male,68.0,92.17,63.16,59.86,57.83,3.82,II/II
S3321,Sara,Johnson,Female,81.97,85.6,77.95,87.52,76.11,3.43,II/II
S3322,Sara,Williams,Male,96.11,63.19,72.18,58.69,65.39,3.22,II/II
S3323,Liam,Smith,Male,57.59,85.2,72.94,53.17,52.1,2.62,IV/II
S3324,John,Davis,Male,78.35,97.4,54.91,76.38,72.76,3.65,I/II
S3325,Ahmed,Johnson,Male,88.22,41.4,71.29,77.68,87.31,3.91,IV/I
S3326,Emma,Smith,Male,87.88,72.27,41.42,59.45,94.58,3.64,III/I
S3327,Omar,Johnson,Male,76.28,53.08,65.9,67.42,79.26,2.0,III/I
S3328,Omar,Brown,Female,81.24,73.47,74.36,97.29,86.16,3.27,II/II
S3329,Sara,Davis,Female,87.88,67.99,50.92,64.25,68.2,2.1,II/II
S3330,Maria,Davis,Female,92.05,74.55,55.39,57.78,74.81,2.52,III/II
S3331,Sara,Brown,Male,88.09,73.06,53.17,99.63,86.48,2.12,IV/II
S3332,Emma,Davis,Male,67.7,97.61,44.23,65.12,86.38,3.21,I/I
S3333,Ahmed,Brown,Male,99.84,73.13,60.87,84.01,71.23,3.37,I/I
S3334,Ahmed,Smith,Female,71.73,90.77,98.74,61.58,77.18,2.23,II/I
S3335,Maria,Jones,Male,51.22,59.19,61.23,77.51,96.19,2.77,II/I
S3336,Omar,Johnson,Male,68.13,66.29,67.63,69.31,81.6,2.91,III/I
S3337,Sara,Brown,Female,56.39,68.22,79.19,98.08,82.13,2.74,III/I
S3338,Liam,Johnson,Female,56.07,56.72,78.91,71.64,89.23,2.24,I/II
S3339,Ahmed,Smith,Male,64.08,62.79,96.99,79.21,55.76,2.84,I/II
S3340,Emma,Jones,Male,52.67,75.91,91.45,97.24,76.14,3.5,I/I
S3341,John,Smith,Male,84.43,74.81,87.64,99.46,97.97,2.14,IV/II
S3342,Ali,Davis,Male,53.7,78.19,97.1,55.08,68.08,2.16,II/I
S3343,Ali,Johnson,Female,60.16,61.11,53.85,91.72,64.75,2.71,I/I
S3344,Ali,Jones,Male,54.64,58.95,77.02,69.11,80.06,3.88,IV/II
S3345,Liam,Davis,Male,53.16,76.7,93.23,79.74,61.06,3.34,I/I
S3346,Omar,Jones,Female,63.39,47.97,77.45,68.75,77.8,3.36,II/I
S3347,Sara,Davis,Male,78.59,55.18,98.65,70.06,57.78,2.72,IV/I
S3348,Maria,Smith,Male,98.23,42.53,46.02,57.94,78.99,3.19,I/II
S3349,Liam,Brown,Female,93.78,44.36,66.36,78.64,80.12,2.02,III/II
S3350,Liam,Johnson,Female,93.8,54.6,98.64,77.34,70.92,3.27,III/II
S3351,Ahmed,Williams,Male,58.8,41.17,62.77,59.47,69.14,3.83,III/II
S3352,John,Williams,Female,63.25,54.72,84.37,77.09,62.27,3.23,II/I
S3353,Liam,Smith,Female,53.82,79.3,41.82,98.66,66.55,3.75,II/II
S3354,Emma,Johnson,Male,88.92,43.67,81.69,85.72,74.92,3.45,II/II
S3355,John,Johnson,Female,53.49,66.2,96.08,74.05,62.38,2.24,II/II
S3356,Emma,Smith,Male,77.83,94.79,62.96,95.8,89.14,3.8,III/I
S3357,Omar,Johnson,Male,62.39,87.48,41.28,78.77,85.45,2.13,I/II
S3358,Sara,Brown,Male,62.17,58.33,41.67,56.75,63.47,3.07,I/II
S3359,Ali,Smith,Male,99.54,95.49,93.52,77.38,54.87,2.28,IV/I
S3360,Liam,Brown,Female,87.84,59.78,83.35,59.05,50.01,2.02,IV/I
S3361,Sara,Johnson,Male,91.85,44.35,46.4,88.38,79.84,2.84,III/I
S3362,Omar,Smith,Male,78.6,99.64,43.28,98.36,60.57,2.59,I/I
S3363,Maria,Johnson,Male,93.55,92.2,88.29,68.04,50.63,2.97,IV/II
S3364,Maria,Smith,Male,82.27,67.96,88.59,71.75,67.95,3.15,IV/I
S3365,Omar,Johnson,Female,97.31,79.98,47.23,71.07,98.1,2.09,III/II
S3366,Emma,Brown,Female,64.07,80.27,58.09,64.26,84.5,2.25,II/II
S3367,Ahmed,Brown,Female,79.77,51.67,86.8,89.71,92.89,3.12,III/II
S3368,Ahmed,Johnson,Male,84.51,52.0,71.52,80.89,57.24,2.69,II/II
S3369,Emma,Smith,Female,69.65,68.17,97.4,53.2,53.66,3.46,III/II
S3370,Maria,Williams,Female,93.99,94.69,68.86,91.94,50.58,3.3,I/I
S3371,Maria,Brown,Male,98.99,40.6,80.62,59.35,97.78,3.69,IV/II
S3372,Liam,Brown,Female,74.69,86.95,70.59,98.96,65.01,3.38,III/II
S3373,Maria,Davis,Male,69.53,43.45,96.58,68.83,72.98,2.86,III/II
S3374,Sara,Williams,Female,73.6,68.69,63.92,80.82,69.73,3.35,II/I
S3375,Maria,Johnson,Female,92.64,78.27,53.79,53.89,86.52,2.55,IV/II
S3376,John,Smith,Female,82.27,81.21,59.6,67.23,65.5,2.61,III/II
S3377,Liam,Davis,Female,52.24,43.51,91.17,90.12,76.77,3.58,II/I
S3378,Ali,Johnson,Male,77.11,65.12,69.88,73.86,99.78,2.89,I/II
S3379,Maria,Jones,Male,50.87,75.03,61.26,95.23,72.2,3.6,IV/II
S3380,Emma,Brown,Female,88.93,43.96,72.66,78.76,77.56,3.64,III/I
S3381,Ali,Jones,Male,66.42,48.11,47.99,96.43,75.13,3.72,IV/II
S3382,Sara,Brown,Female,73.6,79.82,40.32,99.13,90.16,3.83,IV/II
S3383,Emma,Brown,Female,89.93,71.3,56.84,72.69,63.34,2.86,III/II
S3384,Ali,Jones,Female,52.32,49.71,76.3,78.26,58.52,2.64,I/II
S3385,Emma,Jones,Female,57.93,72.11,82.7,91.75,87.7,3.16,IV/II
S3386,Sara,Johnson,Female,69.9,94.76,89.6,61.08,70.78,2.74,IV/I
S3387,Liam,Davis,Female,61.5,40.94,95.6,93.08,95.69,3.2,IV/I
S3388,John,Davis,Male,66.9,78.56,64.73,79.6,82.21,3.41,II/I
S3389,Sara,Jones,Male,99.91,44.42,84.43,86.28,78.22,3.38,III/II
S3390,Sara,Johnson,Female,91.27,40.39,44.48,53.99,53.52,2.75,III/II
S3391,Emma,Davis,Male,94.2,49.04,43.45,88.31,86.52,2.33,IV/II
S3392,Liam,Johnson,Female,96.85,65.37,47.49,65.54,84.3,2.86,I/I
S3393,Omar,Johnson,Male,67.05,88.14,66.91,90.26,82.0,2.29,I/II
S3394,Ahmed,Brown,Male,64.85,56.91,52.68,75.46,63.4,3.78,II/II
S3395,Maria,Davis,Male,61.7,77.54,57.22,63.73,97.34,2.69,II/II
S3396,Maria,Davis,Female,91.51,64.67,78.87,97.64,66.08,2.31,I/I
S3397,John,Brown,Male,83.98,54.06,61.51,88.25,57.61,2.05,II/I
S3398,John,Jones,Female,61.81,70.85,73.44,99.28,99.36,3.29,II/II
S3399,Maria,Brown,Female,68.85,87.85,64.74,68.22,87.31,3.27,IV/II
S3400,Ahmed,Davis,Female,75.34,89.95,50.14,82.46,70.74,2.68,II/II
S3401,Maria,Davis,Male,76.41,90.79,44.44,80.58,96.8,2.14,IV/I
S3402,Omar,Jones,Male,94.44,60.31,54.17,84.38,54.56,2.82,IV/I
S3403,Ahmed,Brown,Male,69.03,87.61,43.46,51.92,54.38,2.62,III/I
S3404,John,Smith,Female,95.43,52.73,77.12,64.59,84.12,3.35,I/II
S3405,Ali,Smith,Female,72.07,84.31,87.74,95.47,58.9,3.21,II/I
S3406,Emma,Jones,Male,87.32,96.9,60.38,71.19,95.86,2.73,III/II
S3407,Omar,Brown,Female,96.51,40.82,63.23,98.03,92.02,2.44,I/II
S3408,Omar,Brown,Male,95.38,66.42,88.97,60.68,65.32,3.98,II/I
S3409,Liam,Johnson,Male,52.85,78.87,53.36,99.87,94.44,2.91,II/II
S3410,John,Davis,Male,60.29,82.11,47.15,84.88,52.14,3.38,III/I
S3411,John,Williams,Male,73.85,50.57,70.07,88.82,77.43,2.28,I/II
S3412,Sara,Jones,Female,71.58,98.33,78.77,69.84,96.78,2.97,II/II
S3413,Omar,Williams,Male,82.04,76.92,75.98,95.35,92.77,2.06,II/I
S3414,Sara,Williams,Male,97.24,49.86,82.83,77.27,67.8,3.01,I/II
S3415,Sara,Jones,Male,55.62,41.23,43.41,84.05,59.14,3.93,III/II
S3416,Emma,Brown,Male,72.59,87.0,65.69,54.74,60.53,2.77,I/II
S3417,Sara,Jones,Male,59.62,44.78,54.31,81.58,75.73,2.08,II/II
S3418,Ahmed,Williams,Male,94.71,48.46,85.55,93.95,79.84,2.06,IV/II
S3419,Maria,Davis,Male,98.23,74.49,92.36,58.91,51.64,2.78,IV/II
S3420,Ali,Davis,Female,73.94,76.21,56.88,86.89,70.68,2.32,I/II
S3421,John,Davis,Female,55.2,81.21,45.71,51.27,91.52,2.05,III/II
S3422,Ahmed,Brown,Female,89.26,63.61,55.21,96.31,72.22,3.51,III/I
S3423,Ali,Smith,Female,84.86,86.43,46.24,99.15,58.46,2.92,III/I
S3424,Omar,Jones,Male,67.73,98.46,59.35,67.71,97.74,2.58,IV/II
S3425,Omar,Davis,Female,94.37,56.27,72.29,55.35,63.31,3.8,II/II
S3426,Omar,Jones,Female,98.79,82.18,98.42,82.93,89.92,2.23,II/I
S3427,Ahmed,Davis,Female,77.89,95.71,63.96,51.49,59.69,3.91,II/II
S3428,Ahmed,Brown,Male,78.29,81.18,53.2,74.12,71.16,2.63,III/I
S3429,John,Smith,Female,64.88,80.87,50.01,63.59,74.52,3.78,I/I
S3430,Maria,Smith,Female,79.23,53.43,50.38,73.67,75.03,3.21,I/I
S3431,Liam,Davis,Male,71.98,72.11,51.56,50.91,75.82,3.65,I/II
S3432,Sara,Brown,Female,65.11,73.75,85.74,52.58,61.25,3.97,III/II
S3433,Omar,Johnson,Male,53.36,82.01,43.66,50.8,75.8,2.58,IV/II
S3434,Emma,Jones,Female,62.64,99.81,99.84,80.96,74.09,3.92,IV/I
S3435,Maria,Jones,Male,59.89,42.02,71.36,78.0,60.44,2.78,IV/I
S3436,Emma,Williams,Female,77.1,43.91,72.66,61.66,99.41,2.77,IV/I
S3437,John,Brown,Female,80.08,44.68,61.45,82.33,93.28,2.68,I/II
S3438,John,Williams,Female,80.43,84.58,81.42,94.21,94.38,3.08,I/I
S3439,John,Davis,Male,69.41,48.18,68.29,63.87,84.28,2.31,III/I
S3440,Ali,Williams,Female,71.06,77.35,59.74,91.6,57.99,3.11,I/II
S3441,Emma,Smith,Male,91.71,59.48,55.91,83.13,78.4,3.08,IV/I
S3442,Maria,Jones,Male,73.81,67.44,95.54,51.69,91.07,3.52,IV/I
S3443,Liam,Williams,Male,99.39,52.94,57.46,68.76,51.94,3.67,IV/II
S3444,Maria,Smith,Male,71.98,91.97,66.18,75.39,74.79,2.88,II/II
S3445,Ahmed,Brown,Female,82.48,75.17,61.02,86.58,69.81,2.6,IV/I
S3446,Ahmed,Williams,Female,52.52,96.67,45.17,64.36,60.61,2.52,III/II
S3447,Omar,Davis,Female,82.67,74.48,51.16,99.14,68.91,2.39,IV/I
S3448,Liam,Davis,Male,92.57,47.43,51.37,84.23,99.17,2.12,II/II
S3449,Ahmed,Davis,Female,97.12,50.25,81.62,68.64,86.16,2.68,IV/I
S3450,John,Jones,Male,99.87,99.34,64.4,54.85,64.98,2.54,III/II
S3451,Maria,Williams,Male,64.11,83.53,86.92,59.07,80.27,3.93,III/I
S3452,Emma,Brown,Male,78.77,42.96,82.54,74.38,62.33,3.12,I/II
S3453,John,Williams,Female,72.54,82.23,51.52,74.73,80.54,2.69,III/II
S3454,Ali,Jones,Female,78.19,64.73,73.78,88.39,94.81,3.16,II/II
S3455,Ahmed,Smith,Male,57.87,58.43,84.57,86.31,77.84,2.28,I/II
S3456,John,Jones,Female,92.81,49.24,77.98,60.06,86.67,2.89,I/II
S3457,John,Davis,Female,95.48,90.39,76.0,79.75,72.67,3.25,II/II
S3458,Ali,Smith,Male,72.48,43.83,84.38,51.03,76.21,2.98,IV/II
S3459,Sara,Davis,Male,64.02,57.39,43.41,69.93,84.75,2.8,I/I
S3460,Maria,Johnson,Female,57.04,58.38,83.89,88.21,90.62,3.99,IV/I
S3461,Emma,Jones,Male,84.19,49.65,56.36,69.98,82.97,3.76,III/II
S3462,Omar,Jones,Male,65.61,70.49,74.31,91.78,98.87,3.25,II/II
S3463,Sara,Brown,Female,95.48,40.7,54.54,98.81,90.99,3.14,III/I
S3464,Ahmed,Williams,Female,83.55,58.06,90.33,80.36,88.86,3.24,II/I
S3465,John,Smith,Male,82.28,96.02,68.83,57.25,92.26,2.4,II/II
S3466,Liam,Smith,Female,77.97,58.63,78.58,68.98,64.06,2.79,IV/I
S3467,Ali,Brown,Male,52.29,61.63,87.64,50.47,71.6,2.08,IV/I
S3468,Ali,Brown,Male,96.6,68.39,93.72,80.14,78.22,2.95,I/II
S3469,Liam,Williams,Female,81.4,73.7,83.92,91.08,73.12,3.09,I/II
S3470,Maria,Davis,Male,99.7,88.52,48.93,81.5,92.37,2.46,II/II
S3471,Sara,Williams,Male,76.87,51.42,91.27,89.3,51.35,3.93,II/I
S3472,Omar,Jones,Male,85.51,92.3,77.11,90.0,60.46,3.82,IV/II
S3473,Maria,Davis,Female,52.81,85.45,76.57,92.55,94.09,3.44,II/II
S3474,Liam,Johnson,Female,81.59,83.36,95.28,63.33,52.96,3.07,II/I
S3475,John,Williams,Female,88.23,45.21,54.93,93.56,61.35,3.74,IV/II
S3476,Liam,Brown,Male,88.93,41.3,54.38,82.7,67.56,2.26,II/I
S3477,Maria,Davis,Male,88.51,75.64,70.79,64.49,87.54,3.58,IV/I
S3478,Emma,Williams,Female,61.31,91.79,85.05,99.36,78.01,2.25,IV/I
S3479,Ali,Smith,Female,98.77,75.07,66.83,97.51,97.73,3.59,IV/I
S3480,Ali,Johnson,Female,99.76,52.79,78.03,78.72,61.39,2.55,III/I
S3481,Ahmed,Jones,Male,53.78,45.43,67.15,92.16,93.61,3.75,IV/I
S3482,Ahmed,Smith,Female,96.82,81.98,76.62,63.07,64.15,3.89,III/II
S3483,Liam,Smith,Male,64.47,83.31,89.34,70.8,62.27,2.3,I/II
S3484,Omar,Johnson,Female,84.46,50.35,50.83,59.2,74.92,2.93,I/II
S3485,John,Jones,Male,66.91,41.69,81.72,76.01,53.56,3.96,II/I
S3486,Emma,Brown,Male,98.39,64.5,87.25,74.8,69.22,2.97,I/II
S3487,Sara,Davis,Female,55.08,74.96,66.83,60.64,67.78,3.73,I/I
S3488,Maria,Jones,Male,74.89,82.36,59.39,83.64,58.01,3.18,IV/II
S3489,Omar,Williams,Female,71.4,88.6,40.81,55.89,93.04,2.75,II/I
S3490,John,Smith,Male,66.3,76.63,87.83,53.08,69.29,2.57,I/II
S3491,Ahmed,Williams,Male,82.28,46.65,59.68,69.25,99.1,2.41,I/I
S3492,Liam,Brown,Female,56.55,80.95,61.44,70.49,94.99,3.52,IV/II
S3493,Maria,Williams,Male,85.83,99.05,60.16,65.99,59.74,2.77,III/I
S3494,Ahmed,Jones,Female,99.03,94.34,69.92,62.9,75.26,3.02,I/II
S3495,Liam,Williams,Female,90.23,92.3,82.15,66.94,80.09,2.98,I/I
S3496,Maria,Brown,Female,93.0,58.13,86.31,58.17,90.95,3.15,II/II
S3497,Sara,Brown,Male,67.98,85.05,63.55,70.17,94.28,3.73,III/II
S3498,John,Brown,Male,66.24,91.07,79.79,95.23,81.2,3.96,II/II
S3499,Maria,Jones,Male,75.85,80.7,83.24,61.22,51.76,2.82,I/I
S3500,Emma,Brown,Female,52.29,55.03,57.82,84.22,74.06,3.66,II/I
S3501,Omar,Smith,Female,97.27,97.23,45.8,57.09,94.24,3.53,IV/I
S3502,Ali,Brown,Male,57.19,67.05,93.68,67.7,85.7,3.15,IV/I
S3503,Emma,Williams,Male,95.15,47.79,80.63,66.06,93.51,3.91,IV/I
S3504,Emma,Davis,Female,54.18,46.59,78.89,96.85,83.7,2.4,IV/II
S3505,Omar,Williams,Male,91.13,78.85,43.53,71.4,52.2,2.22,II/I
S3506,Ali,Davis,Female,57.6,66.26,89.07,84.52,98.4,3.71,IV/II
S3507,Emma,Williams,Male,51.91,45.67,73.96,80.12,95.9,2.88,I/II
S3508,Maria,Jones,Female,85.97,84.42,90.87,57.05,56.33,3.69,IV/I
S3509,Maria,Williams,Male,64.01,87.96,98.47,96.98,55.63,3.79,II/II
S3510,Maria,Jones,Male,85.72,83.52,97.43,67.29,76.95,2.12,II/I
S3511,Ali,Jones,Female,77.75,52.14,91.37,52.24,87.85,3.77,II/I
S3512,Emma,Brown,Female,55.44,81.39,40.66,65.02,69.11,2.9,IV/I
S3513,Liam,Smith,Female,96.61,40.64,93.14,66.78,56.82,3.02,II/II
S3514,Ali,Davis,Male,72.62,58.31,44.5,54.64,75.53,3.25,III/I
S3515,Maria,Brown,Female,86.72,63.93,91.07,81.0,66.88,3.85,II/I
S3516,Omar,Brown,Female,75.05,90.11,56.81,67.34,67.59,2.04,IV/I
S3517,Emma,Jones,Male,80.22,63.42,76.6,81.46,82.25,2.95,III/II
S3518,Emma,Jones,Female,65.14,40.68,42.28,50.34,94.28,3.38,I/I
S3519,Ahmed,Davis,Female,60.02,61.14,86.27,99.1,77.93,3.45,IV/II
S3520,Ahmed,Williams,Female,77.13,69.94,46.7,58.53,84.38,3.39,I/II
S3521,Sara,Williams,Male,72.01,96.94,64.64,82.97,83.0,2.27,II/I
S3522,Liam,Brown,Male,69.51,96.46,89.05,85.79,77.56,2.6,III/II
S3523,Liam,Johnson,Male,83.63,50.85,81.72,58.58,65.54,2.72,III/II
S3524,John,Johnson,Female,84.53,51.11,40.36,55.59,68.89,3.61,II/I
S3525,Liam,Williams,Male,52.3,49.8,64.18,57.63,65.79,2.56,III/I
S3526,Ahmed,Johnson,Female,66.94,87.34,42.52,62.34,95.87,2.42,I/I
S3527,Ali,Williams,Female,70.59,40.36,80.41,58.41,91.33,3.91,I/II
S3528,Liam,Jones,Female,54.84,47.63,98.14,83.7,78.97,2.02,II/I
S3529,Ahmed,Brown,Male,61.8,72.28,79.32,71.04,95.61,4.0,IV/II
S3530,Sara,Smith,Male,52.58,54.85,53.46,76.89,94.32,3.35,I/II
S3531,Emma,Brown,Female,99.81,45.54,61.31,52.37,96.38,3.66,II/II
S3532,Liam,Williams,Female,86.83,61.59,98.6,93.06,61.09,2.59,III/II
S3533,Sara,Williams,Male,54.37,56.45,53.44,58.53,85.88,2.03,III/II
S3534,Emma,Brown,Male,51.01,70.67,73.69,68.01,80.46,3.48,II/I
S3535,Omar,Davis,Male,85.96,98.75,64.03,53.6,86.69,3.67,II/I
S3536,Omar,Williams,Female,71.96,47.46,86.1,56.84,63.17,3.48,IV/II
S3537,Emma,Johnson,Male,89.34,62.36,92.04,83.29,84.74,2.29,II/II
S3538,Liam,Johnson,Male,96.17,95.92,60.45,84.63,70.49,3.51,III/I
S3539,John,Williams,Male,79.97,92.61,79.62,83.85,91.7,3.54,II/I
S3540,Ahmed,Williams,Female,59.36,63.66,72.94,77.61,89.77,3.32,III/II
S3541,Ali,Davis,Male,89.11,81.94,56.71,97.63,60.57,3.53,I/II
S3542,Ali,Johnson,Female,97.79,45.27,56.32,75.36,59.19,3.69,I/I
S3543,Maria,Williams,Female,79.01,82.75,72.32,72.47,85.89,3.23,IV/I
S3544,Emma,Williams,Female,84.1,98.37,49.24,62.38,77.52,2.18,I/II
S3545,Ali,Davis,Male,66.87,72.25,88.65,54.94,77.86,2.98,III/I
S3546,Liam,Davis,Male,69.08,69.91,44.14,77.41,87.63,2.16,I/I
S3547,John,Brown,Male,86.73,51.24,45.67,65.74,92.75,2.82,I/II
S3548,Emma,Davis,Female,96.39,78.03,60.53,76.2,61.95,2.81,I/II
S3549,John,Smith,Male,81.45,75.43,47.09,60.31,77.78,2.13,II/II
S3550,Liam,Johnson,Female,89.49,79.12,68.54,91.91,91.45,2.7,IV/I
S3551,Ali,Brown,Male,58.58,41.56,63.98,99.98,93.64,2.22,IV/II
S3552,Ali,Smith,Male,60.6,72.92,83.31,66.12,64.37,3.62,III/I
S3553,Maria,Williams,Male,76.6,75.7,97.18,92.12,55.21,3.9,III/II
S3554,Ali,Williams,Male,58.83,52.45,85.21,93.65,61.64,2.14,II/II
S3555,Emma,Brown,Female,81.75,52.5,50.77,99.8,97.27,3.91,I/I
S3556,Liam,Davis,Female,64.58,56.57,96.13,67.14,73.12,3.05,IV/I
S3557,Omar,Williams,Female,89.58,82.7,63.53,87.8,70.93,2.6,III/II
S3558,Liam,Jones,Female,90.41,76.38,68.45,61.44,50.65,2.15,II/II
S3559,Emma,Brown,Male,73.19,90.75,65.29,81.24,52.55,3.0,IV/I
S3560,Emma,Smith,Female,59.04,57.74,56.83,85.24,83.43,3.59,IV/II
S3561,Maria,Brown,Female,82.34,94.72,93.7,87.06,79.49,3.41,III/I
S3562,Maria,Johnson,Female,99.64,84.62,59.93,60.36,78.78,2.1,II/I
S3563,Ali,Davis,Male,81.13,63.7,74.72,92.44,55.52,2.15,IV/II
S3564,Sara,Davis,Female,51.79,45.72,54.4,71.05,67.6,2.81,II/I
S3565,Liam,Brown,Female,50.86,55.42,87.84,60.82,90.62,2.59,I/I
S3566,Liam,Williams,Male,66.02,97.41,86.45,77.13,58.75,2.46,II/I
S3567,Sara,Williams,Male,59.79,58.62,57.78,93.17,94.13,2.56,II/II
S3568,Maria,Jones,Female,90.65,59.79,80.89,98.35,56.07,3.61,I/I
S3569,Ali,Jones,Female,92.24,51.38,82.23,87.41,58.46,3.86,III/II
S3570,Sara,Davis,Male,62.93,88.41,73.75,50.28,73.89,2.81,IV/II
S3571,Ali,Jones,Female,66.28,56.54,76.04,56.74,97.26,3.81,IV/II
S3572,Ali,Smith,Male,61.81,59.82,74.47,53.81,66.48,2.64,III/I
S3573,Ali,Jones,Female,95.42,64.86,44.91,55.06,82.91,2.95,I/I
S3574,Ahmed,Smith,Female,75.13,66.02,80.22,69.15,79.43,2.45,III/II
S3575,Emma,Jones,Female,82.81,64.68,68.19,66.92,57.48,3.28,IV/II
S3576,Ali,Davis,Female,70.77,70.22,66.31,55.68,62.41,3.96,I/I
S3577,Ahmed,Davis,Female,81.55,88.87,91.6,94.11,96.51,3.21,I/II
S3578,Maria,Smith,Male,69.29,89.16,41.39,80.77,59.24,2.72,I/II
S3579,Sara,Brown,Male,66.98,87.9,55.08,89.82,84.75,3.3,I/I
S3580,Emma,Davis,Female,81.72,46.07,47.28,68.58,98.23,2.25,IV/II
S3581,Omar,Brown,Female,79.55,87.98,42.12,70.51,55.98,3.78,IV/I
S3582,Sara,Williams,Female,64.68,47.22,56.54,65.88,69.96,3.01,II/I
S3583,Emma,Smith,Male,57.47,47.48,99.31,71.92,61.2,2.9,I/II
S3584,Omar,Davis,Male,68.43,96.87,56.21,80.52,61.08,3.17,IV/I
S3585,Sara,Johnson,Male,70.76,89.16,79.82,74.65,55.95,3.25,IV/I
S3586,Emma,Williams,Male,81.43,73.14,47.1,91.9,82.48,2.14,III/I
S3587,Sara,Brown,Male,95.73,92.5,76.11,95.01,87.32,3.37,III/II
S3588,Sara,Davis,Male,51.81,99.36,99.07,73.48,83.84,2.48,II/II
S3589,Omar,Smith,Male,62.18,76.64,57.51,61.99,96.23,3.43,I/II
S3590,Sara,Jones,Male,59.69,76.77,90.88,97.26,57.28,3.65,I/I
S3591,Sara,Johnson,Female,75.11,85.27,99.85,86.75,65.99,3.61,II/I
S3592,Omar,Brown,Male,71.49,53.93,75.31,82.01,67.23,3.11,II/II
S3593,Maria,Williams,Male,86.45,50.03,58.56,87.27,61.6,3.04,III/II
S3594,Ali,Smith,Male,62.12,85.57,80.41,53.8,57.11,2.29,IV/I
S3595,Liam,Johnson,Male,79.72,60.69,90.69,53.38,74.34,3.55,III/II
S3596,John,Smith,Female,94.19,48.1,50.28,57.66,91.72,2.54,IV/II
S3597,Ahmed,Davis,Male,95.53,58.89,67.15,57.37,97.73,2.99,I/II
S3598,John,Jones,Female,97.94,61.52,59.15,71.03,56.47,2.57,III/II
S3599,John,Williams,Female,88.66,97.91,57.0,57.87,91.16,2.27,III/II
S3600,Emma,Smith,Female,95.3,81.88,91.65,92.73,91.23,3.26,II/I
S3601,Ali,Brown,Male,61.73,71.85,65.3,78.9,69.45,2.11,IV/II
S3602,Emma,Davis,Male,59.88,98.13,60.34,68.41,55.5,3.5,IV/II
S3603,Ali,Davis,Male,50.32,94.19,76.21,53.48,99.5,2.64,IV/I
S3604,Omar,Williams,Female,85.34,70.72,53.16,79.55,82.78,2.0,II/I
S3605,Omar,Davis,Female,96.87,94.34,53.79,55.83,99.11,3.02,II/I
S3606,Liam,Brown,Female,59.35,64.26,71.22,87.16,74.18,2.09,I/I
S3607,Ali,Smith,Female,81.85,53.83,64.56,90.14,69.76,2.55,III/II
S3608,Sara,Williams,Male,87.32,53.96,57.7,77.2,62.36,3.41,III/II
S3609,Maria,Davis,Male,96.38,79.74,43.24,57.48,99.18,2.13,IV/II
S3610,Liam,Davis,Male,82.34,70.06,71.25,89.34,62.66,3.68,III/II
S3611,Liam,Brown,Female,98.51,79.54,89.0,65.39,51.19,2.01,III/I
S3612,Sara,Jones,Female,67.23,81.16,91.08,61.13,75.62,2.49,II/I
S3613,Maria,Jones,Male,67.5,41.34,54.13,73.53,68.85,3.48,II/II
S3614,Emma,Davis,Male,77.15,43.24,75.98,96.13,63.07,2.63,IV/II
S3615,Maria,Smith,Female,69.18,71.96,91.35,64.87,81.73,2.2,I/II
S3616,Emma,Williams,Male,50.07,51.46,64.52,95.28,68.21,2.72,IV/II
S3617,Omar,Davis,Male,86.59,77.95,95.93,52.68,70.11,2.54,IV/I
S3618,John,Johnson,Female,87.59,73.13,94.18,54.18,51.15,3.69,II/II
S3619,Omar,Williams,Female,87.35,75.15,52.49,84.93,79.45,2.63,IV/I
S3620,Omar,Jones,Female,67.25,58.15,55.54,59.53,56.1,3.58,I/I
S3621,John,Davis,Male,76.11,78.39,50.83,65.83,60.69,3.78,I/I
S3622,Maria,Brown,Female,68.0,89.77,51.76,56.82,85.86,2.87,IV/I
S3623,Liam,Johnson,Male,50.8,99.88,94.47,66.61,65.66,3.82,III/II
S3624,Maria,Davis,Male,78.12,90.31,95.87,64.02,58.16,2.75,II/II
S3625,Emma,Smith,Female,56.19,73.45,43.11,86.82,78.87,3.93,III/II
S3626,Sara,Johnson,Male,54.0,51.61,75.62,85.1,60.75,2.18,IV/II
S3627,Emma,Davis,Female,87.77,80.89,73.85,97.75,63.55,3.37,III/I
S3628,Sara,Smith,Female,50.48,96.26,63.43,86.22,81.07,2.99,I/I
S3629,Omar,Johnson,Male,97.95,52.71,77.9,84.74,86.99,2.78,I/I
S3630,John,Smith,Male,75.76,55.36,96.84,84.71,86.98,3.27,II/II
S3631,Omar,Smith,Female,99.15,48.94,50.22,94.15,74.11,3.41,I/I
S3632,Ali,Johnson,Female,52.9,84.2,47.22,64.81,72.71,2.01,III/I
S3633,Maria,Johnson,Female,79.18,64.39,42.0,65.0,89.38,2.33,III/I
S3634,Sara,Smith,Female,67.47,43.76,61.83,87.06,59.65,3.43,III/I
S3635,Emma,Jones,Female,92.17,92.5,60.26,61.44,57.61,3.33,I/II
S3636,John,Johnson,Female,68.06,73.46,65.85,95.6,83.23,3.93,III/I
S3637,Sara,Davis,Male,63.02,59.87,70.2,76.74,70.48,3.52,III/I
S3638,Emma,Williams,Male,92.88,60.64,85.47,65.01,85.5,3.9,I/II
S3639,Maria,Brown,Male,68.73,57.42,63.53,88.8,62.83,3.41,III/II
S3640,Omar,Smith,Male,50.84,67.33,59.84,65.62,66.24,2.6,IV/II
S3641,Maria,Smith,Female,69.51,60.22,89.61,98.16,94.83,2.21,II/I
S3642,Ahmed,Brown,Male,82.73,72.88,90.99,99.15,71.08,3.56,I/I
S3643,Ali,Jones,Male,62.72,86.41,53.97,83.34,79.55,3.29,III/I
S3644,Ahmed,Brown,Female,71.6,80.47,58.88,55.68,55.33,2.1,I/I
S3645,John,Johnson,Male,52.84,57.67,89.51,63.16,58.94,2.72,II/II
S3646,Sara,Brown,Female,79.4,71.72,44.76,75.77,51.79,3.91,I/I
S3647,John,Smith,Female,87.81,90.41,59.55,92.57,71.22,3.0,IV/I
S3648,Omar,Brown,Female,70.67,44.09,66.9,59.24,99.45,2.87,III/II
S3649,Emma,Williams,Female,71.01,44.7,51.22,55.22,93.69,2.92,IV/II
S3650,Maria,Davis,Female,54.41,73.37,50.79,53.72,81.65,2.42,I/II
S3651,Ahmed,Johnson,Male,60.1,78.35,65.49,75.35,93.05,2.74,I/I
S3652,Liam,Brown,Male,57.73,52.68,85.27,94.24,79.71,2.74,I/I
S3653,Ahmed,Smith,Male,74.08,84.71,90.41,52.12,68.44,2.1,I/I
S3654,Omar,Davis,Female,76.46,78.78,98.75,60.62,58.68,3.54,II/I
S3655,Ahmed,Johnson,Male,97.45,95.4,44.44,84.66,82.65,2.83,II/I
S3656,Omar,Smith,Male,53.66,50.14,53.0,91.29,59.65,3.64,II/II
S3657,Liam,Jones,Male,79.99,85.08,85.4,90.37,70.87,3.7,I/II
S3658,John,Williams,Male,76.32,45.02,72.44,89.25,91.29,2.42,I/I
S3659,Maria,Jones,Female,75.81,73.92,59.66,56.49,56.46,3.31,I/I
S3660,Sara,Williams,Male,93.66,73.11,52.34,69.86,56.45,2.94,I/I
S3661,Emma,Brown,Female,60.28,63.3,56.83,99.24,61.22,3.76,I/I
S3662,Sara,Johnson,Female,52.04,90.67,65.76,99.44,77.6,2.43,II/I
S3663,John,Brown,Male,83.61,40.26,50.63,80.12,62.59,3.36,III/II
S3664,Emma,Williams,Female,67.26,71.21,97.85,85.46,75.16,3.22,III/II
S3665,Ahmed,Williams,Female,50.88,53.03,46.46,97.56,65.1,2.59,II/II
S3666,Liam,Williams,Female,62.57,84.61,99.13,72.5,75.31,2.27,IV/I
S3667,Liam,Davis,Female,65.47,42.58,90.51,56.84,63.88,3.3,III/I
S3668,Ali,Smith,Female,80.84,89.89,65.39,83.45,99.0,3.48,I/II
S3669,John,Johnson,Female,58.63,90.29,84.39,98.01,74.64,2.63,III/II
S3670,John,Brown,Female,70.65,89.97,80.29,84.86,87.18,3.29,IV/I
S3671,Maria,Brown,Male,74.12,49.15,52.8,90.17,85.03,2.79,IV/II
S3672,Sara,Jones,Male,72.96,77.82,60.34,71.14,74.53,3.43,IV/II
S3673,John,Williams,Female,98.7,40.86,70.79,54.82,61.94,2.4,I/I
S3674,John,Williams,Female,52.28,90.88,78.27,58.44,75.54,3.78,IV/II
S3675,Ahmed,Williams,Male,97.55,83.38,72.57,99.13,84.05,2.57,III/II
S3676,Ahmed,Brown,Male,79.1,71.87,68.38,74.66,73.0,2.74,II/II
S3677,Emma,Jones,Male,89.79,83.84,66.59,50.6,54.1,2.12,III/I
S3678,Omar,Smith,Male,71.52,45.66,69.9,97.77,50.9,2.22,III/II
S3679,Omar,Davis,Female,72.69,71.72,66.06,74.89,66.39,3.03,II/II
S3680,Ali,Johnson,Female,93.97,57.48,72.48,91.81,57.51,2.54,IV/II
S3681,Omar,Smith,Male,94.8,98.36,93.28,77.42,95.31,3.67,II/I
S3682,Maria,Brown,Male,61.93,91.43,77.97,55.09,58.79,2.03,III/I
S3683,Ali,Davis,Male,59.96,84.0,83.36,80.78,69.71,2.76,II/II
S3684,Emma,Davis,Male,74.81,96.02,75.85,99.87,85.6,2.67,IV/I
S3685,Ahmed,Davis,Female,95.01,60.81,78.58,51.74,90.77,2.04,III/II
S3686,Omar,Williams,Male,66.12,94.05,74.7,92.09,73.89,2.25,II/I
S3687,Sara,Johnson,Male,82.6,59.51,41.61,61.77,59.06,2.83,IV/I
S3688,Ahmed,Brown,Male,85.41,83.97,99.98,69.69,63.54,2.99,II/II
S3689,Liam,Brown,Female,88.93,84.19,42.02,68.64,70.95,2.81,II/II
S3690,Maria,Davis,Female,78.2,41.1,63.71,94.94,68.23,3.06,IV/II
S3691,Ahmed,Brown,Female,70.12,61.66,46.31,75.22,67.43,3.19,IV/I
S3692,Maria,Johnson,Male,98.35,41.17,45.82,72.36,56.59,2.02,III/II
S3693,Maria,Johnson,Male,80.57,99.83,87.61,90.9,95.67,2.93,III/I
S3694,Maria,Jones,Male,86.43,47.33,65.56,52.45,51.49,3.93,II/I
S3695,Emma,Jones,Female,67.25,72.57,88.07,54.32,72.0,3.04,IV/II
S3696,Maria,Smith,Female,83.5,87.43,56.37,51.08,99.02,3.36,I/I
S3697,Maria,Johnson,Male,62.89,52.08,55.39,84.4,82.99,2.62,I/II
S3698,Liam,Johnson,Male,62.25,69.1,55.07,76.28,67.77,3.55,III/I
S3699,Sara,Johnson,Female,85.74,76.45,76.97,93.8,57.3,3.55,IV/II
S3700,Ali,Jones,Male,76.07,49.61,88.9,74.93,98.19,3.04,II/I
S3701,John,Davis,Male,84.16,86.71,67.14,61.09,50.7,3.95,IV/I
S3702,Liam,Davis,Male,63.47,57.96,62.75,90.26,84.07,2.25,II/II
S3703,Ali,Brown,Female,79.94,52.66,98.41,64.72,94.01,2.03,IV/I
S3704,Maria,Davis,Male,72.2,73.5,47.01,96.78,51.26,3.54,IV/II
S3705,Sara,Williams,Male,79.85,64.62,69.2,62.52,86.26,3.61,II/I
S3706,Ahmed,Jones,Male,64.54,95.22,64.51,58.39,99.94,2.24,IV/I
S3707,Sara,Johnson,Male,85.77,92.8,45.89,74.67,81.98,2.53,IV/I
S3708,Liam,Davis,Female,90.3,69.0,56.09,52.53,70.73,2.04,I/II
S3709,Maria,Jones,Female,63.0,61.56,41.71,51.82,93.72,2.59,III/II
S3710,Sara,Davis,Female,65.03,59.53,92.62,74.8,77.71,3.55,IV/II
S3711,Omar,Smith,Male,83.06,56.05,76.47,60.76,87.47,3.04,I/II
S3712,Sara,Johnson,Female,84.78,72.67,88.9,50.47,79.39,2.7,IV/II
S3713,Maria,Smith,Male,85.2,88.3,71.29,64.8,51.91,2.74,I/I
S3714,Emma,Johnson,Female,84.13,58.65,75.97,73.87,60.66,2.0,I/I
S3715,Omar,Jones,Male,69.64,51.41,82.05,69.71,53.94,2.6,I/II
S3716,Sara,Brown,Female,69.74,68.53,94.48,56.77,55.33,3.29,III/I
S3717,John,Davis,Female,62.74,44.14,45.51,78.98,50.77,3.95,III/I
S3718,John,Davis,Female,57.84,82.08,59.86,85.52,71.06,3.69,IV/I
S3719,Sara,Williams,Male,84.63,71.1,82.54,83.78,58.93,2.05,IV/I
S3720,Emma,Smith,Male,54.66,69.78,97.5,69.69,92.78,3.8,II/II
S3721,Ahmed,Davis,Male,96.89,58.03,98.85,56.88,87.5,3.57,I/I
S3722,Maria,Jones,Female,91.33,94.28,78.29,74.97,78.66,3.56,IV/II
S3723,John,Brown,Male,92.88,45.43,51.62,94.52,74.45,2.92,II/II
S3724,Ahmed,Jones,Male,95.33,92.19,47.15,73.44,62.79,2.8,I/I
S3725,Sara,Smith,Male,70.43,62.6,96.76,59.78,73.75,2.61,I/II
S3726,Liam,Williams,Male,92.34,92.84,66.04,54.65,82.06,2.13,III/I
S3727,Ahmed,Davis,Male,57.9,83.73,51.69,97.2,89.11,2.46,IV/I
S3728,Omar,Jones,Male,51.08,46.25,96.03,87.15,54.08,2.49,III/I
S3729,Ali,Johnson,Female,89.24,89.89,46.27,65.65,85.42,2.97,I/II
S3730,John,Brown,Female,53.74,80.93,83.77,64.77,87.14,3.49,II/II
S3731,Sara,Jones,Male,99.43,41.94,77.52,94.76,77.95,2.95,II/II
S3732,Liam,Brown,Female,83.74,48.02,45.26,58.88,60.72,2.12,II/I
S3733,Maria,Davis,Female,87.67,78.14,60.32,76.75,76.96,3.92,IV/I
S3734,Liam,Johnson,Male,62.29,79.76,49.0,85.68,75.14,3.89,IV/I
S3735,Emma,Williams,Male,83.69,84.8,76.27,69.82,73.79,3.57,IV/II
S3736,Omar,Williams,Female,52.16,83.21,68.63,52.0,73.03,3.98,IV/I
S3737,Sara,Johnson,Male,91.89,79.57,40.26,61.39,55.54,3.09,I/I
S3738,Maria,Brown,Female,58.48,85.97,98.54,95.09,59.14,3.93,II/II
S3739,Emma,Davis,Female,84.87,74.51,60.98,76.16,54.87,2.15,I/II
S3740,Emma,Jones,Female,61.22,55.65,55.49,90.77,62.12,2.73,II/II
S3741,Sara,Johnson,Male,53.42,94.74,53.35,77.78,63.17,2.45,III/I
S3742,Omar,Smith,Female,74.07,41.09,49.53,97.18,62.25,2.39,I/I
S3743,Ahmed,Brown,Male,58.46,61.99,99.95,95.46,60.55,2.28,IV/I
S3744,Ahmed,Williams,Male,86.47,83.73,57.71,74.14,86.77,3.24,IV/II
S3745,Emma,Johnson,Male,61.88,65.63,64.33,65.91,90.93,3.56,IV/II
S3746,Ahmed,Williams,Male,67.12,41.49,92.28,80.08,66.36,3.16,IV/II
S3747,Ali,Brown,Male,78.37,43.96,78.51,83.74,65.26,2.29,III/II
S3748,Emma,Williams,Female,64.25,78.92,62.12,74.92,92.2,3.62,II/I
S3749,Emma,Johnson,Male,68.9,97.89,93.9,91.11,81.2,3.27,I/I
S3750,Maria,Brown,Male,90.78,73.11,84.98,59.17,64.67,2.78,III/I
S3751,Ahmed,Smith,Male,58.96,70.41,53.67,66.72,85.68,3.35,IV/I
S3752,Omar,Johnson,Male,54.11,59.1,78.62,84.32,67.23,2.52,III/I
S3753,Emma,Jones,Male,66.42,55.4,95.34,62.33,79.33,2.69,III/I
S3754,Liam,Davis,Female,71.22,41.26,69.79,71.99,99.63,3.83,IV/I
S3755,Omar,Johnson,Male,77.13,56.38,84.02,98.19,65.08,2.58,III/I
S3756,Ali,Brown,Male,68.62,66.95,98.27,81.29,96.53,2.94,IV/II
S3757,Maria,Davis,Female,89.5,51.88,81.42,97.45,66.03,3.78,I/II
S3758,Sara,Johnson,Male,51.97,45.24,46.15,86.12,77.01,3.42,II/I
S3759,Omar,Smith,Female,71.59,83.06,54.67,86.23,73.0,2.12,III/II
S3760,Emma,Smith,Female,69.11,93.68,75.71,79.59,89.16,2.29,III/I
S3761,Ali,Jones,Female,82.38,96.21,56.53,57.11,53.05,2.02,III/I
S3762,John,Williams,Female,98.31,77.08,97.45,75.99,81.36,3.26,II/II
S3763,Ali,Davis,Male,75.52,43.17,64.32,62.63,88.03,2.9,II/I
S3764,Ali,Brown,Male,99.34,84.45,67.43,99.93,73.61,2.27,I/I
S3765,Maria,Brown,Female,65.11,46.61,82.1,63.35,55.26,3.92,II/I
S3766,Sara,Williams,Female,51.54,80.18,71.45,61.53,62.24,3.06,II/I
S3767,John,Smith,Male,58.28,86.76,62.93,81.19,83.98,2.48,IV/I
S3768,Ahmed,Smith,Female,69.76,83.55,44.6,75.55,94.77,3.0,IV/I
S3769,Ahmed,Johnson,Female,65.82,97.11,75.79,51.07,71.08,3.36,IV/I
S3770,Omar,Jones,Female,54.85,84.29,92.05,56.48,78.02,2.15,III/II
S3771,Ali,Davis,Male,71.63,81.59,81.15,90.55,61.42,2.55,IV/II
S3772,Liam,Jones,Female,66.91,55.7,62.89,74.18,70.61,3.61,II/I
S3773,Maria,Jones,Male,56.13,95.49,47.66,57.3,66.84,2.92,III/II
S3774,Liam,Johnson,Male,64.81,50.77,88.98,73.26,82.78,3.09,III/I
S3775,Maria,Jones,Male,94.32,94.29,96.5,62.66,99.23,2.87,IV/I
S3776,Ahmed,Williams,Female,65.1,58.76,63.3,61.18,90.67,2.09,III/I
S3777,Omar,Johnson,Female,85.7,47.81,83.72,97.89,59.61,2.33,IV/I
S3778,Omar,Williams,Male,80.6,89.6,64.65,68.1,78.88,2.89,I/II
S3779,Omar,Johnson,Male,71.36,40.15,70.14,52.32,53.32,2.42,III/II
S3780,John,Jones,Male,61.95,89.93,90.19,98.52,62.35,2.1,III/II
S3781,Sara,Williams,Female,68.45,55.74,45.01,89.74,58.61,3.69,IV/II
S3782,John,Williams,Female,79.61,93.08,71.82,62.72,66.78,3.96,I/I
S3783,Emma,Williams,Male,67.54,81.49,52.88,70.44,83.94,3.59,II/II
S3784,Emma,Johnson,Male,60.74,79.97,60.39,93.11,74.97,3.71,II/I
S3785,Liam,Brown,Female,55.82,61.92,78.67,67.87,96.65,2.48,I/I
S3786,Sara,Jones,Male,93.99,43.56,41.63,78.37,60.64,3.92,III/II
S3787,Ahmed,Williams,Female,72.02,89.8,75.63,76.74,68.21,2.39,I/I
S3788,Sara,Davis,Female,81.26,50.25,57.01,70.06,66.49,3.9,I/II
S3789,Maria,Brown,Male,74.52,62.34,80.17,81.98,61.8,3.99,II/II
S3790,Emma,Davis,Male,93.63,76.02,48.49,73.66,99.66,3.42,IV/II
S3791,Ali,Jones,Female,77.35,68.94,84.15,51.06,69.36,3.96,III/II
S3792,Ali,Jones,Female,74.04,51.92,78.74,90.72,97.03,3.14,III/II
S3793,Ahmed,Williams,Female,96.23,48.44,98.27,55.66,69.52,2.52,II/I
S3794,Maria,Williams,Female,85.98,47.39,94.67,73.2,60.2,2.87,IV/II
S3795,Liam,Johnson,Female,55.58,91.78,57.0,79.0,55.96,3.19,IV/II
S3796,John,Brown,Male,58.89,41.89,41.64,85.28,92.78,2.15,IV/I
S3797,Maria,Brown,Female,89.36,98.62,79.32,70.54,51.6,3.24,II/II
S3798,Ali,Williams,Female,91.79,51.91,76.17,86.78,98.22,3.96,I/II
S3799,Ali,Jones,Female,77.26,46.62,41.65,56.57,70.91,2.38,III/I
S3800,Liam,Williams,Male,77.72,74.62,47.36,82.67,62.37,3.59,I/I
S3801,Emma,Jones,Male,81.6,44.8,75.08,91.32,80.87,3.82,IV/II
S3802,Maria,Jones,Female,71.96,76.15,94.71,94.47,56.65,3.89,II/I
S3803,Maria,Williams,Female,84.01,91.04,94.39,78.98,53.61,3.92,III/II
S3804,Ali,Smith,Male,55.42,42.87,49.09,65.64,91.39,3.04,III/I
S3805,John,Brown,Male,98.06,87.99,63.07,58.17,71.23,3.95,I/II
S3806,Ahmed,Davis,Male,87.51,63.67,42.59,67.28,75.91,3.51,II/II
S3807,Omar,Jones,Male,81.56,49.57,68.16,77.0,58.83,2.32,IV/II
S3808,Ahmed,Jones,Female,65.82,50.57,85.19,59.82,53.07,2.95,I/I
S3809,Maria,Smith,Male,58.05,95.13,87.4,97.63,68.39,3.44,IV/II
S3810,Ahmed,Davis,Female,70.47,46.64,69.94,94.86,75.31,2.49,II/I
S3811,Ali,Johnson,Female,83.08,92.01,45.75,51.65,88.27,3.28,IV/II
S3812,Ali,Smith,Male,81.69,72.65,62.88,78.1,75.05,3.33,IV/II
S3813,Liam,Davis,Male,69.13,42.34,95.93,89.47,89.13,2.33,IV/II
S3814,Maria,Smith,Male,80.66,67.87,53.78,62.27,55.77,3.13,III/II
S3815,Liam,Jones,Male,90.69,89.05,59.19,76.19,53.2,3.54,III/II
S3816,Maria,Brown,Female,51.31,83.57,84.81,70.3,57.94,3.0,III/I
S3817,Omar,Smith,Female,72.53,69.33,84.01,59.83,88.6,2.02,III/I
S3818,Omar,Johnson,Female,87.93,91.6,94.73,80.74,87.97,2.02,I/I
S3819,Emma,Williams,Male,77.31,47.22,63.29,99.68,57.07,2.71,II/II
S3820,Maria,Davis,Female,82.57,94.6,70.88,68.26,51.55,3.85,I/II
S3821,John,Smith,Male,75.83,90.79,68.04,77.62,84.26,2.46,IV/I
S3822,Ahmed,Smith,Female,99.59,82.5,95.67,66.39,92.76,3.27,II/II
S3823,Maria,Johnson,Male,52.73,89.07,86.16,93.85,87.71,2.44,II/II
S3824,Sara,Brown,Female,74.55,72.63,89.89,93.23,60.14,2.64,II/II
S3825,Emma,Smith,Female,54.57,80.51,47.99,58.94,79.19,3.7,IV/I
S3826,Sara,Smith,Male,57.99,73.64,87.51,95.0,87.87,3.46,I/I
S3827,Ali,Brown,Female,69.15,61.33,65.98,57.58,62.79,2.19,IV/I
S3828,Omar,Johnson,Female,57.78,74.13,41.4,54.77,76.39,2.86,I/I
S3829,Ahmed,Davis,Male,98.18,55.45,43.61,82.65,65.72,2.06,IV/I
S3830,Maria,Davis,Male,97.34,66.42,80.67,69.3,61.28,2.96,I/II
S3831,Sara,Smith,Male,66.81,56.85,62.32,76.54,98.48,3.32,IV/II
S3832,Ahmed,Brown,Male,81.99,47.37,92.09,82.63,95.63,2.24,II/II
S3833,Ali,Smith,Male,76.69,59.31,84.06,52.64,72.28,2.58,IV/II
S3834,Omar,Williams,Female,90.78,91.12,41.3,64.65,56.84,2.8,I/I
S3835,John,Davis,Male,81.37,62.86,81.21,73.05,86.4,3.84,IV/I
S3836,Emma,Jones,Female,50.01,84.88,51.54,63.33,62.79,3.99,I/II
S3837,Ahmed,Williams,Female,88.16,50.51,65.35,52.45,58.43,2.09,IV/I
S3838,Ahmed,Smith,Male,87.34,65.47,77.48,54.33,69.08,3.52,IV/II
S3839,John,Johnson,Female,75.49,46.89,92.36,90.09,76.49,2.74,III/II
S3840,Ahmed,Davis,Female,95.15,48.32,67.37,95.57,54.87,2.78,I/II
S3841,Ali,Jones,Male,95.42,77.05,88.51,57.61,78.59,3.51,II/II
S3842,Ali,Williams,Female,76.2,76.45,86.98,62.46,50.77,3.84,II/I
S3843,John,Davis,Male,80.4,52.8,64.87,82.61,94.59,3.9,II/II
S3844,Emma,Brown,Male,99.83,68.47,70.06,97.71,96.04,3.15,II/I
S3845,Maria,Johnson,Male,64.94,91.8,82.03,64.98,86.65,2.71,I/II
S3846,Sara,Williams,Female,66.23,50.45,41.87,92.76,73.33,3.58,III/II
S3847,Maria,Brown,Female,59.14,41.15,93.45,75.3,62.74,2.5,IV/II
S3848,Ahmed,Smith,Female,94.79,79.12,86.19,97.83,87.21,3.13,III/II
S3849,Sara,Brown,Female,87.22,43.21,54.96,56.81,96.59,2.72,I/I
S3850,Liam,Williams,Male,55.28,98.8,98.87,98.68,57.93,3.31,III/II
S3851,John,Williams,Female,99.09,76.58,50.76,72.05,73.29,2.48,III/I
S3852,John,Smith,Male,86.55,68.22,94.85,97.65,65.76,2.38,I/II
S3853,Emma,Brown,Female,92.53,65.8,59.47,72.93,67.84,3.84,IV/II
S3854,Sara,Brown,Female,52.41,74.38,85.79,76.5,70.29,2.2,IV/II
S3855,Ali,Smith,Female,75.25,45.44,67.38,90.24,97.59,3.01,I/I
S3856,Sara,Brown,Female,84.93,95.8,84.19,86.13,62.93,2.44,IV/II
S3857,Ahmed,Davis,Female,77.15,77.54,49.35,80.98,74.63,2.08,III/II
S3858,Ali,Smith,Male,83.33,51.04,56.17,70.85,97.57,2.07,I/II
S3859,Omar,Johnson,Female,90.89,73.75,45.99,89.62,73.8,2.35,II/II
S3860,Omar,Williams,Female,68.72,48.0,91.91,97.41,93.18,3.73,III/II
S3861,Liam,Johnson,Female,92.43,41.05,57.78,50.49,52.94,2.56,IV/I
S3862,Omar,Davis,Female,58.15,77.83,81.67,79.39,97.65,3.9,II/I
S3863,John,Davis,Male,63.54,78.91,89.21,93.3,59.38,3.16,I/II
S3864,Sara,Jones,Female,52.17,75.02,94.09,82.66,99.0,2.87,IV/II
S3865,Omar,Jones,Male,68.22,51.01,46.38,90.04,58.78,3.16,I/I
S3866,Maria,Jones,Female,69.0,76.21,93.58,94.75,72.22,3.03,II/II
S3867,Emma,Smith,Male,90.26,43.39,51.84,87.55,65.43,3.52,III/I
S3868,Maria,Brown,Male,82.66,76.55,84.21,85.85,71.66,2.56,II/II
S3869,Omar,Davis,Male,71.84,73.24,83.73,98.24,62.53,2.71,III/II
S3870,Liam,Johnson,Male,82.61,79.32,40.51,93.18,98.27,3.79,II/I
S3871,Emma,Johnson,Male,52.64,93.73,53.24,90.77,65.29,3.89,II/II
S3872,Ahmed,Johnson,Female,59.01,91.02,69.51,54.32,82.66,3.79,III/I
S3873,Maria,Johnson,Male,81.35,98.84,65.2,61.95,56.87,2.84,IV/I
S3874,Liam,Jones,Female,82.07,98.57,95.11,77.84,91.22,3.56,I/I
S3875,Sara,Johnson,Male,88.71,86.34,61.58,85.48,77.13,2.95,I/II
S3876,Sara,Brown,Male,70.15,97.39,96.22,65.16,98.97,3.0,II/I
S3877,Maria,Jones,Female,86.13,92.04,67.57,54.67,71.17,2.41,III/I
S3878,Omar,Johnson,Male,84.2,83.65,97.86,65.55,59.77,3.18,IV/II
S3879,Liam,Smith,Male,98.17,44.52,84.24,88.55,67.3,2.37,III/II
S3880,Sara,Williams,Male,60.76,42.94,89.76,93.87,86.85,2.66,III/II
S3881,Ahmed,Williams,Male,77.58,90.26,46.29,95.65,82.96,3.71,III/II
S3882,Ali,Williams,Female,80.09,69.38,75.17,68.94,88.92,2.41,IV/II
S3883,Omar,Jones,Male,99.93,88.88,48.56,68.63,53.67,2.14,IV/II
S3884,Liam,Johnson,Male,60.06,58.78,57.86,70.34,79.02,2.14,II/I
S3885,Ahmed,Davis,Female,76.16,63.86,77.41,68.79,96.61,3.88,II/II
S3886,Liam,Davis,Female,67.31,82.01,83.57,83.31,55.4,3.01,II/I
S3887,Emma,Davis,Male,76.29,94.92,42.35,67.92,54.72,2.82,III/II
S3888,Ahmed,Jones,Male,61.61,45.27,71.86,51.02,85.83,3.62,IV/I
S3889,Omar,Brown,Female,52.38,91.69,73.92,71.95,65.76,3.67,III/I
S3890,Emma,Smith,Male,78.63,87.58,44.73,61.21,82.93,2.66,I/II
S3891,Omar,Smith,Female,66.79,58.93,70.04,51.44,77.27,3.39,I/II
S3892,Sara,Williams,Male,59.1,61.31,82.83,73.54,99.3,3.54,II/I
S3893,Ali,Williams,Female,66.2,42.79,43.19,60.3,94.45,3.31,III/II
S3894,Omar,Davis,Female,52.46,40.94,85.62,72.64,83.9,2.3,IV/II
S3895,Omar,Davis,Female,97.52,68.62,74.59,63.89,63.08,3.75,I/I
S3896,Sara,Williams,Male,79.06,45.73,89.99,80.19,63.1,3.08,IV/I
S3897,John,Johnson,Male,90.74,51.64,53.08,99.54,94.11,2.56,II/I
S3898,Sara,Brown,Male,71.16,90.81,90.0,77.36,79.27,2.85,III/II
S3899,Emma,Brown,Male,95.17,74.26,45.67,82.34,89.46,2.08,II/II
S3900,Sara,Brown,Female,74.17,78.02,64.23,95.96,72.49,2.26,I/II
S3901,Sara,Brown,Female,78.7,51.25,51.97,68.7,55.15,3.53,I/II
S3902,Ali,Williams,Female,74.59,89.72,92.56,58.33,66.63,2.0,IV/I
S3903,Sara,Smith,Male,86.66,92.08,82.3,64.14,58.06,2.83,I/II
S3904,Liam,Williams,Male,78.33,71.4,41.52,70.14,89.09,3.05,I/I
S3905,Omar,Brown,Male,63.58,94.75,40.57,82.25,85.03,2.11,III/II
S3906,Liam,Williams,Female,57.28,90.69,57.47,50.23,54.42,3.95,III/II
S3907,Ali,Brown,Male,80.31,83.88,48.6,92.67,81.07,2.45,IV/I
S3908,Maria,Jones,Male,74.46,84.04,77.82,53.8,93.71,2.61,III/II
S3909,John,Davis,Female,54.8,46.32,79.83,95.03,84.87,2.61,IV/II
S3910,Liam,Smith,Female,69.78,56.25,96.52,97.47,75.56,2.46,IV/I
S3911,Ali,Jones,Male,75.74,44.01,97.12,99.51,65.59,2.0,III/II
S3912,Emma,Johnson,Female,91.34,40.52,79.53,90.48,94.35,3.46,I/I
S3913,Maria,Williams,Male,53.81,49.5,40.34,57.09,71.14,3.93,III/I
S3914,Ali,Johnson,Female,67.42,92.83,61.54,85.31,92.77,2.45,II/I
S3915,Ali,Williams,Female,91.13,54.39,70.79,60.17,89.15,3.33,II/I
S3916,John,Davis,Female,82.42,98.21,69.95,94.86,90.81,3.48,III/II
S3917,Omar,Jones,Male,64.5,75.84,76.2,65.83,99.49,3.7,II/II
S3918,Liam,Davis,Male,92.27,54.24,97.63,66.34,87.44,2.85,I/II
S3919,Emma,Brown,Male,74.66,69.83,93.11,95.88,51.7,2.61,I/I
S3920,Ahmed,Davis,Female,74.92,53.15,46.53,50.66,60.27,2.65,II/II
S3921,Liam,Davis,Female,98.83,99.04,55.96,59.7,51.76,3.43,IV/II
S3922,Ahmed,Brown,Female,97.36,90.84,89.99,71.1,59.5,3.63,II/II
S3923,Ali,Williams,Female,67.93,41.57,89.46,85.04,53.07,2.36,III/II
S3924,Sara,Brown,Male,57.03,96.87,56.52,82.38,75.08,2.74,I/I
S3925,Emma,Jones,Male,66.28,83.26,83.84,83.47,51.41,3.8,II/I
S3926,Maria,Davis,Male,51.52,44.94,80.32,94.0,73.63,3.61,I/II
S3927,Sara,Brown,Female,51.04,80.24,68.41,56.05,94.94,3.97,II/I
S3928,Sara,Davis,Female,69.78,78.82,52.09,76.11,87.43,3.51,II/II
S3929,Liam,Jones,Male,97.05,53.13,93.32,86.27,97.2,2.79,IV/II
S3930,Emma,Johnson,Female,93.57,85.51,80.67,81.81,61.33,3.18,I/II
S3931,Omar,Jones,Male,75.57,45.22,50.14,72.42,76.55,3.32,III/I
S3932,Ali,Smith,Female,78.26,69.37,82.29,50.86,65.93,2.16,II/II
S3933,Ali,Smith,Female,50.3,40.6,84.49,53.02,74.69,3.09,II/I
S3934,Ali,Smith,Male,60.78,98.12,93.21,55.95,77.85,3.42,II/I
S3935,Ali,Davis,Male,51.24,85.09,53.37,67.16,51.81,2.33,III/II
S3936,Liam,Williams,Female,87.73,49.53,99.33,55.88,61.66,3.56,II/I
S3937,Ahmed,Williams,Male,57.28,60.5,49.2,71.3,85.24,3.17,I/I
S3938,Ali,Williams,Male,93.45,49.63,76.04,58.93,88.65,3.9,II/II
S3939,Ahmed,Davis,Female,82.17,86.0,79.43,88.96,78.47,2.08,IV/I
S3940,Ahmed,Jones,Female,61.47,43.53,65.14,93.57,63.54,2.53,IV/I
S3941,Omar,Williams,Female,57.89,90.42,68.5,69.48,70.25,3.2,IV/II
S3942,Ali,Johnson,Male,81.38,96.53,93.45,75.57,54.8,2.59,I/II
S3943,John,Smith,Female,95.04,80.6,78.72,97.67,97.66,3.43,II/I
S3944,Maria,Jones,Female,85.92,52.78,69.82,76.78,93.43,3.52,III/II
S3945,Sara,Smith,Female,67.43,61.61,47.7,99.75,53.28,2.21,III/II
S3946,Ahmed,Williams,Female,79.37,68.63,40.44,57.11,58.32,3.03,II/I
S3947,Emma,Jones,Female,65.54,76.28,47.5,93.11,79.05,3.02,I/I
S3948,Emma,Brown,Male,99.96,80.12,97.37,74.86,61.62,2.74,III/II
S3949,Maria,Johnson,Female,87.44,73.25,85.85,51.14,96.72,3.87,IV/I
S3950,Emma,Williams,Female,80.72,61.08,98.03,98.61,87.78,3.66,I/II
S3951,John,Williams,Male,71.16,93.46,42.14,98.25,63.66,3.39,II/II
S3952,Emma,Johnson,Female,80.91,44.88,80.81,69.16,50.31,3.43,III/I
S3953,Sara,Johnson,Female,67.08,67.98,42.66,97.71,89.97,2.92,I/I
S3954,Sara,Brown,Male,51.44,86.53,86.92,57.05,71.2,3.84,IV/II
S3955,Ahmed,Williams,Female,69.75,43.65,62.86,84.01,82.12,3.39,IV/II
S3956,Ali,Davis,Male,96.52,82.32,45.75,59.6,64.35,3.46,III/II
S3957,Omar,Williams,Female,81.32,89.18,74.08,62.33,57.14,3.72,II/II
S3958,John,Smith,Male,54.2,79.65,56.81,88.97,83.77,2.55,III/I
S3959,Ahmed,Jones,Male,94.25,40.78,79.57,68.87,72.52,3.61,IV/II
S3960,John,Jones,Female,63.44,50.81,79.49,50.36,61.76,2.39,II/I
S3961,Ali,Smith,Male,62.19,60.53,82.3,70.71,56.88,2.69,II/I
S3962,Liam,Jones,Male,64.85,54.02,99.55,61.4,79.02,2.67,I/II
S3963,Emma,Johnson,Female,78.86,97.76,63.2,84.17,86.28,3.96,III/I
S3964,Emma,Jones,Female,77.23,79.1,67.92,59.72,64.19,3.71,II/I
S3965,Omar,Jones,Male,74.57,57.82,88.28,92.11,86.76,3.4,IV/II
S3966,Ali,Smith,Female,85.88,95.78,74.7,63.35,59.16,3.45,II/I
S3967,Ahmed,Brown,Male,65.83,84.44,42.24,69.65,66.92,3.12,IV/I
S3968,Omar,Jones,Male,89.1,57.08,90.58,64.9,87.24,3.89,III/II
S3969,Ali,Davis,Female,58.77,62.73,43.09,82.2,83.01,2.99,IV/II
S3970,Maria,Jones,Female,89.13,51.97,50.25,55.06,63.53,2.76,IV/II
S3971,Sara,Brown,Male,83.19,98.26,46.12,73.9,56.11,2.33,IV/II
S3972,Omar,Smith,Female,84.16,71.04,44.68,66.72,52.12,3.57,I/II
S3973,Omar,Brown,Female,74.08,93.76,41.54,94.21,91.9,3.47,II/II
S3974,Ahmed,Smith,Male,83.35,60.79,43.3,53.67,53.76,2.77,IV/II
S3975,John,Johnson,Male,53.99,91.65,66.55,91.48,55.74,2.05,II/I
S3976,Maria,Smith,Male,92.58,43.23,55.17,58.38,61.89,3.68,IV/I
S3977,Ahmed,Johnson,Male,52.78,98.93,47.59,54.43,72.28,2.02,IV/II
S3978,Ali,Johnson,Male,57.44,94.72,79.52,60.12,89.49,3.41,I/I
S3979,Ali,Smith,Male,78.84,61.79,53.57,55.13,62.37,3.94,I/I
S3980,Ali,Davis,Female,86.97,86.48,41.14,76.05,77.18,2.88,II/II
S3981,Liam,Williams,Male,53.81,85.14,65.11,99.41,54.52,2.47,III/I
S3982,Ali,Smith,Female,96.04,94.08,58.63,51.72,73.23,3.41,I/II
S3983,John,Jones,Female,98.68,58.44,59.12,73.06,58.88,3.63,IV/I
S3984,Maria,Davis,Male,80.3,67.93,66.72,69.3,60.56,3.09,III/II
S3985,Emma,Davis,Female,74.06,91.9,80.13,66.98,68.34,3.93,IV/I
S3986,Sara,Jones,Male,87.07,86.71,76.99,66.59,88.07,2.1,I/I
S3987,John,Williams,Female,66.42,63.61,96.24,94.75,87.2,3.01,I/I
S3988,John,Davis,Male,74.66,90.74,71.06,50.95,70.75,3.44,II/II
S3989,Liam,Johnson,Male,95.81,42.82,68.35,88.75,55.93,3.73,III/I
S3990,Emma,Williams,Male,97.78,86.92,52.8,62.65,64.03,2.36,III/I
S3991,Emma,Jones,Male,96.35,52.41,85.32,69.16,75.27,3.6,II/II
S3992,Sara,Williams,Female,63.12,57.17,48.45,71.01,93.47,3.11,IV/II
S3993,Sara,Smith,Female,61.62,69.59,69.47,65.24,98.41,2.79,IV/I
S3994,Emma,Williams,Female,64.88,66.98,65.28,54.68,81.87,2.26,I/I
S3995,Ali,Johnson,Female,72.07,71.23,79.5,55.72,67.53,3.73,IV/I
S3996,John,Smith,Female,65.71,72.69,95.06,64.91,84.67,2.31,IV/I
S3997,Ahmed,Brown,Male,68.71,59.89,96.8,91.09,66.81,2.62,I/II
S3998,Sara,Jones,Male,81.03,50.51,50.07,56.73,81.27,2.58,I/I
S3999,Liam,Jones,Male,88.13,86.11,55.71,87.13,62.19,3.74,III/I
S4000,Liam,Williams,Male,86.78,64.0,88.7,64.44,63.35,3.35,III/II
S4001,Sara,Davis,Male,90.72,70.35,71.1,94.17,53.76,3.59,IV/I
S4002,Emma,Smith,Female,51.61,78.68,67.18,71.42,71.01,2.5,I/I
S4003,Maria,Brown,Male,52.39,94.58,82.64,58.59,80.91,3.25,IV/I
S4004,Ahmed,Smith,Male,89.47,82.45,76.12,99.29,89.44,3.14,I/II
S4005,Ahmed,Jones,Female,76.65,42.73,98.24,58.83,90.52,3.67,IV/II
S4006,Sara,Smith,Female,78.91,90.31,75.04,78.38,99.62,3.81,II/I
S4007,Ali,Brown,Male,52.63,99.36,67.96,78.46,54.39,2.02,I/I
S4008,Maria,Davis,Male,62.77,68.35,72.57,68.64,74.66,3.35,II/II
S4009,Ahmed,Williams,Female,81.92,98.18,88.51,97.57,76.07,2.1,II/I
S4010,Sara,Johnson,Male,92.96,72.84,76.76,92.19,90.23,3.1,IV/I
S4011,Liam,Smith,Male,95.85,67.58,78.82,91.49,63.32,2.58,II/II
S4012,Ahmed,Johnson,Male,75.02,59.88,98.29,98.71,53.47,2.61,II/II
S4013,Omar,Jones,Female,77.27,79.45,77.1,72.86,65.69,2.71,II/II
S4014,Maria,Williams,Male,91.65,53.79,62.82,54.86,99.2,3.24,I/I
S4015,Maria,Williams,Male,76.88,46.3,81.48,88.27,94.97,2.67,III/I
S4016,Omar,Smith,Female,75.84,41.63,79.57,69.04,69.76,3.47,IV/I
S4017,John,Davis,Female,95.25,57.54,40.83,59.52,93.81,2.81,II/I
S4018,Liam,Williams,Female,89.5,63.75,68.04,74.16,51.64,2.14,I/II
S4019,Omar,Smith,Male,95.45,73.12,84.57,96.29,65.71,3.57,III/I
S4020,Emma,Smith,Female,60.91,57.56,69.94,58.57,86.34,2.57,IV/I
S4021,Emma,Johnson,Male,76.22,99.04,86.78,92.43,61.07,2.87,IV/II
S4022,Sara,Williams,Female,92.12,57.5,67.05,70.91,59.92,3.37,IV/II
S4023,Maria,Smith,Male,55.56,66.46,99.0,56.84,93.09,2.66,I/I
S4024,John,Johnson,Female,89.73,46.2,57.57,92.42,80.8,2.11,II/II
S4025,John,Brown,Male,59.15,55.64,45.53,98.48,99.45,2.75,I/II
S4026,Ahmed,Johnson,Male,90.41,42.9,65.8,64.56,56.73,3.89,IV/I
S4027,Ahmed,Johnson,Female,80.6,73.57,72.5,65.18,67.81,3.28,II/I
S4028,Omar,Smith,Female,59.66,85.06,60.95,69.53,65.56,3.34,IV/I
S4029,John,Jones,Male,73.67,51.74,54.54,90.71,94.01,3.26,III/I
S4030,Omar,Jones,Female,84.1,62.07,80.32,50.52,62.76,2.4,IV/II
S4031,Liam,Davis,Male,81.69,41.0,62.63,61.2,67.67,2.84,III/II
S4032,Omar,Jones,Female,71.36,90.37,77.88,85.29,57.14,3.5,III/I
S4033,Ahmed,Johnson,Female,94.97,86.8,86.74,70.28,88.77,2.2,IV/I
S4034,Maria,Davis,Male,75.96,43.8,85.66,66.51,61.89,2.56,I/II
S4035,Omar,Smith,Female,75.29,61.89,62.52,93.61,53.42,2.55,IV/I
S4036,Ali,Williams,Female,53.11,97.32,74.07,95.87,71.76,2.86,IV/I
S4037,Maria,Johnson,Male,96.11,63.52,66.98,97.4,69.57,3.96,I/I
S4038,John,Johnson,Male,58.86,71.57,92.25,63.63,58.88,2.14,II/I
S4039,John,Davis,Female,76.42,61.31,92.73,95.63,56.68,3.04,I/II
S4040,Omar,Smith,Male,90.18,75.77,60.62,86.85,94.83,2.36,IV/I
S4041,Maria,Brown,Female,60.77,98.69,45.5,57.71,53.39,3.94,II/II
S4042,Ahmed,Johnson,Female,76.37,99.85,50.05,80.51,54.97,2.23,II/I
S4043,Ahmed,Brown,Male,62.03,86.48,62.02,51.32,62.25,2.81,III/I
S4044,Emma,Brown,Male,87.98,64.26,73.85,85.42,97.64,3.48,I/II
S4045,John,Jones,Male,78.22,69.67,79.41,86.68,54.27,3.41,III/I
S4046,Sara,Smith,Male,92.8,61.4,59.88,89.47,90.8,2.85,IV/II
S4047,Emma,Brown,Male,94.73,99.13,80.05,58.63,94.6,2.69,IV/I
S4048,Ahmed,Smith,Male,82.44,82.47,96.26,81.41,68.89,2.8,III/I
S4049,Maria,Jones,Female,86.27,66.94,79.12,58.94,64.69,2.53,III/I
S4050,Liam,Smith,Female,77.46,40.73,49.51,97.33,83.87,2.41,I/I
S4051,Ahmed,Johnson,Male,69.22,71.23,74.78,83.75,85.13,2.97,III/I
S4052,Maria,Brown,Female,82.41,99.04,72.51,54.77,89.0,2.54,II/II
S4053,Emma,Smith,Female,95.41,71.38,92.24,59.35,91.53,2.57,II/II
S4054,John,Williams,Female,70.83,50.95,61.02,83.17,63.42,3.31,II/I
S4055,Ahmed,Smith,Female,65.72,41.33,65.38,73.83,84.35,3.94,IV/I
S4056,Omar,Brown,Male,69.42,61.28,75.92,86.81,56.75,3.21,III/II
S4057,Maria,Jones,Female,71.77,95.09,71.47,64.04,75.54,2.15,IV/II
S4058,John,Jones,Female,53.68,99.79,83.14,82.9,80.64,2.15,III/I
S4059,Liam,Brown,Male,74.92,96.72,42.42,58.85,58.09,3.9,III/I
S4060,Liam,Johnson,Male,74.72,83.77,73.81,77.19,53.83,2.59,I/II
S4061,Sara,Johnson,Male,79.42,73.49,47.3,97.89,59.74,2.18,I/I
S4062,Maria,Jones,Male,68.14,75.44,58.91,81.41,71.03,3.2,III/II
S4063,Emma,Jones,Female,80.66,72.34,79.7,52.5,94.39,3.25,II/I
S4064,Sara,Brown,Male,93.91,82.42,49.44,99.44,76.6,3.3,IV/II
S4065,Sara,Johnson,Female,97.77,65.13,58.53,57.84,87.42,2.53,III/II
S4066,Ali,Jones,Female,79.18,80.15,82.18,85.9,58.71,2.03,III/I
S4067,Ahmed,Johnson,Male,52.13,47.3,79.05,76.63,55.3,3.93,I/II
S4068,Maria,Jones,Male,98.46,55.94,45.46,64.72,61.98,2.5,IV/I
S4069,Sara,Smith,Male,85.29,90.16,74.64,58.87,65.69,3.35,I/I
S4070,Ali,Williams,Male,66.8,94.22,48.84,58.89,77.41,3.41,IV/I
S4071,Emma,Davis,Male,57.36,72.34,55.14,92.92,94.06,3.22,II/I
S4072,John,Smith,Male,57.17,41.9,67.55,93.65,71.3,2.63,III/II
S4073,Omar,Davis,Female,58.39,95.62,46.56,73.26,75.94,2.54,II/I
S4074,Omar,Jones,Female,52.28,82.12,99.62,55.18,50.23,3.2,III/I
S4075,Maria,Williams,Female,95.11,64.84,49.92,94.21,51.67,3.73,II/I
S4076,Sara,Williams,Female,77.04,75.9,86.88,74.35,54.19,3.89,IV/I
S4077,Omar,Jones,Male,85.0,65.79,89.79,71.94,84.95,2.21,I/II
S4078,Ahmed,Jones,Male,91.41,67.92,99.67,70.37,74.31,2.31,II/I
S4079,Omar,Johnson,Female,89.58,93.21,65.72,68.25,59.65,3.89,II/II
S4080,Omar,Jones,Female,94.13,49.67,92.45,76.3,79.63,3.47,I/II
S4081,Omar,Brown,Female,98.36,46.22,97.45,80.23,77.23,3.77,III/II
S4082,Liam,Jones,Male,71.95,40.16,50.37,73.32,54.44,2.41,I/I
S4083,Ali,Brown,Male,97.52,58.84,68.77,94.83,82.02,3.18,I/I
S4084,Sara,Jones,Male,86.16,48.84,43.6,65.88,88.36,3.4,III/I
S4085,Ahmed,Johnson,Female,53.53,53.2,77.24,78.92,64.33,3.36,III/I
S4086,Sara,Brown,Female,84.09,40.67,74.88,65.0,84.37,2.82,II/II
S4087,Liam,Smith,Male,84.34,53.63,52.25,87.67,59.99,2.03,III/II
S4088,Maria,Brown,Male,95.29,59.96,87.87,55.11,87.84,3.17,IV/I
S4089,Maria,Johnson,Female,68.65,41.89,42.24,59.43,95.59,2.51,I/I
S4090,Maria,Davis,Female,79.25,76.47,88.37,90.06,72.09,2.9,I/I
S4091,Emma,Brown,Male,50.61,74.13,41.6,59.16,62.23,3.92,I/I
S4092,Omar,Jones,Female,66.6,45.82,79.41,81.29,69.96,2.8,IV/I
S4093,Emma,Jones,Male,53.11,75.7,44.73,98.51,62.5,3.68,I/I
S4094,Ali,Davis,Male,76.09,99.92,55.07,76.14,50.06,2.38,II/I
S4095,Maria,Johnson,Female,90.87,96.67,83.31,59.37,82.52,3.34,III/II
S4096,Liam,Williams,Female,60.32,40.16,56.82,66.03,52.13,3.95,I/II
S4097,Ahmed,Jones,Female,76.37,87.72,70.67,91.17,60.52,2.2,I/II
S4098,Sara,Smith,Male,60.2,61.22,94.91,67.58,86.12,2.02,II/II
S4099,Omar,Johnson,Female,56.03,43.82,42.98,86.18,83.29,2.87,II/I
S4100,John,Brown,Female,75.55,57.76,88.66,88.87,53.67,2.19,I/I
S4101,Ahmed,Brown,Male,53.96,59.3,43.92,75.06,83.0,3.5,I/I
S4102,Omar,Smith,Male,79.37,71.39,47.61,89.16,96.53,3.83,III/I
S4103,Emma,Jones,Female,51.57,79.67,47.16,65.85,53.73,2.87,III/I
S4104,Emma,Johnson,Male,55.34,84.94,99.65,75.81,70.78,2.52,II/II
S4105,Ahmed,Smith,Male,77.5,54.75,50.81,84.33,86.47,2.87,I/I
S4106,Emma,Jones,Male,79.57,59.31,93.81,58.4,83.39,3.45,II/II
S4107,Maria,Johnson,Female,51.45,58.5,99.46,63.68,61.33,2.02,II/I
S4108,Ali,Brown,Female,78.67,61.76,63.03,82.6,58.15,3.18,I/II
S4109,Sara,Johnson,Male,91.93,99.98,77.86,82.77,89.21,3.23,I/I
S4110,Ali,Davis,Male,86.12,86.68,86.75,74.67,97.81,3.28,III/II
S4111,Omar,Williams,Male,56.56,98.5,63.56,89.78,88.38,2.48,IV/I
S4112,Sara,Johnson,Female,79.62,81.59,49.71,74.1,98.16,3.43,II/I
S4113,Liam,Williams,Male,83.61,64.38,66.03,94.07,80.25,2.18,I/I
S4114,Sara,Johnson,Male,51.86,63.38,86.31,86.8,96.45,2.4,IV/I
S4115,Ali,Williams,Female,92.77,69.31,86.85,65.73,84.52,3.75,III/II
S4116,Ahmed,Davis,Male,95.31,65.01,53.83,69.76,95.44,3.48,III/I
S4117,Sara,Brown,Female,92.52,89.7,50.5,83.38,58.08,2.03,II/II
S4118,Liam,Jones,Female,91.23,67.9,95.23,94.72,90.78,2.5,III/I
S4119,Liam,Williams,Female,87.25,57.74,42.64,58.94,59.84,2.43,I/II
S4120,Liam,Davis,Male,81.67,86.49,84.08,75.73,51.37,2.54,III/I
S4121,Ali,Williams,Male,83.93,91.27,42.79,55.94,75.88,2.5,I/I
S4122,Sara,Brown,Female,90.32,65.23,90.27,63.97,65.91,2.13,III/II
S4123,John,Williams,Male,83.12,80.07,94.32,84.3,52.18,2.92,III/I
S4124,Ahmed,Davis,Female,66.39,43.53,57.85,53.89,99.02,3.47,I/I
S4125,Maria,Davis,Male,68.8,71.77,44.44,83.12,83.32,3.21,I/II
S4126,Sara,Smith,Female,94.85,42.7,68.84,95.04,95.09,3.35,IV/I
S4127,Liam,Brown,Female,50.86,41.75,57.91,98.47,99.95,2.16,III/II
S4128,John,Smith,Male,84.94,76.78,65.03,60.83,69.6,3.9,III/I
S4129,Maria,Brown,Male,97.74,58.2,79.9,87.44,62.74,3.68,II/II
S4130,Maria,Williams,Male,85.31,84.55,52.59,96.32,59.19,3.61,II/II
S4131,Omar,Davis,Male,99.7,93.76,61.42,54.57,75.76,3.65,III/II
S4132,Sara,Smith,Female,84.38,48.36,86.95,70.7,80.3,3.87,II/II
S4133,Ali,Williams,Female,51.72,83.47,78.63,95.97,73.62,3.09,III/I
S4134,Sara,Davis,Male,91.35,70.87,59.58,60.14,69.36,2.4,III/I
S4135,John,Brown,Male,64.23,46.73,79.86,96.69,58.41,3.23,III/II
S4136,Maria,Davis,Female,72.3,79.1,85.92,76.36,72.09,3.49,III/I
S4137,Sara,Williams,Male,65.6,76.57,75.55,54.99,54.26,3.48,IV/I
S4138,Ali,Smith,Male,63.43,70.94,54.37,72.49,93.25,3.04,I/I
S4139,Omar,Smith,Male,71.57,95.59,40.01,66.31,52.35,2.14,I/II
S4140,Sara,Davis,Male,68.94,71.26,88.17,64.11,69.03,2.74,IV/I
S4141,Ahmed,Williams,Female,81.67,99.43,89.36,77.07,55.01,3.84,IV/I
S4142,Omar,Johnson,Female,90.66,70.55,81.86,74.18,88.75,3.17,II/II
S4143,Ali,Brown,Male,64.85,46.95,44.59,74.1,65.64,3.08,I/I
S4144,John,Brown,Female,60.69,68.23,75.11,54.41,55.66,2.54,III/II
S4145,Maria,Williams,Male,83.34,50.94,89.26,90.12,76.57,2.74,IV/II
S4146,Sara,Johnson,Male,83.52,75.83,63.38,74.07,95.81,3.79,II/II
S4147,Ali,Smith,Male,95.06,81.59,51.88,91.05,95.43,3.33,I/I
S4148,Omar,Jones,Female,50.8,68.11,75.26,91.23,62.48,3.57,III/I
S4149,Ahmed,Jones,Female,92.65,45.86,89.58,65.86,85.98,2.91,III/II
S4150,Ali,Williams,Female,76.05,68.12,42.93,50.22,51.51,3.26,IV/II
S4151,Emma,Johnson,Female,81.07,44.89,75.82,95.56,56.59,2.5,III/II
S4152,Liam,Johnson,Female,54.57,80.93,78.59,88.03,74.97,3.41,IV/II
S4153,Ahmed,Brown,Male,71.63,87.42,76.14,55.36,61.44,2.86,IV/II
S4154,Omar,Smith,Male,61.37,97.74,79.0,85.09,89.91,2.89,II/II
S4155,John,Davis,Female,62.71,48.93,77.88,51.0,96.55,3.3,III/I
S4156,Maria,Johnson,Female,75.2,71.95,47.82,51.39,50.22,3.87,II/II
S4157,Omar,Davis,Female,90.62,74.05,54.1,76.29,61.65,2.13,IV/II
S4158,Liam,Jones,Male,87.19,95.35,77.14,54.8,71.98,3.65,IV/II
S4159,John,Davis,Female,79.55,77.64,41.06,98.22,78.15,2.58,II/I
S4160,Sara,Smith,Male,76.97,48.73,78.08,94.69,95.8,2.89,I/I
S4161,Ali,Smith,Male,71.37,66.18,79.92,82.49,94.59,2.04,II/I
S4162,Emma,Davis,Female,98.64,79.29,54.35,53.19,81.86,2.6,I/I
S4163,Ahmed,Williams,Male,78.01,82.02,75.89,66.24,62.87,3.01,I/II
S4164,Ahmed,Johnson,Male,62.7,91.78,72.05,68.59,89.16,2.11,IV/I
S4165,Ali,Williams,Female,61.5,50.83,55.64,74.04,60.13,2.98,III/II
S4166,Emma,Davis,Male,80.57,97.09,67.78,58.45,98.26,3.85,II/II
S4167,Ali,Johnson,Female,76.14,43.55,94.58,78.88,50.29,2.21,I/II
S4168,Sara,Brown,Male,50.38,99.03,65.6,71.79,78.49,3.53,I/II
S4169,Liam,Williams,Female,91.5,91.47,77.79,97.36,54.42,2.82,III/II
S4170,John,Williams,Female,85.21,79.62,42.12,96.81,70.38,3.31,III/II
S4171,Omar,Davis,Male,83.09,84.1,44.67,78.27,81.75,2.52,I/I
S4172,Ahmed,Jones,Female,53.44,44.36,44.88,82.22,84.48,2.32,II/I
S4173,Sara,Davis,Male,68.1,42.49,86.69,56.89,89.28,2.32,III/I
S4174,John,Williams,Male,96.77,46.11,61.02,61.17,79.67,2.14,I/I
S4175,Sara,Johnson,Female,93.13,45.24,53.66,95.04,62.57,2.37,III/I
S4176,Emma,Jones,Male,64.28,72.84,84.84,84.96,94.46,3.33,I/II
S4177,Ahmed,Davis,Female,57.85,52.93,50.2,59.47,90.56,3.76,III/I
S4178,Omar,Davis,Male,72.45,91.61,54.79,78.51,58.0,3.63,II/I
S4179,Ali,Williams,Male,67.79,66.74,65.86,96.74,91.33,3.37,I/I
S4180,Ali,Williams,Female,84.11,81.73,59.89,67.26,98.63,2.22,IV/II
S4181,John,Brown,Male,98.32,79.17,75.12,59.29,81.86,2.58,III/II
S4182,Omar,Davis,Male,68.15,59.19,60.27,97.1,64.09,2.62,IV/II
S4183,Liam,Williams,Male,53.11,54.59,63.58,73.06,80.33,2.5,II/I
S4184,Maria,Smith,Male,94.88,60.55,91.77,70.86,67.13,3.03,IV/I
S4185,Emma,Jones,Male,51.9,87.8,93.07,63.38,83.8,3.07,II/I
S4186,John,Smith,Male,97.64,75.18,89.66,94.58,77.24,2.71,IV/I
S4187,Maria,Jones,Male,83.23,55.21,91.89,92.28,96.47,2.71,I/I
S4188,Sara,Davis,Male,97.08,89.07,74.18,70.15,80.9,3.66,III/II
S4189,Emma,Brown,Female,59.98,43.29,78.77,51.53,60.7,3.58,II/I
S4190,Sara,Williams,Male,52.03,81.95,73.43,72.33,86.26,2.62,IV/II
S4191,Liam,Williams,Male,74.41,66.35,87.14,59.04,65.04,3.83,IV/I
S4192,Omar,Williams,Female,72.53,83.88,73.06,57.14,63.62,3.91,III/II
S4193,Ahmed,Davis,Female,66.57,95.65,46.66,69.65,69.59,2.65,II/II
S4194,Emma,Jones,Female,97.88,85.0,88.57,54.95,50.6,2.71,II/II
S4195,Maria,Williams,Male,91.13,66.52,85.64,97.87,98.46,3.01,II/II
S4196,Liam,Smith,Female,83.08,49.06,89.22,52.38,76.62,3.88,III/I
S4197,Ahmed,Williams,Female,58.14,88.38,51.43,70.07,88.67,3.75,II/I
S4198,Ali,Davis,Male,86.72,67.64,56.3,58.14,62.89,2.21,I/I
S4199,Maria,Brown,Male,86.35,44.52,57.75,84.44,87.33,2.79,IV/II
S4200,John,Smith,Female,71.25,83.14,70.48,53.94,78.36,3.11,I/I
S4201,Ali,Williams,Female,96.24,57.51,48.03,77.34,71.21,3.01,III/I
S4202,Liam,Williams,Male,58.35,42.93,63.12,88.66,98.53,2.39,I/I
S4203,Ali,Johnson,Male,63.37,94.17,50.93,97.5,74.69,3.72,IV/I
S4204,John,Jones,Male,53.16,68.99,55.89,84.93,82.87,3.35,II/II
S4205,Emma,Smith,Male,89.77,56.86,82.38,54.97,50.77,3.68,IV/II
S4206,Ali,Johnson,Male,81.09,82.98,91.29,54.43,65.07,3.72,II/I
S4207,Omar,Brown,Female,65.75,93.15,41.37,86.58,94.43,3.5,I/I
S4208,Maria,Jones,Male,58.19,40.02,73.95,60.77,87.95,2.88,I/I
S4209,Ahmed,Smith,Male,52.01,81.27,42.16,72.36,76.84,3.22,I/II
S4210,Ali,Williams,Male,58.34,86.02,45.11,98.83,95.01,2.32,I/II
S4211,Maria,Smith,Male,72.66,52.6,82.31,91.0,74.31,3.35,I/II
S4212,Sara,Williams,Male,62.36,69.38,84.14,92.33,78.33,2.36,II/I
S4213,Maria,Jones,Female,62.95,45.36,88.84,93.04,69.11,3.39,II/II
S4214,Ahmed,Williams,Male,93.78,84.8,68.45,80.98,81.0,2.46,III/II
S4215,Maria,Brown,Female,75.76,90.85,91.59,87.2,65.95,2.24,II/II
S4216,John,Davis,Male,86.46,46.49,50.01,67.95,69.27,2.33,IV/II
S4217,Liam,Williams,Female,51.79,88.99,54.98,99.92,98.32,2.0,II/II
S4218,Ahmed,Brown,Female,68.26,86.29,48.07,63.98,55.57,3.44,II/I
S4219,Liam,Davis,Male,73.96,60.81,87.85,79.5,55.26,3.46,IV/I
S4220,Emma,Jones,Male,59.32,81.42,53.72,64.1,52.17,3.03,IV/I
S4221,Liam,Jones,Male,56.01,40.0,49.33,55.6,66.0,2.32,II/I
S4222,Sara,Smith,Male,93.52,95.91,77.39,78.38,69.91,2.17,I/II
S4223,John,Brown,Male,96.97,73.02,44.62,67.67,54.73,2.04,I/I
S4224,Emma,Brown,Female,53.94,77.22,42.69,79.16,77.46,2.33,III/I
S4225,Maria,Johnson,Male,67.45,79.88,46.4,77.93,79.17,3.78,III/I
S4226,Ahmed,Johnson,Male,97.91,73.68,40.01,77.11,87.55,2.48,III/II
S4227,Sara,Davis,Female,54.16,91.41,81.82,56.17,98.8,2.71,I/I
S4228,John,Davis,Male,82.18,76.58,73.73,72.01,80.97,2.21,III/II
S4229,Emma,Johnson,Female,98.61,94.47,52.59,90.6,55.58,2.44,I/II
S4230,Emma,Davis,Male,98.91,74.94,53.98,65.76,54.43,3.04,III/II
S4231,Sara,Williams,Female,73.56,50.27,88.66,72.19,88.88,3.22,I/I
S4232,Omar,Johnson,Male,58.14,94.81,70.11,74.69,82.52,2.49,IV/II
S4233,Maria,Brown,Female,60.1,80.9,81.91,93.14,58.1,2.12,I/I
S4234,Sara,Williams,Female,94.48,81.95,67.17,82.78,62.67,2.78,III/I
S4235,Emma,Davis,Male,95.58,99.13,54.26,55.01,87.51,2.47,IV/I
S4236,Ali,Jones,Male,80.39,44.51,98.22,93.26,78.31,2.44,I/II
S4237,John,Smith,Male,88.31,65.72,73.94,91.6,79.25,3.92,IV/II
S4238,Sara,Johnson,Female,87.0,54.35,47.86,87.68,60.5,3.23,II/I
S4239,Omar,Jones,Female,83.09,77.83,64.37,73.3,81.45,3.11,IV/II
S4240,Emma,Davis,Female,91.36,88.41,59.76,87.88,88.53,2.83,IV/II
S4241,Maria,Brown,Male,84.27,97.98,52.85,73.94,94.26,2.86,III/II
S4242,Liam,Smith,Male,76.7,67.28,96.01,86.83,86.84,3.08,III/I
S4243,Emma,Jones,Female,61.85,87.17,92.86,94.01,78.82,3.39,III/II
S4244,Maria,Smith,Male,87.19,95.02,51.95,94.53,83.66,3.4,III/II
S4245,Sara,Johnson,Female,73.67,81.0,61.13,72.73,74.26,2.34,II/I
S4246,Maria,Davis,Male,64.74,54.56,85.74,92.97,61.34,3.0,I/II
S4247,Ahmed,Brown,Male,90.1,76.47,52.51,55.07,94.11,2.82,I/I
S4248,Ahmed,Davis,Female,84.84,98.2,75.49,55.09,76.63,3.74,II/II
S4249,Ahmed,Smith,Male,96.87,99.25,81.99,77.41,79.72,3.26,III/II
S4250,Omar,Jones,Male,58.27,78.54,79.24,82.59,99.51,3.07,II/II
S4251,Omar,Johnson,Male,82.46,93.22,82.38,57.65,99.25,2.23,I/II
S4252,Ali,Johnson,Male,62.21,52.02,82.4,73.61,79.32,3.21,II/II
S4253,Omar,Davis,Male,95.18,54.76,97.89,54.72,51.7,2.23,III/II
S4254,Liam,Jones,Female,54.97,97.17,60.79,80.1,69.81,2.67,II/I
S4255,Sara,Jones,Male,82.81,48.11,92.72,92.75,96.86,2.29,II/II
S4256,Emma,Smith,Female,89.55,51.47,41.31,86.88,64.42,3.38,I/II
S4257,Emma,Davis,Male,67.75,65.23,57.29,68.91,99.96,2.41,I/II
S4258,Ali,Davis,Male,97.71,75.38,42.92,99.69,54.22,2.78,IV/I
S4259,Omar,Williams,Female,92.54,76.23,79.07,83.15,78.41,3.79,IV/I
S4260,Liam,Davis,Female,64.73,57.52,46.05,90.76,75.77,2.41,II/I
S4261,Maria,Johnson,Male,50.38,95.24,90.74,83.48,62.77,3.02,II/II
S4262,Ali,Smith,Male,64.83,94.91,78.8,99.47,97.43,2.84,II/II
S4263,Liam,Jones,Female,64.07,63.52,41.73,91.07,80.96,2.04,IV/I
S4264,Maria,Davis,Female,94.5,66.06,82.89,75.97,61.51,3.59,I/I
S4265,Liam,Smith,Female,98.36,82.15,91.72,68.34,69.2,2.14,III/I
S4266,Maria,Davis,Female,53.52,79.78,79.67,84.11,86.06,2.95,I/II
S4267,John,Jones,Male,73.56,62.94,41.83,79.51,64.88,3.12,I/I
S4268,Liam,Brown,Male,77.42,64.85,91.48,81.47,93.98,3.26,I/II
S4269,Emma,Jones,Male,54.65,60.88,83.95,67.15,58.28,3.38,IV/II
S4270,Ahmed,Jones,Male,68.87,54.12,62.71,71.44,63.23,2.51,IV/II
S4271,Omar,Jones,Male,65.85,67.49,59.72,77.9,57.24,2.02,I/I
S4272,Maria,Davis,Female,76.8,81.19,68.79,91.96,55.21,3.45,IV/II
S4273,John,Williams,Female,83.06,84.52,92.03,88.15,65.02,3.07,IV/I
S4274,Liam,Jones,Female,85.17,86.73,55.12,55.93,99.96,3.67,IV/I
S4275,Emma,Johnson,Male,56.84,62.48,46.06,62.28,54.72,3.64,III/I
S4276,Ahmed,Johnson,Female,90.65,85.88,91.88,51.33,60.65,3.69,I/I
S4277,Maria,Smith,Male,83.93,40.39,41.58,50.4,63.58,2.97,I/II
S4278,Liam,Williams,Male,94.45,68.62,94.66,61.22,80.96,2.67,II/II
S4279,Liam,Smith,Male,72.47,87.63,58.34,89.97,87.27,3.58,I/II
S4280,Maria,Johnson,Female,94.69,77.8,70.49,95.24,87.6,2.9,III/II
S4281,Ali,Johnson,Male,93.29,68.44,47.94,69.59,50.43,2.37,IV/I
S4282,Ali,Brown,Male,71.92,78.68,94.14,78.16,82.59,3.71,II/I
S4283,Emma,Jones,Female,69.06,94.42,84.99,85.3,81.54,3.77,II/I
S4284,Ahmed,Johnson,Male,96.64,73.98,95.45,97.65,75.88,2.93,IV/I
S4285,Maria,Davis,Female,85.76,87.99,80.99,95.65,68.96,2.15,III/II
S4286,Emma,Davis,Male,96.41,98.84,51.08,52.86,89.87,2.78,II/I
S4287,Emma,Smith,Female,89.85,82.33,58.5,62.41,67.19,3.61,IV/II
S4288,Sara,Smith,Male,80.46,74.4,69.21,52.46,61.5,3.8,IV/I
S4289,Liam,Jones,Male,55.79,42.25,76.44,80.83,65.5,2.41,II/I
S4290,Omar,Jones,Female,64.57,62.47,95.59,85.52,71.98,2.13,IV/I
S4291,Liam,Brown,Male,98.44,73.93,63.04,65.41,60.7,3.75,III/I
S4292,Ali,Williams,Female,65.97,87.83,82.18,92.69,80.38,2.78,II/II
S4293,Ahmed,Smith,Male,54.66,66.29,97.66,72.64,94.21,3.08,II/II
S4294,Liam,Jones,Female,85.38,97.6,49.14,99.92,79.77,3.94,I/II
S4295,Maria,Smith,Male,86.7,56.31,91.76,50.02,72.33,2.13,III/II
S4296,Emma,Jones,Male,64.27,84.67,65.24,55.47,89.84,3.3,IV/I
S4297,Maria,Johnson,Male,64.88,65.14,83.95,65.09,87.4,2.15,I/I
S4298,Sara,Smith,Female,73.44,69.16,57.61,51.28,68.35,2.75,I/II
S4299,Ahmed,Johnson,Female,51.09,88.15,60.04,89.12,80.21,3.61,I/II
S4300,Emma,Smith,Female,89.47,57.77,41.63,52.64,86.49,2.87,IV/I
S4301,Maria,Williams,Female,65.85,45.81,98.28,87.45,62.27,3.99,IV/I
S4302,Ali,Brown,Female,92.69,71.22,88.81,52.63,68.31,3.12,I/II
S4303,Omar,Davis,Male,90.13,71.73,45.64,62.64,55.29,2.64,I/II
S4304,Sara,Davis,Male,83.07,87.83,99.97,92.06,99.38,2.44,II/II
S4305,Ahmed,Davis,Male,66.24,98.1,76.3,97.55,54.29,2.7,I/I
S4306,Sara,Johnson,Male,75.82,43.32,91.22,70.73,58.43,2.75,IV/II
S4307,Ali,Jones,Male,72.24,75.5,44.0,98.5,73.99,2.14,I/II
S4308,Ahmed,Davis,Female,66.94,80.88,63.37,81.34,93.26,2.74,IV/II
S4309,Sara,Williams,Male,92.41,99.15,80.18,70.79,67.79,2.93,II/II
S4310,John,Davis,Female,74.18,96.56,46.39,90.14,88.43,3.45,I/II
S4311,Ali,Smith,Male,91.64,82.75,69.33,64.77,83.8,3.31,II/I
S4312,Ali,Johnson,Female,55.26,71.31,66.56,63.29,81.93,3.42,I/II
S4313,Ali,Smith,Female,57.05,49.69,52.96,82.83,92.25,2.02,IV/I
S4314,John,Smith,Female,98.87,63.05,58.02,69.52,50.71,2.44,III/II
S4315,John,Smith,Male,79.39,75.11,98.03,56.8,96.46,3.32,III/II
S4316,Maria,Brown,Male,75.49,83.51,57.32,53.35,91.46,2.97,I/II
S4317,Emma,Brown,Male,76.16,78.12,52.81,89.39,96.89,2.01,III/I
S4318,Omar,Jones,Male,60.76,82.85,72.17,83.8,89.68,3.61,II/I
S4319,Sara,Johnson,Female,85.94,65.75,80.26,70.59,93.93,3.55,I/I
S4320,Maria,Williams,Female,54.24,83.66,83.51,94.81,60.15,3.1,I/II
S4321,Sara,Williams,Female,78.67,48.62,85.25,70.54,65.96,2.13,IV/II
S4322,Omar,Williams,Female,78.54,49.76,42.21,85.51,65.76,3.53,I/I
S4323,Emma,Smith,Male,95.71,49.77,63.63,95.46,55.46,3.17,II/I
S4324,John,Brown,Female,76.31,93.45,86.44,92.04,86.48,3.56,I/II
S4325,Emma,Johnson,Male,56.85,44.56,94.29,75.56,56.81,3.5,III/I
S4326,John,Smith,Female,78.64,88.09,76.13,84.03,52.63,3.61,II/II
S4327,Omar,Brown,Female,54.57,54.01,43.14,70.68,88.77,3.04,III/I
S4328,Emma,Brown,Female,60.19,68.11,63.8,82.36,95.23,2.28,IV/I
S4329,Maria,Davis,Male,51.56,94.96,44.45,62.88,88.21,3.34,III/I
S4330,Ahmed,Davis,Male,75.66,75.16,84.91,71.74,91.27,3.24,IV/II
S4331,Maria,Johnson,Female,54.23,52.61,43.81,60.48,79.78,3.48,II/II
S4332,Sara,Johnson,Female,73.47,57.05,51.14,51.91,94.39,2.34,IV/I
S4333,Maria,Johnson,Female,96.65,95.23,65.02,79.43,74.84,2.39,II/II
S4334,Omar,Smith,Male,85.99,65.63,67.76,93.22,99.42,3.78,III/II
S4335,Ali,Jones,Male,53.87,75.22,64.39,51.28,55.17,3.5,II/II
S4336,Sara,Johnson,Male,61.21,67.6,67.8,59.8,90.46,3.82,I/II
S4337,Emma,Davis,Female,83.68,62.71,82.79,73.01,82.07,3.52,I/I
S4338,Sara,Jones,Male,94.74,53.4,62.16,83.29,79.03,3.19,III/II
S4339,Ahmed,Smith,Female,51.65,81.17,72.87,58.56,86.29,3.31,III/II
S4340,John,Jones,Male,90.62,83.09,58.2,52.83,92.01,3.78,I/I
S4341,Emma,Williams,Female,78.09,56.49,61.22,75.95,93.14,3.16,IV/II
S4342,Liam,Jones,Female,77.3,87.34,76.83,90.94,58.77,3.26,III/II
S4343,Sara,Johnson,Male,97.89,91.27,69.43,51.76,59.85,2.31,II/II
S4344,Emma,Smith,Female,87.38,95.24,83.38,67.47,50.81,2.95,III/I
S4345,Emma,Johnson,Female,92.51,49.67,73.63,83.18,56.59,3.43,II/I
S4346,Emma,Davis,Female,67.7,58.24,88.21,56.54,63.19,2.54,IV/II
S4347,John,Williams,Male,77.72,91.62,66.6,61.8,86.05,2.4,II/II
S4348,Liam,Davis,Female,80.77,51.91,69.46,76.77,73.79,2.63,IV/I
S4349,Omar,Johnson,Male,66.08,40.21,80.2,97.66,87.9,2.48,IV/I
S4350,Maria,Johnson,Male,78.51,92.25,53.27,64.37,74.33,2.43,III/I
S4351,Emma,Johnson,Female,61.83,59.59,63.16,74.38,77.78,2.85,IV/II
S4352,Ali,Brown,Male,57.17,64.87,77.49,70.0,55.55,3.82,IV/II
S4353,Omar,Williams,Female,68.7,66.78,41.73,94.87,88.83,3.01,III/I
S4354,Ahmed,Johnson,Male,86.96,90.9,66.22,53.59,87.91,2.38,IV/II
S4355,John,Johnson,Female,95.81,60.27,75.93,78.31,65.38,2.15,III/II
S4356,Sara,Davis,Male,72.89,93.54,98.04,92.31,66.43,3.39,I/II
S4357,John,Davis,Female,82.14,77.02,92.62,99.41,60.98,2.77,I/II
S4358,Sara,Johnson,Female,55.15,71.64,56.84,84.94,90.69,3.64,IV/II
S4359,John,Smith,Female,95.22,59.54,70.43,69.0,87.35,3.32,III/II
S4360,Sara,Brown,Female,78.43,54.62,43.38,70.59,80.46,3.59,III/II
S4361,Emma,Davis,Male,89.02,77.44,54.45,67.58,61.94,2.54,I/I
S4362,Maria,Smith,Male,89.72,66.81,86.49,80.18,58.59,3.38,I/I
S4363,Sara,Brown,Female,62.82,94.63,47.4,86.97,52.51,2.53,II/I
S4364,Liam,Johnson,Male,76.46,69.5,55.46,90.97,52.28,3.88,II/I
S4365,Sara,Williams,Female,98.02,70.71,96.64,70.83,59.36,3.27,II/I
S4366,Ali,Jones,Female,54.48,65.0,89.43,85.84,55.03,2.65,II/I
S4367,Sara,Jones,Male,84.15,87.36,86.91,95.81,77.81,2.54,III/I
S4368,Ali,Johnson,Male,98.11,65.49,91.87,96.04,67.9,2.38,III/I
S4369,Ahmed,Davis,Female,65.03,56.16,84.98,85.2,72.25,3.39,I/I
S4370,Emma,Smith,Male,93.07,91.72,47.24,81.85,79.7,2.44,I/II
S4371,Ali,Williams,Female,96.68,75.81,70.99,76.58,82.96,3.19,III/II
S4372,Maria,Brown,Male,87.35,75.49,66.65,59.16,82.41,2.53,IV/I
S4373,Omar,Johnson,Male,61.57,76.65,58.67,56.18,63.04,3.32,I/II
S4374,Emma,Williams,Male,66.7,83.13,90.04,74.29,90.48,3.63,II/II
S4375,Ali,Williams,Male,51.79,58.78,67.85,57.97,95.89,3.56,III/I
S4376,Emma,Davis,Male,91.57,42.03,43.62,78.85,65.8,3.52,II/I
S4377,Liam,Brown,Female,92.48,88.64,56.5,82.29,50.85,2.38,II/I
S4378,Emma,Williams,Male,81.64,47.73,53.72,76.28,94.96,2.18,II/II
S4379,Emma,Davis,Male,67.63,83.31,93.25,51.82,96.18,3.4,I/II
S4380,Ahmed,Smith,Female,53.84,44.94,78.85,52.89,52.55,2.74,II/I
S4381,Maria,Davis,Female,87.65,62.52,73.62,55.67,50.25,2.86,I/II
S4382,John,Smith,Female,86.33,43.78,70.4,57.68,90.82,2.06,III/II
S4383,John,Smith,Male,95.63,71.33,79.01,99.49,65.07,2.52,II/II
S4384,Ali,Williams,Male,86.53,79.19,85.29,67.22,95.73,2.07,IV/I
S4385,Emma,Davis,Female,91.43,50.29,73.26,64.6,60.84,3.76,I/II
S4386,Ali,Smith,Female,87.3,62.3,96.3,52.61,93.06,2.49,III/II
S4387,Ahmed,Brown,Female,81.53,95.81,98.61,81.77,53.43,3.11,IV/II
S4388,Ahmed,Williams,Female,71.35,66.54,99.72,82.61,63.03,2.08,IV/II
S4389,Sara,Davis,Male,95.11,88.15,80.16,58.77,98.66,3.33,I/II
S4390,Liam,Davis,Male,82.55,95.63,95.96,95.96,61.56,2.65,IV/II
S4391,Ahmed,Jones,Male,69.92,98.46,64.27,90.02,56.65,3.8,I/II
S4392,Sara,Davis,Male,54.17,93.9,91.58,61.52,92.85,3.78,II/I
S4393,Maria,Williams,Male,64.54,59.04,94.55,74.29,55.89,2.65,I/I
S4394,Ali,Brown,Female,77.19,97.75,94.25,72.92,54.87,3.8,IV/II
S4395,Omar,Davis,Male,63.78,88.74,89.85,67.43,66.17,3.99,III/I
S4396,Maria,Jones,Female,61.06,90.23,64.4,90.88,81.77,3.65,I/II
S4397,Ahmed,Williams,Female,76.37,40.91,49.53,55.46,85.54,3.69,I/II
S4398,Maria,Smith,Female,58.49,97.25,60.04,70.77,94.06,2.5,I/II
S4399,Maria,Johnson,Male,90.02,86.69,86.04,71.4,77.05,3.15,I/I
S4400,Liam,Johnson,Female,74.22,86.08,53.97,73.44,69.67,2.13,III/II
S4401,Liam,Smith,Male,78.69,44.89,68.7,93.07,67.94,2.19,IV/II
S4402,Liam,Davis,Female,57.37,53.95,73.92,60.91,92.35,4.0,IV/I
S4403,Maria,Johnson,Male,66.23,97.74,76.23,55.15,86.19,2.65,IV/I
S4404,Ahmed,Johnson,Female,70.5,70.04,96.14,80.89,95.27,3.5,II/II
S4405,Omar,Smith,Male,90.41,63.87,79.69,58.69,98.2,3.61,II/I
S4406,Emma,Davis,Female,88.51,90.4,87.18,53.75,65.0,3.72,I/I
S4407,Maria,Davis,Female,61.15,45.24,74.91,71.33,76.48,4.0,III/II
S4408,Sara,Smith,Female,80.81,65.02,90.01,60.98,81.59,2.48,I/II
S4409,Ahmed,Davis,Female,62.17,62.54,55.82,68.06,58.19,2.08,III/II
S4410,Maria,Davis,Male,99.41,60.99,52.59,62.99,52.67,2.82,I/I
S4411,Omar,Williams,Male,97.61,58.46,95.58,54.63,93.39,2.26,I/I
S4412,Emma,Williams,Male,78.16,52.6,81.61,78.02,76.78,2.04,I/I
S4413,Liam,Smith,Female,84.95,50.37,80.29,51.35,78.54,2.72,II/II
S4414,Ahmed,Brown,Female,90.07,78.42,68.04,98.32,77.75,3.57,III/I
S4415,John,Johnson,Female,86.05,95.16,62.6,67.07,87.75,3.13,II/I
S4416,Emma,Williams,Female,84.99,70.53,73.34,84.76,57.28,2.63,II/II
S4417,Sara,Johnson,Female,97.93,57.88,47.23,90.52,80.7,3.31,II/II
S4418,Maria,Jones,Female,79.82,49.55,67.28,63.96,73.47,2.46,IV/II
S4419,Omar,Smith,Male,81.82,89.81,67.32,87.44,94.85,2.03,III/I
S4420,John,Brown,Male,92.46,98.29,72.3,91.62,75.98,3.53,II/II
S4421,Omar,Jones,Male,83.49,60.95,78.08,62.07,97.15,3.25,I/I
S4422,John,Jones,Male,86.65,57.46,97.44,99.62,67.66,3.52,I/I
S4423,Ahmed,Davis,Male,61.71,76.09,79.13,51.03,98.34,2.08,IV/II
S4424,John,Jones,Male,68.56,86.52,93.02,60.85,93.76,3.67,III/II
S4425,Sara,Smith,Male,57.37,67.32,73.38,89.0,79.21,3.24,I/II
S4426,Sara,Williams,Male,75.29,77.8,77.62,59.71,67.69,3.13,II/II
S4427,Ali,Smith,Female,72.79,82.99,44.19,84.91,68.8,3.25,I/II
S4428,Sara,Williams,Female,99.86,97.64,48.0,92.78,88.64,3.73,II/I
S4429,Emma,Jones,Female,80.56,49.9,74.78,97.96,79.03,3.17,IV/I
S4430,John,Jones,Female,89.32,99.84,63.74,73.71,70.08,3.16,I/I
S4431,Sara,Brown,Female,66.7,63.53,87.93,98.56,81.8,3.98,III/II
S4432,Ahmed,Williams,Female,91.58,83.39,72.59,70.58,86.66,3.51,II/I
S4433,Omar,Jones,Female,80.75,74.34,92.94,60.91,51.15,2.88,IV/II
S4434,Liam,Davis,Male,84.85,69.2,98.34,75.7,54.49,3.41,III/II
S4435,Omar,Johnson,Male,64.72,81.88,48.86,82.49,54.72,2.78,IV/I
S4436,Ali,Brown,Female,77.43,63.75,63.69,72.9,61.6,2.46,IV/I
S4437,Omar,Smith,Male,81.7,47.57,79.9,78.35,71.35,3.19,IV/II
S4438,John,Brown,Male,79.45,69.33,58.33,70.82,90.18,3.86,III/I
S4439,Ali,Johnson,Male,95.76,71.31,56.02,76.24,67.55,3.86,IV/II
S4440,John,Williams,Male,94.91,52.11,88.82,97.63,50.87,2.68,I/I
S4441,Ahmed,Smith,Male,98.55,96.14,98.82,74.99,74.17,3.06,II/I
S4442,Ali,Smith,Female,83.37,53.65,86.43,62.66,99.83,2.42,III/I
S4443,Maria,Williams,Male,98.6,64.55,71.42,87.94,67.45,3.99,IV/I
S4444,Emma,Brown,Female,91.62,49.3,66.55,66.88,98.06,3.96,II/I
S4445,Emma,Jones,Female,63.54,72.15,72.38,90.81,55.07,3.3,III/II
S4446,John,Brown,Female,71.37,58.46,67.77,52.84,58.65,3.61,III/I
S4447,Omar,Johnson,Male,61.92,69.36,70.17,66.61,86.21,3.43,III/I
S4448,Liam,Davis,Female,50.21,53.48,52.21,54.72,75.06,3.19,I/I
S4449,Liam,Jones,Female,59.4,43.23,94.22,54.27,88.26,2.11,IV/II
S4450,Maria,Brown,Female,50.2,86.75,85.27,82.92,93.18,2.91,I/II
S4451,Ali,Davis,Female,85.99,78.47,80.86,69.27,62.55,3.35,III/II
S4452,Maria,Davis,Male,71.28,60.44,97.0,93.57,84.14,3.36,III/II
S4453,Maria,Williams,Female,65.63,42.85,57.06,75.82,80.38,2.75,IV/II
S4454,Omar,Johnson,Female,88.09,91.93,44.87,64.77,93.08,3.88,III/I
S4455,Liam,Johnson,Female,91.62,50.19,89.57,86.04,71.51,2.33,III/I
S4456,Ali,Johnson,Female,98.76,95.84,99.91,81.2,52.59,3.0,I/I
S4457,Ahmed,Jones,Male,82.1,68.72,74.71,89.98,78.71,3.38,I/II
S4458,Omar,Smith,Female,73.08,60.42,43.53,82.18,97.94,3.39,III/II
S4459,Maria,Jones,Female,65.26,84.51,86.83,58.35,50.73,3.3,IV/I
S4460,Maria,Brown,Female,61.12,92.61,44.42,83.52,62.01,2.55,II/II
S4461,Ahmed,Davis,Female,60.65,62.24,72.4,69.58,65.8,2.31,II/II
S4462,Maria,Davis,Female,70.46,64.44,56.65,73.16,88.29,3.27,I/II
S4463,Maria,Smith,Female,99.59,65.99,94.9,96.08,66.16,3.2,II/I
S4464,Maria,Brown,Male,50.04,95.34,67.08,68.0,61.95,2.36,I/I
S4465,Emma,Smith,Female,59.86,81.55,93.91,80.6,82.43,3.41,I/II
S4466,Omar,Davis,Male,59.42,54.86,57.94,68.17,52.32,2.91,IV/II
S4467,Sara,Jones,Male,85.86,51.1,63.24,54.74,58.53,3.34,IV/II
S4468,Omar,Johnson,Female,67.62,53.82,96.83,72.68,70.4,3.67,II/II
S4469,Ahmed,Davis,Male,72.86,55.81,52.08,79.85,67.78,2.34,III/I
S4470,Maria,Williams,Female,57.43,53.81,74.71,70.38,67.36,2.04,II/II
S4471,Omar,Johnson,Male,70.25,79.51,63.31,69.53,55.43,3.56,III/I
S4472,Emma,Davis,Female,55.16,46.96,86.45,91.02,68.04,3.22,I/I
S4473,Liam,Jones,Male,76.65,63.24,47.76,51.48,89.9,3.4,III/I
S4474,Ahmed,Smith,Male,54.9,77.5,66.23,64.78,70.69,3.68,I/II
S4475,John,Johnson,Female,89.53,57.45,81.94,90.59,79.31,3.61,III/I
S4476,Omar,Jones,Male,78.33,43.92,64.42,96.03,58.18,3.92,II/I
S4477,John,Brown,Male,86.2,44.91,43.51,70.61,53.49,3.07,IV/II
S4478,Maria,Williams,Male,70.93,47.56,82.31,94.44,94.0,2.98,I/II
S4479,Emma,Johnson,Male,69.07,90.15,70.19,59.95,66.57,2.8,IV/II
S4480,Emma,Smith,Male,54.91,79.47,40.68,61.07,67.52,2.31,I/I
S4481,Omar,Brown,Female,76.19,43.87,76.76,92.31,93.88,3.15,I/II
S4482,Ahmed,Jones,Male,75.73,63.46,95.19,95.16,85.39,2.55,II/I
S4483,Ahmed,Williams,Male,73.41,56.72,46.66,61.14,87.81,3.84,I/I
S4484,Emma,Smith,Female,87.03,74.68,75.44,52.97,84.1,3.17,II/II
S4485,Ahmed,Jones,Female,91.63,71.37,83.72,54.52,55.29,3.19,II/I
S4486,Emma,Jones,Female,87.54,68.87,44.25,63.07,97.9,2.71,I/I
S4487,Omar,Johnson,Male,57.19,58.87,41.36,88.07,95.46,2.1,IV/I
S4488,Sara,Johnson,Male,81.1,48.27,67.85,75.5,61.81,2.06,III/I
S4489,Emma,Smith,Male,54.02,84.54,87.47,72.78,90.2,2.85,I/II
S4490,John,Davis,Male,84.73,92.79,49.64,79.21,70.47,2.17,I/I
S4491,Ahmed,Davis,Female,69.09,96.65,90.2,94.51,84.19,3.21,I/II
S4492,Emma,Jones,Female,56.62,43.52,79.39,54.52,58.28,3.76,III/I
S4493,Emma,Johnson,Male,93.1,84.39,59.93,84.74,76.93,3.77,I/I
S4494,Omar,Williams,Male,80.7,83.59,70.95,96.34,56.33,3.32,II/II
S4495,Ahmed,Williams,Male,67.74,96.83,97.93,60.67,76.81,2.42,IV/I
S4496,Sara,Jones,Male,51.54,55.17,52.99,91.89,62.18,3.73,IV/I
S4497,Omar,Johnson,Female,76.87,84.53,69.97,84.9,72.62,3.77,II/I
S4498,Sara,Smith,Female,96.16,43.28,77.47,50.72,83.4,2.39,I/I
S4499,Liam,Smith,Male,79.82,77.87,48.28,61.58,93.85,3.47,III/I
S4500,Omar,Smith,Female,98.58,61.05,42.61,80.29,58.26,2.57,I/I
S4501,Ahmed,Williams,Male,56.82,86.13,40.81,75.12,94.66,3.61,I/II
S4502,Ali,Johnson,Male,78.42,91.8,59.48,76.4,69.5,3.99,III/II
S4503,Ahmed,Johnson,Female,89.91,61.89,44.44,61.6,92.19,2.06,IV/II
S4504,Ahmed,Williams,Male,76.28,71.54,88.23,83.75,75.63,3.79,I/I
S4505,Sara,Smith,Female,54.55,47.04,99.84,63.32,93.11,3.25,IV/I
S4506,Sara,Smith,Male,79.14,65.01,43.68,69.47,83.14,3.95,IV/I
S4507,Ahmed,Jones,Female,80.59,61.65,65.96,68.45,75.44,2.93,IV/II
S4508,Ahmed,Davis,Male,86.44,50.99,41.54,83.6,65.63,3.69,IV/I
S4509,Ahmed,Brown,Female,88.06,93.67,48.04,54.51,98.45,2.12,II/II
S4510,Sara,Davis,Male,88.54,48.89,59.38,60.28,90.04,2.67,I/I
S4511,Ahmed,Johnson,Male,83.17,78.14,63.62,60.02,69.06,2.13,II/I
S4512,Ahmed,Johnson,Female,60.79,93.41,96.39,55.42,58.34,3.95,I/I
S4513,Liam,Johnson,Male,70.21,94.72,63.75,60.38,88.98,3.63,III/II
S4514,Maria,Davis,Female,88.81,87.59,69.78,80.35,99.5,3.71,IV/I
S4515,Ali,Brown,Female,97.67,50.57,54.74,86.61,63.95,3.88,I/II
S4516,John,Jones,Male,53.95,89.05,40.01,83.02,95.79,2.17,IV/I
S4517,Ali,Davis,Male,76.78,56.59,93.96,73.76,56.27,2.77,I/I
S4518,Maria,Brown,Male,65.63,95.34,44.9,52.62,97.61,2.14,II/II
S4519,John,Smith,Male,61.27,82.55,97.85,97.95,87.27,2.42,III/I
S4520,Omar,Smith,Female,75.29,87.12,47.85,58.4,67.33,2.46,I/I
S4521,Ahmed,Johnson,Male,80.3,45.1,76.29,83.42,65.23,2.94,I/I
S4522,Maria,Williams,Male,50.49,74.97,99.96,95.64,82.17,2.54,II/I
S4523,Liam,Johnson,Male,89.01,89.27,48.31,84.89,79.68,2.2,II/II
S4524,Omar,Williams,Female,90.99,91.7,65.44,60.9,95.95,2.33,III/II
S4525,Ahmed,Brown,Male,98.28,41.72,86.83,65.79,88.31,2.29,III/I
S4526,Sara,Smith,Female,59.03,96.35,41.93,51.51,77.02,3.95,IV/I
S4527,Emma,Davis,Male,79.73,42.6,81.39,80.64,96.38,3.52,I/II
S4528,Maria,Williams,Female,71.33,76.87,44.82,80.65,79.64,3.94,I/I
S4529,Sara,Brown,Male,66.74,81.6,54.19,86.28,92.48,2.88,III/II
S4530,Maria,Smith,Male,78.28,46.44,49.6,50.55,92.05,2.56,III/I
S4531,Liam,Davis,Female,89.12,42.88,94.44,90.89,95.96,3.6,I/II
S4532,Maria,Williams,Male,51.15,87.09,50.83,86.94,53.38,2.65,III/II
S4533,Sara,Johnson,Male,98.47,63.08,42.43,57.04,79.19,2.6,II/II
S4534,Liam,Johnson,Male,90.49,46.43,75.26,67.38,73.42,2.47,II/II
S4535,John,Johnson,Female,87.56,85.76,60.77,81.93,74.53,2.26,III/I
S4536,Ali,Brown,Male,88.02,90.95,64.34,74.79,73.0,2.51,IV/I
S4537,Ahmed,Johnson,Female,69.45,75.24,47.14,55.75,91.87,2.71,IV/II
S4538,Maria,Jones,Female,87.58,49.67,84.89,54.37,65.92,3.35,I/II
S4539,Ahmed,Smith,Female,69.34,40.91,76.09,89.07,73.14,2.13,II/II
S4540,Emma,Brown,Male,94.94,82.05,61.85,57.8,60.03,2.42,IV/II
S4541,Sara,Davis,Female,58.86,73.01,50.29,58.6,62.59,3.62,III/I
S4542,Ahmed,Johnson,Female,64.62,79.05,75.61,91.55,83.02,2.29,II/II
S4543,Sara,Smith,Male,77.57,88.79,86.72,80.61,55.85,2.69,II/II
S4544,Ahmed,Williams,Female,65.96,66.05,58.74,80.24,59.39,3.73,III/II
S4545,Ali,Johnson,Female,71.21,47.47,41.55,73.97,76.4,2.31,IV/II
S4546,Ali,Smith,Male,74.62,96.4,52.86,78.45,52.19,2.17,III/II
S4547,Liam,Jones,Male,92.82,72.72,80.94,80.09,56.35,2.97,II/II
S4548,Ali,Williams,Female,76.16,76.92,99.35,98.39,93.17,2.6,IV/II
S4549,Liam,Jones,Male,68.12,96.0,40.8,61.15,92.31,3.13,II/I
S4550,Ali,Davis,Male,62.39,95.9,58.37,60.73,67.39,3.61,IV/II
S4551,Ali,Smith,Male,70.43,74.33,43.72,52.86,67.4,2.27,III/II
S4552,Ali,Jones,Female,75.79,57.86,58.98,82.91,96.83,3.16,I/II
S4553,Sara,Davis,Female,87.31,99.83,64.35,77.45,51.29,3.01,III/I
S4554,Maria,Smith,Male,56.05,80.85,95.25,55.56,79.01,2.29,III/I
S4555,Liam,Smith,Female,61.08,64.51,44.83,68.23,79.87,3.25,IV/I
S4556,Ahmed,Jones,Male,68.98,73.59,86.63,58.93,89.39,2.55,I/II
S4557,Ali,Smith,Male,68.02,64.95,63.73,66.57,97.59,2.98,I/II
S4558,Sara,Johnson,Male,69.59,93.3,88.68,97.56,67.79,2.16,I/II
S4559,Sara,Smith,Male,89.68,68.95,70.8,84.17,71.89,2.92,IV/I
S4560,Sara,Brown,Male,66.21,89.41,42.36,50.38,83.56,2.61,I/II
S4561,Liam,Davis,Female,75.09,90.41,96.77,62.63,98.36,3.64,I/I
S4562,Maria,Smith,Female,81.2,89.46,44.96,50.52,94.54,2.11,IV/I
S4563,Liam,Brown,Female,61.61,83.33,75.86,85.74,83.35,2.84,III/I
S4564,Ahmed,Smith,Female,85.93,91.29,92.66,73.47,92.84,2.92,I/I
S4565,Maria,Smith,Male,77.36,63.23,44.79,99.7,54.26,3.45,IV/I
S4566,John,Jones,Male,72.34,46.88,73.23,86.68,68.86,3.15,II/II
S4567,Omar,Johnson,Female,90.49,90.55,89.46,75.9,50.65,3.33,II/II
S4568,Sara,Davis,Female,62.17,69.89,99.18,90.24,58.87,3.55,III/I
S4569,Liam,Johnson,Male,94.16,47.64,83.46,85.24,81.52,3.72,II/II
S4570,John,Williams,Male,78.05,46.92,56.7,62.19,94.28,2.63,I/II
S4571,Emma,Jones,Male,80.46,49.55,81.97,76.51,81.64,3.08,IV/I
S4572,Liam,Jones,Female,93.75,85.06,82.35,77.8,83.21,3.68,I/I
S4573,Ali,Johnson,Male,90.88,82.65,82.0,72.56,55.19,3.98,I/II
S4574,Omar,Jones,Male,80.08,52.23,91.26,58.96,83.24,3.78,II/II
S4575,Ali,Johnson,Female,87.66,90.82,45.24,61.17,72.72,2.74,III/II
S4576,Maria,Jones,Female,71.67,56.88,46.51,64.05,82.57,2.39,IV/II
S4577,Omar,Smith,Female,77.37,87.58,78.44,50.51,66.31,2.98,I/I
S4578,Liam,Johnson,Male,53.1,69.33,97.23,95.85,79.07,3.48,I/II
S4579,Ahmed,Johnson,Male,54.49,83.89,67.95,84.3,71.2,2.99,IV/I
S4580,John,Brown,Female,91.47,62.88,97.63,84.48,77.93,2.97,III/I
S4581,Ahmed,Jones,Male,52.98,60.83,96.29,78.62,57.35,3.68,I/II
S4582,Liam,Jones,Male,58.47,90.48,94.17,84.47,69.79,2.72,III/II
S4583,Maria,Johnson,Male,89.79,42.12,94.59,99.09,68.71,3.72,II/II
S4584,Ali,Smith,Female,50.06,98.48,93.9,69.26,86.82,2.81,I/I
S4585,Omar,Smith,Female,64.12,78.89,89.19,85.63,85.32,2.66,III/I
S4586,Ahmed,Davis,Male,79.2,65.95,81.7,67.98,95.44,2.91,I/I
S4587,Liam,Smith,Male,79.77,77.68,41.46,92.71,81.6,3.52,III/I
S4588,Ahmed,Jones,Male,88.86,47.36,47.94,92.9,65.73,2.25,IV/II
S4589,Liam,Brown,Male,75.3,70.84,48.05,95.11,89.16,2.39,IV/I
S4590,Ali,Johnson,Female,75.47,99.11,41.41,50.27,74.85,3.9,I/I
S4591,Omar,Williams,Female,86.27,54.12,47.0,64.91,59.67,2.35,II/II
S4592,John,Brown,Male,74.93,83.34,95.18,56.7,87.37,3.14,IV/I
S4593,Ali,Williams,Male,80.42,66.1,79.83,72.7,56.63,3.16,IV/I
S4594,Ahmed,Brown,Female,94.89,79.15,58.72,74.77,58.91,2.98,IV/II
S4595,John,Smith,Male,70.07,52.29,87.6,62.8,87.94,3.29,III/I
S4596,Liam,Jones,Female,69.26,68.23,69.3,86.17,88.51,2.46,II/I
S4597,John,Williams,Male,50.18,98.81,48.53,63.49,89.54,3.11,I/I
S4598,Liam,Brown,Female,80.67,51.72,93.07,92.69,64.67,2.74,I/I
S4599,Ali,Jones,Male,51.49,78.19,60.32,58.88,93.33,3.32,I/II
S4600,Ahmed,Williams,Male,75.21,74.54,81.93,68.36,86.13,2.28,III/I
S4601,Maria,Johnson,Female,90.21,73.9,57.44,81.11,91.7,3.14,III/II
S4602,Ahmed,Brown,Female,77.5,76.91,70.0,80.27,85.43,2.37,II/I
S4603,Liam,Johnson,Male,63.48,70.13,88.98,53.9,78.98,2.56,II/II
S4604,Sara,Smith,Male,89.31,41.02,49.41,92.31,55.47,2.44,I/II
S4605,Omar,Johnson,Female,63.49,94.01,98.64,79.9,85.55,2.37,IV/II
S4606,Emma,Johnson,Female,86.65,89.62,44.21,93.49,84.52,3.65,II/I
S4607,Maria,Davis,Male,80.51,50.45,72.04,93.38,65.62,2.57,III/I
S4608,John,Brown,Male,58.5,64.8,94.96,77.3,86.79,3.85,II/I
S4609,Maria,Smith,Female,95.26,86.23,96.74,95.54,77.52,3.94,IV/II
S4610,Omar,Johnson,Female,60.03,98.8,53.93,92.42,77.97,3.14,IV/I
S4611,John,Jones,Female,99.48,97.07,48.64,97.91,68.38,2.29,I/I
S4612,Omar,Williams,Female,50.37,93.96,83.46,92.52,55.84,2.75,IV/I
S4613,John,Johnson,Female,63.17,49.5,42.52,91.06,60.85,3.6,I/I
S4614,Maria,Smith,Male,59.99,94.87,69.11,73.47,88.44,2.73,I/II
S4615,John,Johnson,Male,50.7,92.71,87.78,60.6,63.57,2.17,IV/II
S4616,John,Williams,Female,86.62,62.62,73.62,95.54,50.11,3.11,III/I
S4617,Sara,Smith,Male,84.67,63.67,51.28,86.13,99.85,3.69,III/I
S4618,Ahmed,Brown,Male,89.62,67.59,69.22,64.09,60.53,3.59,II/I
S4619,Ahmed,Smith,Female,62.83,79.37,95.28,67.05,82.77,2.35,I/II
S4620,Emma,Brown,Male,72.22,55.65,77.03,84.3,96.35,3.35,III/I
S4621,Emma,Smith,Male,82.96,41.38,83.29,73.89,79.99,2.44,III/II
S4622,Liam,Williams,Male,71.99,48.47,60.18,54.07,89.95,2.44,III/II
S4623,Liam,Williams,Female,84.87,66.41,51.31,57.07,98.82,3.75,IV/I
S4624,Liam,Smith,Female,81.7,56.92,55.34,87.28,93.02,2.5,I/I
S4625,Sara,Johnson,Male,55.73,85.87,71.99,66.43,77.9,2.53,II/I
S4626,Emma,Williams,Male,89.05,46.4,56.81,75.38,68.19,2.0,II/II
S4627,Omar,Brown,Male,86.03,95.05,72.52,88.33,74.12,3.74,IV/II
S4628,Liam,Brown,Male,82.79,93.72,82.47,87.56,92.09,3.59,I/I
S4629,Liam,Jones,Male,57.75,94.53,84.06,58.35,92.67,3.25,I/II
S4630,Maria,Davis,Male,63.4,84.38,49.88,54.92,92.29,3.5,III/I
S4631,Ali,Davis,Female,69.66,46.42,85.03,79.56,79.86,2.3,I/I
S4632,Omar,Davis,Male,64.0,66.29,80.36,87.08,73.85,2.92,II/II
S4633,Liam,Brown,Male,61.39,47.88,40.72,57.45,65.57,2.7,II/II
S4634,Liam,Jones,Female,90.27,99.26,43.53,68.6,50.17,2.19,III/II
S4635,Liam,Davis,Male,81.91,59.98,78.77,93.51,88.22,2.97,I/II
S4636,Ali,Davis,Male,78.27,75.12,63.02,97.21,63.85,3.84,I/I
S4637,Ali,Smith,Male,61.3,86.76,48.77,72.7,66.48,2.08,II/I
S4638,Sara,Smith,Male,95.9,95.24,42.66,53.98,92.17,2.58,I/I
S4639,Omar,Smith,Female,59.56,85.33,49.56,62.88,52.61,2.42,III/II
S4640,Sara,Johnson,Male,89.75,80.47,97.45,61.65,96.38,2.48,IV/I
S4641,John,Davis,Female,98.33,67.96,83.65,61.95,50.07,3.82,II/II
S4642,Ali,Johnson,Male,86.35,76.32,71.66,74.69,96.96,2.94,I/II
S4643,Maria,Jones,Male,99.64,45.65,96.49,79.16,72.74,2.93,I/II
S4644,Emma,Brown,Female,82.55,93.04,77.15,56.13,55.11,3.52,II/I
S4645,Maria,Davis,Male,60.87,72.63,83.54,94.47,83.71,2.31,I/II
S4646,Emma,Brown,Female,60.19,42.41,56.96,81.0,94.79,2.97,III/II
S4647,Ali,Smith,Female,66.23,95.19,75.34,79.86,71.9,2.86,III/II
S4648,Ali,Davis,Female,50.36,69.36,48.61,99.36,84.57,3.19,III/II
S4649,Ali,Williams,Male,84.08,92.12,64.27,81.41,98.97,4.0,I/II
S4650,Sara,Johnson,Male,63.43,91.41,41.99,96.45,62.04,3.54,I/II
S4651,Omar,Johnson,Male,90.76,88.95,53.0,64.31,91.02,2.8,III/II
S4652,Emma,Davis,Male,67.96,43.68,44.49,62.01,64.76,3.66,I/II
S4653,Omar,Smith,Female,74.0,54.82,63.27,75.83,71.32,2.34,IV/II
S4654,Sara,Johnson,Male,98.28,92.53,90.58,75.43,64.09,2.06,I/II
S4655,Sara,Smith,Male,62.11,93.94,62.68,61.32,72.3,2.41,IV/II
S4656,Ahmed,Jones,Female,86.06,67.48,89.9,84.98,50.25,2.68,II/II
S4657,Maria,Brown,Female,87.76,66.4,79.39,51.48,65.17,3.02,I/I
S4658,Maria,Williams,Male,61.05,50.51,70.57,84.53,72.26,3.23,III/I
S4659,John,Brown,Female,75.05,98.1,54.21,72.86,81.61,3.82,IV/II
S4660,Liam,Brown,Female,67.51,52.79,95.33,84.45,81.87,3.02,IV/II
S4661,Sara,Jones,Female,88.6,51.46,43.25,73.85,79.19,3.0,I/II
S4662,Emma,Johnson,Female,81.12,79.64,81.33,98.87,64.65,2.1,III/I
S4663,Ahmed,Williams,Female,73.8,54.57,77.27,66.73,97.37,2.07,IV/I
S4664,Ahmed,Johnson,Male,88.97,96.33,66.46,99.13,69.6,3.1,III/I
S4665,Liam,Davis,Male,61.76,40.65,54.42,53.25,60.84,2.88,II/II
S4666,Omar,Brown,Male,87.68,40.35,65.84,84.19,77.73,3.68,IV/II
S4667,Liam,Davis,Male,93.27,70.29,92.37,72.71,87.45,2.32,I/II
S4668,Liam,Smith,Male,93.93,69.28,90.21,91.11,50.61,2.05,III/II
S4669,Liam,Brown,Male,89.18,49.8,96.48,89.48,63.82,2.9,III/I
S4670,Maria,Johnson,Male,70.4,69.67,58.47,90.01,91.25,2.47,I/II
S4671,Sara,Brown,Female,99.09,64.7,63.23,54.74,75.35,2.1,II/I
S4672,John,Smith,Male,68.98,93.42,41.12,91.12,70.42,3.45,IV/I
S4673,Sara,Jones,Male,81.93,40.56,96.58,60.7,96.55,2.22,III/II
S4674,Omar,Davis,Male,58.05,98.58,59.76,51.28,54.48,3.22,II/I
S4675,Ali,Davis,Female,99.02,77.46,64.25,60.89,80.78,2.56,II/I
S4676,Liam,Johnson,Male,85.2,49.11,94.47,73.96,67.11,2.35,III/I
S4677,Sara,Brown,Male,87.67,42.81,71.6,87.11,53.54,2.76,II/I
S4678,Omar,Johnson,Female,53.29,72.29,73.97,60.93,60.69,3.6,II/II
S4679,Ali,Jones,Male,88.17,54.09,50.57,55.65,81.4,2.78,II/II
S4680,Ali,Brown,Male,88.74,58.07,69.92,82.3,51.41,3.5,III/I
S4681,Liam,Brown,Female,83.59,54.71,95.09,99.19,79.61,2.25,I/II
S4682,John,Johnson,Male,64.6,79.01,73.52,80.04,97.84,3.55,I/I
S4683,Emma,Johnson,Female,74.48,73.21,55.31,84.55,89.75,2.47,I/II
S4684,Maria,Smith,Male,55.52,44.68,41.87,78.06,67.28,3.35,I/II
S4685,Sara,Jones,Male,73.58,71.59,60.18,89.12,56.91,3.13,I/II
S4686,Ali,Smith,Male,62.19,87.47,74.36,98.79,73.25,3.86,I/II
S4687,Sara,Davis,Female,67.45,44.87,42.56,77.21,69.65,2.77,III/II
S4688,Emma,Brown,Female,58.13,93.38,76.59,70.84,98.59,2.13,I/I
S4689,Maria,Johnson,Female,61.5,74.7,71.4,93.02,99.49,2.04,III/II
S4690,Emma,Brown,Male,53.83,97.04,87.01,98.49,70.53,3.65,II/I
S4691,Maria,Brown,Male,96.0,48.89,41.73,56.46,57.44,3.05,IV/I
S4692,Ahmed,Williams,Female,76.52,99.61,86.85,78.91,95.53,3.55,I/II
S4693,Maria,Davis,Female,69.84,78.66,71.25,89.62,89.68,2.47,IV/I
S4694,Liam,Williams,Male,76.75,74.05,62.23,76.67,75.56,2.69,II/II
S4695,John,Brown,Male,81.41,70.92,97.92,70.46,68.27,2.06,III/I
S4696,Emma,Johnson,Male,96.09,41.42,49.61,82.76,72.41,3.92,III/I
S4697,Ali,Brown,Male,58.93,96.38,72.48,63.51,95.09,3.34,III/II
S4698,Liam,Davis,Female,64.78,78.64,59.26,67.46,59.23,3.87,III/II
S4699,Ahmed,Williams,Male,98.79,45.5,71.65,99.61,90.34,2.53,II/II
S4700,John,Johnson,Male,68.56,41.26,73.14,81.82,50.91,3.22,I/II
S4701,Sara,Brown,Male,51.13,43.05,45.37,93.65,96.03,3.36,IV/I
S4702,Liam,Jones,Male,57.38,76.56,79.67,90.39,75.01,2.64,IV/II
S4703,Emma,Davis,Male,51.32,76.84,78.07,82.61,61.34,3.7,IV/I
S4704,Omar,Davis,Male,99.5,69.98,86.17,92.04,50.14,3.89,I/I
S4705,Omar,Jones,Male,63.94,58.41,45.44,64.36,77.98,3.77,II/I
S4706,Ali,Brown,Female,96.18,71.9,57.84,81.86,62.22,3.48,III/I
S4707,Maria,Davis,Female,99.79,70.98,79.01,79.53,81.56,2.55,II/I
S4708,Ali,Johnson,Female,79.99,41.16,48.2,81.12,64.06,2.56,I/I
S4709,Omar,Brown,Male,51.66,56.95,80.66,58.43,54.4,3.93,III/II
S4710,Sara,Brown,Female,54.08,43.19,43.54,63.86,75.25,2.02,IV/I
S4711,Ahmed,Williams,Male,74.08,94.01,60.1,64.33,78.22,3.43,III/I
S4712,Ahmed,Davis,Male,70.31,83.51,90.8,80.1,72.63,3.41,II/I
S4713,Emma,Davis,Male,80.31,99.77,86.46,98.63,72.9,3.25,IV/II
S4714,Ahmed,Jones,Male,71.94,58.13,78.69,97.7,79.48,3.98,III/II
S4715,Emma,Williams,Female,96.7,92.71,92.23,61.36,76.32,2.62,I/I
S4716,Liam,Williams,Male,76.74,76.18,82.56,65.24,56.63,2.68,IV/II
S4717,Emma,Davis,Male,84.69,67.19,71.16,51.8,59.85,2.16,II/I
S4718,Liam,Brown,Female,94.82,53.35,98.78,69.94,57.09,2.89,IV/II
S4719,Emma,Williams,Female,57.34,84.3,81.69,91.73,84.66,2.52,IV/I
S4720,Omar,Jones,Female,61.49,94.25,76.08,95.79,76.43,2.69,I/II
S4721,Omar,Williams,Male,55.37,54.12,64.53,61.82,71.49,3.67,IV/II
S4722,Maria,Jones,Female,56.98,50.52,94.14,63.29,89.92,3.87,III/II
S4723,Liam,Williams,Male,75.63,81.77,57.74,61.04,66.29,2.37,I/I
S4724,John,Jones,Male,66.06,98.62,40.55,67.51,78.41,2.75,II/I
S4725,Liam,Williams,Female,71.16,85.0,51.8,90.24,53.72,3.86,IV/I
S4726,Emma,Williams,Female,99.12,57.07,46.57,82.34,87.22,2.12,I/II
S4727,Emma,Johnson,Female,57.84,65.2,59.14,89.3,84.76,2.18,I/II
S4728,John,Jones,Male,77.04,63.06,89.55,79.15,90.12,2.33,I/I
S4729,Ali,Jones,Male,54.94,91.13,79.09,62.89,94.22,3.19,II/II
S4730,Emma,Jones,Male,65.92,86.28,50.14,61.4,87.9,2.3,IV/I
S4731,Maria,Smith,Male,76.38,75.34,87.33,50.45,92.22,3.94,IV/I
S4732,Ahmed,Williams,Male,97.33,56.5,70.25,89.05,67.28,2.89,III/I
S4733,Ahmed,Jones,Male,69.56,96.28,70.76,92.36,67.17,3.0,I/I
S4734,Sara,Davis,Female,53.25,79.2,61.73,88.41,97.22,2.49,I/II
S4735,Sara,Smith,Male,69.41,98.23,91.88,53.72,95.73,2.94,I/II
S4736,Ahmed,Johnson,Female,57.29,74.81,59.1,88.11,77.42,3.32,IV/II
S4737,Ahmed,Jones,Female,61.5,89.27,45.65,52.29,68.33,3.5,I/I
S4738,Omar,Jones,Female,80.9,88.79,58.16,55.28,93.3,3.51,II/II
S4739,Maria,Smith,Female,53.37,60.24,82.92,72.02,66.17,3.16,III/I
S4740,John,Williams,Female,73.24,97.84,79.45,73.81,57.68,3.81,II/I
S4741,Sara,Davis,Male,80.47,41.32,51.28,90.81,81.97,3.63,I/I
S4742,Omar,Johnson,Male,71.09,86.12,46.71,83.98,52.13,3.51,III/I
S4743,Omar,Jones,Male,50.96,97.93,79.65,57.67,68.96,2.11,IV/I
S4744,John,Williams,Male,99.28,60.33,80.58,61.31,90.38,2.01,III/I
S4745,Omar,Davis,Female,68.36,78.89,61.97,64.28,64.76,2.42,IV/II
S4746,Liam,Davis,Female,88.93,73.73,90.57,56.18,96.57,3.33,III/II
S4747,Maria,Johnson,Female,66.28,85.69,98.69,64.38,97.79,2.82,I/II
S4748,Ahmed,Brown,Male,73.75,91.97,52.34,86.43,90.79,2.8,IV/II
S4749,Emma,Davis,Male,69.42,76.18,74.62,62.07,99.38,3.77,II/I
S4750,John,Brown,Male,67.13,88.95,40.32,91.77,76.54,3.79,I/I
S4751,Ahmed,Davis,Male,51.09,58.74,82.78,73.48,78.46,3.82,IV/II
S4752,Ahmed,Johnson,Female,68.0,53.72,64.86,66.15,91.81,2.63,I/II
S4753,Ali,Smith,Female,94.47,65.84,51.6,70.62,74.64,3.38,III/II
S4754,Liam,Johnson,Male,84.52,80.66,85.13,85.47,70.34,2.54,IV/II
S4755,John,Johnson,Male,57.27,51.23,88.64,75.84,80.74,2.38,III/II
S4756,Omar,Smith,Female,79.56,80.82,46.67,50.36,82.88,2.37,IV/II
S4757,Emma,Smith,Female,94.61,63.65,42.46,96.12,87.54,2.68,I/II
S4758,John,Williams,Female,85.0,87.73,60.04,53.3,83.41,2.86,II/II
S4759,Omar,Davis,Female,57.43,42.21,77.56,96.93,87.29,3.66,III/I
S4760,Ahmed,Williams,Male,93.39,80.08,87.61,51.41,83.73,2.24,I/I
S4761,Emma,Smith,Female,65.08,78.99,72.76,88.55,74.02,3.47,I/I
S4762,Omar,Brown,Female,72.7,96.46,74.84,76.73,56.75,3.06,I/I
S4763,Maria,Brown,Female,76.31,82.8,87.99,75.29,89.27,2.58,I/II
S4764,Omar,Johnson,Female,92.53,87.78,71.73,53.64,51.54,2.99,IV/I
S4765,Ali,Jones,Male,96.58,94.28,76.67,61.94,99.63,2.6,II/II
S4766,Liam,Johnson,Male,96.48,80.5,70.97,88.88,91.42,3.19,II/I
S4767,Ahmed,Johnson,Male,50.4,57.41,92.83,94.56,83.55,2.87,III/II
S4768,Omar,Jones,Male,96.09,92.19,54.13,76.46,98.33,2.33,I/II
S4769,Liam,Davis,Male,52.72,84.85,55.84,67.67,80.62,2.23,IV/I
S4770,Sara,Smith,Male,63.29,65.47,47.68,53.0,52.82,3.09,II/I
S4771,Sara,Brown,Female,75.75,82.63,89.17,84.11,77.97,3.8,III/II
S4772,Liam,Johnson,Female,74.0,92.06,64.71,63.92,63.86,2.69,III/II
S4773,Liam,Jones,Female,80.24,98.54,60.87,52.75,68.47,3.47,II/II
S4774,Ali,Williams,Female,73.97,97.14,98.88,83.29,72.98,3.32,III/I
S4775,Maria,Johnson,Male,96.72,59.52,95.61,74.29,88.73,3.86,I/I
S4776,Ahmed,Brown,Female,62.03,65.3,98.32,50.6,75.15,3.64,IV/II
S4777,John,Smith,Male,63.7,46.57,48.54,55.55,73.73,3.13,II/I
S4778,Ali,Johnson,Female,96.04,54.85,93.48,84.96,65.1,3.31,I/II
S4779,Maria,Johnson,Female,53.84,92.95,59.72,53.18,76.99,3.8,II/I
S4780,Liam,Davis,Female,80.48,61.65,40.76,93.3,62.42,2.8,III/I
S4781,John,Jones,Male,84.09,77.23,63.48,65.57,63.05,2.65,I/I
S4782,Liam,Williams,Female,75.28,79.96,70.55,54.43,87.86,2.02,II/I
S4783,Liam,Williams,Male,84.71,86.91,46.49,87.99,67.13,3.65,III/I
S4784,Sara,Smith,Male,58.64,50.97,72.26,76.22,52.57,3.6,I/II
S4785,Sara,Brown,Female,92.63,58.29,89.17,65.33,67.18,2.21,II/II
S4786,John,Smith,Male,57.0,66.9,62.66,70.3,81.93,3.15,IV/I
S4787,Ali,Johnson,Male,70.04,61.89,61.16,51.07,90.7,2.93,III/II
S4788,Sara,Johnson,Female,53.76,98.97,60.33,83.13,98.1,2.24,I/II
S4789,Ahmed,Williams,Female,77.26,90.1,95.39,68.29,87.31,3.96,I/I
S4790,Liam,Brown,Female,83.49,68.78,42.93,85.7,71.44,2.43,III/II
S4791,Emma,Jones,Female,97.06,92.76,66.7,81.41,64.96,2.13,IV/I
S4792,Omar,Brown,Female,86.97,60.86,55.88,82.56,56.48,3.19,I/II
S4793,John,Johnson,Female,77.06,87.15,93.63,89.64,81.38,3.48,IV/II
S4794,John,Jones,Male,96.63,53.42,45.76,81.56,75.49,2.06,I/II
S4795,Sara,Brown,Female,73.92,86.34,64.69,70.94,83.89,3.32,I/II
S4796,Ali,Brown,Female,78.06,67.39,64.41,69.5,61.86,3.06,IV/II
S4797,Liam,Jones,Male,79.8,46.45,93.3,55.98,66.18,2.21,I/II
S4798,Ahmed,Johnson,Female,70.5,56.4,52.93,88.97,64.6,2.35,III/II
S4799,Ali,Brown,Male,91.92,64.14,78.69,88.06,89.88,3.14,I/I
S4800,Maria,Jones,Female,59.26,84.96,48.06,62.31,58.56,2.59,IV/I
S4801,Maria,Davis,Female,77.74,44.38,97.24,93.13,80.42,3.88,III/I
S4802,Emma,Davis,Male,86.11,79.57,75.58,79.45,52.57,3.64,II/I
S4803,Sara,Johnson,Female,95.2,82.96,77.58,73.93,77.48,3.97,IV/II
S4804,Sara,Jones,Male,94.2,79.24,66.03,50.87,53.2,2.52,II/II
S4805,Sara,Davis,Female,75.44,85.64,60.54,69.14,58.79,3.94,IV/II
S4806,Emma,Jones,Female,82.16,50.69,52.76,82.03,55.65,2.86,IV/I
S4807,Maria,Brown,Male,69.71,75.23,76.24,54.49,67.34,2.7,II/I
S4808,Ali,Johnson,Female,73.41,96.47,97.27,72.98,67.19,2.1,II/I
S4809,Emma,Davis,Female,95.31,76.65,61.59,99.67,91.32,2.11,II/II
S4810,Emma,Brown,Male,96.54,76.68,92.99,85.83,61.28,3.38,IV/I
S4811,Ali,Smith,Female,94.77,84.19,48.93,77.34,54.32,2.92,III/II
S4812,Sara,Smith,Male,56.92,59.99,96.17,76.65,80.18,2.45,I/I
S4813,Ahmed,Johnson,Female,92.5,82.03,61.03,52.19,84.37,3.23,II/II
S4814,Ali,Davis,Male,97.42,94.97,62.78,97.87,64.74,2.51,I/I
S4815,Maria,Davis,Female,68.06,40.65,67.77,96.41,80.14,3.16,III/II
S4816,John,Davis,Male,75.93,92.21,83.09,84.12,88.8,2.72,II/I
S4817,Liam,Jones,Male,88.95,53.12,83.18,54.95,67.38,3.65,I/I
S4818,John,Brown,Female,78.1,67.36,68.78,60.39,76.27,3.64,III/II
S4819,Omar,Davis,Female,99.67,91.14,71.39,59.2,57.33,2.95,III/II
S4820,Omar,Brown,Male,72.79,89.43,41.8,75.98,51.18,2.7,III/I
S4821,Emma,Johnson,Female,85.7,93.52,58.26,60.39,99.07,2.73,II/II
S4822,Liam,Davis,Male,89.63,96.43,60.76,84.79,64.99,3.61,III/I
S4823,John,Johnson,Female,74.71,66.83,73.52,77.26,63.95,2.66,IV/II
S4824,Ahmed,Davis,Female,92.85,79.38,73.5,50.88,98.66,2.42,II/I
S4825,Sara,Smith,Male,77.31,63.43,82.59,87.2,86.41,2.17,II/II
S4826,Maria,Williams,Male,70.58,61.04,83.02,59.44,79.26,2.93,II/I
S4827,Omar,Johnson,Female,55.39,65.9,54.11,91.24,84.97,2.96,III/I
S4828,Ahmed,Davis,Female,69.67,84.58,86.21,67.75,85.5,3.68,IV/I
S4829,Maria,Williams,Female,86.7,70.09,41.18,66.93,88.17,2.44,III/II
S4830,Maria,Johnson,Female,96.06,88.84,82.97,50.59,53.36,2.76,II/I
S4831,Sara,Jones,Female,62.58,84.71,46.12,99.39,70.64,3.62,II/II
S4832,Liam,Davis,Male,67.76,41.23,83.78,80.6,64.76,3.65,IV/II
S4833,Emma,Jones,Female,57.7,77.81,71.63,71.14,53.53,2.77,II/II
S4834,John,Smith,Female,84.54,66.19,66.24,54.83,70.63,2.92,II/I
S4835,Sara,Davis,Male,98.01,67.4,81.44,84.96,80.81,2.61,II/II
S4836,Ahmed,Smith,Male,82.05,89.1,42.18,64.14,58.92,3.87,IV/II
S4837,Emma,Williams,Male,80.85,72.86,53.41,99.41,65.25,2.24,III/II
S4838,Ahmed,Johnson,Female,77.67,93.14,76.99,97.53,81.96,3.87,IV/I
S4839,Emma,Brown,Male,54.42,82.77,90.83,86.76,78.97,3.37,III/II
S4840,Liam,Smith,Male,86.48,73.17,62.87,98.55,93.44,3.06,II/II
S4841,Omar,Brown,Male,80.1,85.27,55.53,55.28,89.56,2.07,IV/II
S4842,Ahmed,Brown,Male,83.07,42.3,71.12,64.0,98.28,2.95,IV/II
S4843,Sara,Johnson,Female,94.94,41.63,77.34,62.66,79.86,2.82,II/I
S4844,Emma,Williams,Female,89.2,45.0,65.21,53.6,84.92,2.32,III/I
S4845,Emma,Johnson,Female,89.05,66.25,92.6,98.61,93.03,3.31,II/II
S4846,Maria,Davis,Male,96.36,54.13,71.41,53.0,92.0,3.94,II/II
S4847,Maria,Smith,Male,99.5,99.06,42.15,92.83,85.94,3.12,II/II
S4848,Ali,Brown,Male,79.06,72.54,53.38,88.41,75.01,3.43,II/II
S4849,Ahmed,Johnson,Male,55.44,79.74,67.04,68.79,63.66,2.14,II/I
S4850,Maria,Johnson,Male,72.96,56.73,81.86,50.94,93.86,2.84,III/I
S4851,Ali,Johnson,Male,89.38,59.31,53.19,50.3,88.83,2.23,III/I
S4852,Omar,Smith,Female,51.39,60.13,98.58,60.2,91.9,3.23,I/I
S4853,Omar,Williams,Female,52.84,81.92,59.11,74.69,57.04,3.88,II/II
S4854,Maria,Johnson,Male,53.36,68.42,71.95,72.9,65.74,3.32,II/II
S4855,Ahmed,Smith,Female,86.55,71.06,41.14,79.26,71.24,2.15,I/I
S4856,Emma,Brown,Male,75.06,75.52,93.09,88.6,91.92,2.71,III/I
S4857,John,Davis,Male,68.44,86.13,87.33,68.87,94.64,3.1,IV/II
S4858,Liam,Jones,Female,55.28,45.42,51.73,58.02,64.24,2.81,IV/II
S4859,Ahmed,Smith,Male,86.61,86.61,95.99,90.0,84.32,3.67,I/II
S4860,Liam,Jones,Female,66.05,73.79,58.95,66.63,53.89,3.63,III/II
S4861,Sara,Johnson,Male,63.27,80.15,81.53,64.34,70.48,3.22,I/II
S4862,Omar,Johnson,Male,82.62,59.65,89.14,88.22,74.33,2.75,III/I
S4863,Maria,Smith,Female,77.95,64.56,84.45,96.71,88.28,2.51,IV/I
S4864,Maria,Jones,Male,68.12,53.87,95.05,95.75,94.6,2.21,II/II
S4865,Liam,Johnson,Male,82.07,98.76,91.86,56.87,66.86,2.71,I/II
S4866,Emma,Brown,Male,63.56,69.82,99.68,75.16,76.39,2.83,II/I
S4867,Liam,Williams,Female,89.74,99.76,50.96,54.64,82.37,3.35,IV/II
S4868,Sara,Williams,Male,61.47,69.39,58.29,98.05,66.43,3.32,II/I
S4869,Emma,Johnson,Male,57.94,53.19,78.17,60.76,99.28,2.14,I/I
S4870,Sara,Jones,Male,89.12,70.45,83.98,59.87,93.79,2.79,III/I
S4871,John,Davis,Female,85.39,42.38,72.08,94.44,64.82,2.36,III/I
S4872,Omar,Johnson,Female,59.13,94.29,44.44,98.39,75.4,2.31,I/II
S4873,Maria,Davis,Female,55.81,89.11,90.5,84.88,61.54,3.65,II/II
S4874,Maria,Davis,Female,91.92,83.55,97.65,56.05,75.73,2.08,III/I
S4875,John,Jones,Female,88.83,76.59,64.33,74.29,84.17,2.84,I/II
S4876,Ali,Davis,Male,66.36,74.79,53.49,90.83,54.28,2.34,I/II
S4877,Omar,Brown,Female,82.91,99.8,41.16,78.62,93.51,3.76,III/II
S4878,Emma,Jones,Female,56.21,56.68,54.24,56.63,79.69,3.11,III/II
S4879,John,Johnson,Male,75.35,86.78,82.0,58.59,99.48,2.46,III/I
S4880,Emma,Brown,Female,50.94,74.88,94.7,93.21,51.28,3.0,I/II
S4881,Liam,Smith,Male,69.58,98.55,45.61,76.35,91.57,3.46,I/I
S4882,Ahmed,Williams,Female,53.74,89.67,73.2,85.29,89.6,3.92,I/I
S4883,Maria,Johnson,Male,73.76,99.91,81.73,68.65,56.64,2.44,III/II
S4884,Emma,Johnson,Male,71.08,75.3,56.58,76.62,66.77,3.77,III/I
S4885,Sara,Johnson,Female,72.22,52.27,74.19,98.86,94.24,3.87,IV/II
S4886,Emma,Brown,Female,52.27,70.22,82.91,66.49,75.92,3.83,II/II
S4887,Ahmed,Smith,Male,68.08,82.67,90.26,83.74,70.06,3.27,IV/I
S4888,Omar,Jones,Male,87.82,86.46,67.15,58.63,95.27,3.26,IV/II
S4889,Maria,Smith,Male,68.45,40.03,84.87,56.09,54.67,2.81,I/I
S4890,Liam,Brown,Male,85.76,70.3,58.11,89.18,73.66,3.5,I/I
S4891,John,Johnson,Male,68.47,54.11,52.78,92.21,82.62,3.06,IV/II
S4892,Liam,Williams,Male,71.16,92.49,51.24,83.42,80.43,3.35,III/II
S4893,Ahmed,Johnson,Male,78.19,49.17,61.53,57.91,63.21,2.86,III/II
S4894,Maria,Jones,Female,97.53,79.99,42.15,62.03,78.17,3.46,III/I
S4895,Emma,Davis,Male,55.44,55.96,56.98,95.56,85.43,3.65,III/II
S4896,Omar,Williams,Female,51.65,61.39,79.13,64.44,79.24,2.29,II/I
S4897,Ali,Johnson,Female,80.4,96.43,78.88,90.94,84.22,3.67,IV/I
S4898,Omar,Williams,Male,97.45,54.43,44.41,64.3,62.8,3.08,IV/II
S4899,Ali,Davis,Male,99.49,45.7,57.24,96.97,91.64,3.69,IV/II
S4900,Sara,Smith,Female,74.21,44.16,74.17,95.72,72.48,2.86,I/II
S4901,Omar,Brown,Male,73.4,70.28,59.11,52.16,99.36,2.76,I/I
S4902,Maria,Johnson,Male,82.25,78.5,65.08,88.52,51.16,3.83,IV/II
S4903,Ali,Jones,Female,77.78,59.64,82.77,58.47,69.02,2.5,II/I
S4904,John,Smith,Female,81.7,81.42,40.56,60.76,59.02,3.69,IV/II
S4905,Maria,Johnson,Female,93.7,43.66,56.58,72.99,77.78,2.97,II/II
S4906,John,Smith,Male,87.32,91.44,48.54,78.82,62.16,3.03,II/I
S4907,Omar,Jones,Male,74.84,88.99,47.66,66.29,86.87,2.62,III/I
S4908,John,Johnson,Female,73.09,99.13,97.54,78.77,94.09,3.15,II/II
S4909,Ali,Davis,Male,81.98,96.19,62.59,58.53,60.54,2.65,II/II
S4910,Maria,Davis,Female,72.79,61.37,71.63,51.12,58.03,2.08,IV/II
S4911,Emma,Jones,Male,72.89,63.96,84.03,78.56,93.77,2.54,III/II
S4912,Ahmed,Williams,Female,50.82,84.76,42.85,75.87,68.06,2.01,IV/II
S4913,Ali,Jones,Male,58.7,48.04,54.46,84.48,71.73,3.96,II/I
S4914,Ali,Williams,Female,74.43,58.84,89.93,82.49,61.05,3.93,III/I
S4915,Emma,Johnson,Male,91.13,47.11,91.72,94.87,71.27,2.79,I/I
S4916,Maria,Williams,Male,63.94,67.29,62.38,72.97,61.57,3.46,IV/I
S4917,Maria,Johnson,Female,76.13,73.12,62.49,50.42,83.3,2.69,III/II
S4918,Liam,Johnson,Male,67.25,52.67,85.41,81.53,74.94,3.34,II/I
S4919,Omar,Brown,Male,55.24,41.6,57.7,83.76,89.4,3.61,I/I
S4920,John,Johnson,Female,97.91,83.16,47.03,76.07,65.64,3.89,II/I
S4921,Omar,Williams,Male,92.73,41.2,55.45,84.47,75.28,2.8,III/II
S4922,Emma,Brown,Male,53.92,98.4,63.24,66.18,62.98,3.57,I/I
S4923,Omar,Brown,Male,85.99,53.3,43.13,57.44,96.72,2.53,III/II
S4924,Emma,Johnson,Female,67.38,79.83,68.72,83.23,76.1,3.98,II/I
S4925,Maria,Jones,Female,99.74,66.09,84.4,62.26,58.67,2.05,II/II
S4926,John,Jones,Female,65.12,43.58,70.82,72.82,63.64,3.21,IV/I
S4927,Omar,Davis,Female,61.94,68.33,44.31,74.58,54.15,3.32,I/II
S4928,Ali,Brown,Female,78.39,71.01,66.41,73.86,51.39,3.38,IV/I
S4929,Sara,Johnson,Male,91.76,91.28,82.53,79.92,76.3,2.24,II/II
S4930,Liam,Jones,Male,59.63,83.94,43.49,51.47,66.86,3.88,III/II
S4931,Ahmed,Johnson,Female,85.47,44.76,43.59,99.48,98.19,2.36,IV/I
S4932,Ali,Johnson,Male,53.07,52.55,62.24,85.82,58.57,3.25,III/II
S4933,Maria,Brown,Male,95.95,58.71,51.7,71.27,89.7,2.45,III/II
S4934,Ahmed,Davis,Male,54.05,46.98,96.09,59.57,65.8,2.61,I/I
S4935,Sara,Brown,Male,95.71,67.41,74.88,54.01,61.18,3.09,III/I
S4936,Sara,Smith,Female,74.54,99.06,57.24,83.61,98.48,2.83,III/II
S4937,John,Jones,Female,72.4,70.88,82.29,65.85,90.13,2.32,IV/I
S4938,Ahmed,Jones,Male,98.67,84.51,62.5,61.47,81.53,2.34,IV/I
S4939,John,Jones,Male,99.52,80.98,47.93,69.0,84.86,2.84,IV/I
S4940,Ali,Williams,Female,82.51,90.99,54.23,79.65,99.57,3.51,II/II
S4941,Emma,Johnson,Male,56.36,52.94,78.56,83.59,79.66,3.8,I/II
S4942,Emma,Brown,Male,75.31,85.23,43.11,82.26,55.1,2.17,III/II
S4943,Emma,Jones,Male,76.46,92.88,56.36,93.16,53.24,2.79,IV/II
S4944,Ahmed,Smith,Female,75.72,50.29,52.5,60.94,83.33,2.2,III/II
S4945,Emma,Jones,Female,78.47,60.81,52.07,81.84,82.88,2.03,III/II
S4946,Ali,Davis,Male,50.94,98.21,80.97,55.06,87.41,3.32,IV/II
S4947,John,Johnson,Male,85.56,86.85,89.55,77.4,55.44,3.2,I/I
S4948,Ahmed,Johnson,Male,85.62,56.96,82.95,79.2,97.25,2.33,III/II
S4949,John,Brown,Male,55.77,73.84,78.74,60.81,77.56,2.47,II/II
S4950,Ahmed,Williams,Male,78.51,64.26,94.99,69.58,82.48,2.05,II/I
S4951,John,Brown,Male,78.42,69.4,43.5,91.36,51.74,3.67,III/I
S4952,Sara,Jones,Female,84.12,61.31,50.05,57.42,98.05,3.95,IV/I
S4953,John,Davis,Female,54.27,56.76,64.86,71.73,78.13,2.27,III/II
S4954,Emma,Smith,Male,81.33,80.49,62.35,96.64,78.17,2.46,I/I
S4955,Sara,Brown,Female,64.04,86.71,65.08,75.21,97.18,3.74,II/II
S4956,John,Williams,Male,75.35,92.44,52.39,86.26,96.47,3.85,III/II
S4957,Ahmed,Brown,Male,88.67,49.32,48.97,91.34,61.01,2.84,IV/II
S4958,Ahmed,Johnson,Female,85.28,89.37,70.55,60.19,96.55,2.1,I/I
S4959,Liam,Jones,Female,55.95,55.29,95.68,60.91,86.83,2.08,II/I
S4960,Ahmed,Jones,Male,79.56,65.64,63.52,87.93,50.95,3.15,I/II
S4961,Maria,Jones,Male,98.46,94.09,42.6,87.67,61.99,2.79,III/II
S4962,Ali,Jones,Female,57.84,67.27,82.37,53.01,70.65,2.06,II/II
S4963,Ahmed,Jones,Female,92.65,51.82,57.47,66.12,79.14,3.17,I/I
S4964,Sara,Jones,Male,85.13,49.59,54.71,69.93,85.07,2.02,IV/II
S4965,Liam,Smith,Male,88.7,68.38,59.46,91.45,60.51,3.57,I/I
S4966,Ahmed,Williams,Male,64.1,85.76,83.43,71.09,91.84,2.61,III/II
S4967,Maria,Jones,Female,64.39,99.83,89.13,96.3,92.29,2.08,I/I
S4968,Emma,Williams,Male,95.3,87.24,75.28,99.83,81.75,3.18,I/II
S4969,Sara,Davis,Female,67.99,92.62,59.35,89.04,96.05,2.8,I/I
S4970,Maria,Jones,Male,53.15,84.87,58.63,83.32,90.65,3.95,IV/I
S4971,Emma,Brown,Female,80.03,93.73,47.46,69.59,61.08,3.09,III/I
S4972,Omar,Jones,Female,56.24,44.58,96.0,53.35,89.93,2.55,IV/I
S4973,Omar,Johnson,Female,89.83,95.8,78.29,78.66,97.66,3.42,III/I
S4974,Sara,Smith,Female,82.09,63.78,41.62,68.09,56.88,2.54,I/I
S4975,John,Brown,Male,93.74,95.3,79.74,67.54,98.93,3.81,IV/II
S4976,Ali,Brown,Female,89.24,44.54,66.83,84.39,51.25,2.75,IV/II
S4977,Liam,Johnson,Female,55.61,82.91,98.35,73.18,76.11,3.1,III/II
S4978,Ali,Jones,Female,69.05,84.14,89.14,87.6,88.69,2.1,IV/II
S4979,Maria,Smith,Male,88.73,99.81,50.28,69.91,89.52,2.85,III/I
S4980,Emma,Brown,Male,70.87,86.13,83.21,57.54,86.73,3.66,II/II
S4981,Ali,Smith,Male,98.62,62.95,69.13,73.07,76.47,3.61,III/I
S4982,Emma,Brown,Male,86.79,73.43,51.22,97.55,82.55,2.45,IV/I
S4983,Emma,Jones,Male,50.77,61.99,81.92,90.08,85.0,2.45,I/I
S4984,Maria,Davis,Male,94.0,51.76,72.84,60.29,74.73,3.63,III/II
S4985,Maria,Brown,Female,55.04,54.91,41.82,69.57,79.78,3.86,II/I
S4986,Maria,Davis,Female,57.03,53.32,78.8,96.39,92.32,2.19,III/II
S4987,Ali,Brown,Female,86.72,72.93,78.1,56.18,65.64,2.9,III/II
S4988,Omar,Williams,Male,93.25,94.37,48.65,62.7,76.16,2.67,III/II
S4989,Maria,Jones,Female,76.82,94.76,60.94,63.11,50.42,3.74,II/II
S4990,Liam,Johnson,Female,64.45,43.29,75.15,78.55,84.37,2.17,I/II
S4991,Ali,Davis,Male,67.57,44.79,48.33,70.54,59.77,2.42,IV/I
S4992,Maria,Johnson,Female,67.14,54.71,91.16,53.99,74.05,3.5,I/I
S4993,Ahmed,Jones,Male,66.33,55.3,41.65,81.46,60.51,2.1,I/II
S4994,Emma,Johnson,Female,62.15,45.69,46.17,54.95,51.18,2.99,II/I
S4995,Liam,Jones,Male,80.44,63.31,46.97,80.32,74.16,2.88,I/II
S4996,Maria,Johnson,Male,95.02,75.26,71.69,75.35,71.24,2.67,I/I
S4997,Sara,Davis,Male,65.35,74.69,77.21,74.68,71.26,2.79,IV/I
S4998,Emma,Williams,Female,59.33,72.61,64.22,53.37,60.44,3.06,IV/I
S4999,Emma,Johnson,Female,91.93,60.32,57.32,81.96,97.36,2.32,I/I
S5000,Maria,Davis,Male,87.09,82.39,88.56,71.57,50.18,3.14,II/I
S5001,Omar,Brown,Male,96.54,89.59,44.1,70.56,94.58,3.61,I/I
S5002,John,Jones,Female,58.28,60.78,56.82,79.82,86.85,3.52,II/I
S5003,Omar,Smith,Female,57.21,45.13,42.35,80.31,58.6,2.31,II/I
S5004,Maria,Smith,Male,77.07,57.78,40.83,50.75,73.61,2.3,I/I
S5005,Emma,Jones,Female,80.72,48.24,61.2,56.26,99.44,2.54,III/I
S5006,Liam,Williams,Female,74.01,68.04,51.69,61.83,82.18,2.72,IV/I
S5007,Sara,Johnson,Female,79.95,49.36,56.1,83.9,56.37,2.82,II/I
S5008,Liam,Williams,Male,59.02,67.77,89.26,78.84,72.88,3.36,I/I
S5009,Liam,Smith,Male,73.98,53.26,49.78,87.88,73.41,2.11,IV/II
S5010,Emma,Davis,Female,82.9,84.32,86.81,87.03,90.11,2.07,III/I
S5011,Omar,Jones,Male,71.64,41.65,80.5,92.66,95.81,2.78,IV/I
S5012,Sara,Jones,Female,83.97,73.28,59.59,68.84,54.11,3.39,II/I
S5013,Ali,Williams,Female,72.56,50.17,72.79,67.25,65.7,2.39,IV/I
S5014,Ahmed,Davis,Male,66.68,40.06,66.67,91.55,64.92,3.28,III/I
S5015,Emma,Williams,Male,65.18,92.15,47.7,61.88,99.8,2.52,IV/I
S5016,Maria,Johnson,Male,70.55,80.29,94.43,73.06,77.96,3.77,II/II
S5017,Ali,Brown,Female,51.15,45.94,74.18,59.72,93.99,3.79,III/II
S5018,Ahmed,Davis,Female,83.43,79.84,92.81,95.69,71.3,2.59,II/II
S5019,Maria,Brown,Male,92.26,76.7,89.43,70.39,86.14,2.46,III/I
S5020,Liam,Johnson,Male,67.73,68.4,44.79,60.62,64.33,2.82,II/I
S5021,John,Brown,Male,52.3,65.16,52.44,84.6,95.59,2.48,I/I
S5022,Maria,Smith,Female,99.34,93.22,48.72,62.23,72.76,3.34,I/II
S5023,Sara,Brown,Female,63.18,54.71,89.85,97.18,90.19,3.65,I/I
S5024,Sara,Johnson,Female,56.33,63.9,91.75,68.38,62.79,3.35,IV/I
S5025,John,Brown,Male,68.49,59.75,71.68,83.23,84.68,3.65,I/II
S5026,Ali,Jones,Male,86.93,86.27,46.25,67.26,70.26,2.79,I/II
S5027,Ahmed,Williams,Female,64.7,94.99,48.14,90.36,51.57,2.31,IV/I
S5028,Maria,Smith,Male,78.74,90.99,88.81,94.85,70.65,3.48,IV/I
S5029,Sara,Jones,Male,70.78,87.86,95.75,89.4,77.5,2.72,II/I
S5030,Ali,Jones,Male,55.89,99.21,51.97,92.42,57.59,3.34,III/I
S5031,John,Johnson,Male,66.51,81.83,40.67,55.09,59.2,2.54,IV/II
S5032,Omar,Williams,Female,86.24,85.06,59.86,96.2,73.24,2.16,I/I
S5033,Emma,Williams,Male,80.6,98.97,41.83,81.22,67.14,3.99,III/I
S5034,Omar,Davis,Female,55.99,40.42,89.68,93.46,72.04,2.31,II/II
S5035,Omar,Smith,Female,58.17,78.04,69.49,84.22,73.04,3.98,II/I
S5036,Sara,Johnson,Male,82.04,84.34,78.51,60.09,57.0,3.95,II/I
S5037,Liam,Smith,Female,90.67,95.07,64.69,80.48,59.06,3.59,IV/II
S5038,Liam,Davis,Female,67.47,93.03,60.73,54.55,92.41,3.32,II/II
S5039,John,Brown,Male,79.77,90.52,53.33,84.79,58.14,3.16,I/I
S5040,Maria,Jones,Female,58.53,96.75,86.23,70.45,83.3,3.73,III/II
S5041,Liam,Smith,Female,65.57,72.24,81.73,57.59,70.93,2.58,II/II
S5042,Omar,Jones,Female,51.01,40.42,61.64,98.96,98.41,2.94,I/I
S5043,Liam,Johnson,Female,88.41,40.66,59.27,95.05,53.31,3.24,I/II
S5044,Omar,Brown,Female,70.05,72.68,40.07,94.68,91.52,2.82,IV/I
S5045,Ahmed,Johnson,Female,90.81,66.12,43.81,89.44,74.57,2.85,II/I
S5046,Sara,Brown,Female,85.42,67.07,77.4,84.6,50.27,2.66,I/I
S5047,Sara,Brown,Female,91.44,64.02,70.88,82.75,63.18,3.13,III/I
S5048,Maria,Jones,Male,64.28,95.06,66.09,55.3,70.38,3.7,IV/II
S5049,Liam,Johnson,Male,59.26,61.55,89.65,95.03,65.71,2.4,IV/I
S5050,Liam,Johnson,Male,98.6,91.37,70.23,94.06,68.12,3.87,III/I
S5051,Emma,Smith,Female,85.87,94.17,63.07,87.39,95.83,3.38,IV/I
S5052,Ali,Johnson,Female,91.7,69.97,49.68,96.37,68.05,3.65,II/I
S5053,Ahmed,Smith,Female,50.66,66.82,89.24,77.65,70.94,3.11,II/II
S5054,Sara,Williams,Male,67.72,85.66,74.57,72.38,88.06,3.56,III/II
S5055,Ahmed,Williams,Male,87.14,82.48,45.55,98.4,89.69,2.03,II/II
S5056,Sara,Williams,Male,53.9,59.71,78.93,73.21,54.2,3.64,I/I
S5057,Ahmed,Davis,Female,78.37,46.15,65.5,82.07,85.2,2.08,IV/II
S5058,John,Johnson,Male,71.45,55.89,88.68,68.65,74.13,3.78,II/II
S5059,Omar,Davis,Male,50.88,47.86,95.13,81.82,56.69,3.98,II/I
S5060,Sara,Johnson,Female,61.8,57.68,76.03,86.0,63.24,2.59,IV/II
S5061,Ahmed,Smith,Male,64.24,55.71,83.9,81.23,52.25,2.42,I/I
S5062,Liam,Davis,Female,55.59,78.26,43.4,75.73,68.01,3.53,I/II
S5063,Ali,Davis,Male,81.58,97.27,73.62,65.01,62.77,2.51,II/II
S5064,John,Davis,Female,62.12,81.14,85.32,82.19,69.11,3.73,II/II
S5065,John,Brown,Female,63.88,95.6,69.81,95.42,79.02,2.21,III/II
S5066,Ali,Smith,Female,94.91,87.05,75.61,50.35,86.62,2.25,I/I
S5067,Ahmed,Williams,Female,73.36,83.67,93.94,56.7,80.27,3.96,III/I
S5068,Liam,Smith,Female,69.61,64.84,51.89,55.99,83.92,3.35,II/II
S5069,Maria,Brown,Male,86.19,59.49,45.89,96.16,93.28,3.69,II/I
S5070,Ali,Johnson,Female,95.48,90.78,81.44,83.14,93.69,2.65,II/II
S5071,Ahmed,Smith,Female,51.25,94.32,89.37,97.59,93.04,3.35,III/II
S5072,Ali,Davis,Female,72.41,67.11,91.03,79.14,57.66,3.19,I/II
S5073,Ali,Williams,Female,80.54,40.54,78.5,73.09,62.55,3.21,III/II
S5074,Sara,Williams,Male,65.93,87.55,89.99,89.62,75.12,3.37,II/II
S5075,Ahmed,Johnson,Female,88.62,57.1,82.04,58.05,67.94,3.15,IV/II
S5076,Maria,Smith,Male,98.57,40.59,45.24,69.07,56.58,2.86,III/I
S5077,Omar,Brown,Female,97.17,88.3,85.72,73.31,64.39,2.55,IV/I
S5078,Sara,Johnson,Female,63.3,71.04,50.76,64.92,98.77,3.54,II/II
S5079,Ali,Smith,Male,61.32,81.11,54.2,68.56,67.35,2.45,I/I
S5080,Omar,Jones,Male,97.87,94.88,63.68,53.91,70.95,3.38,II/II
S5081,Emma,Williams,Male,72.93,72.47,58.87,59.9,50.32,2.47,III/I
S5082,Omar,Brown,Female,60.41,70.19,59.3,66.77,85.97,3.25,I/I
S5083,Ali,Davis,Male,85.35,57.44,50.16,89.79,70.68,3.49,II/I
S5084,Ali,Brown,Female,64.22,58.31,57.63,59.12,55.16,2.44,IV/II
S5085,Liam,Davis,Male,63.36,87.79,41.18,67.33,98.43,2.12,I/I
S5086,Ahmed,Brown,Male,93.96,66.94,68.37,53.25,88.87,2.26,III/II
S5087,Ahmed,Williams,Female,58.12,49.81,86.12,77.86,86.31,3.21,I/II
S5088,Sara,Davis,Male,53.22,45.67,91.73,80.56,97.89,3.7,III/II
S5089,Maria,Smith,Male,63.46,68.38,89.23,93.28,70.37,2.09,IV/I
S5090,Sara,Davis,Female,80.35,67.9,64.99,90.96,85.93,3.47,I/I
S5091,John,Johnson,Female,56.15,79.21,83.83,64.27,60.31,2.68,II/I
S5092,Ali,Smith,Female,73.58,68.26,57.27,56.85,84.86,2.96,II/II
S5093,Omar,Johnson,Male,81.37,48.61,43.33,57.8,50.7,3.86,IV/II
S5094,Emma,Brown,Male,92.44,70.47,80.56,98.45,56.32,2.66,I/I
S5095,Ali,Smith,Male,61.49,94.41,78.93,83.66,71.26,2.93,III/II
S5096,Ali,Brown,Male,90.87,49.57,88.1,52.13,50.6,2.03,I/I
S5097,Sara,Jones,Male,61.75,81.39,76.97,56.84,73.1,2.16,I/I
S5098,Emma,Brown,Female,83.84,75.63,49.41,74.29,76.14,2.52,I/I
S5099,Emma,Brown,Male,71.53,84.92,91.19,60.39,81.08,2.06,II/I
S5100,Emma,Johnson,Female,55.73,49.04,77.64,90.18,55.02,3.26,IV/II
S5101,Sara,Davis,Male,85.71,96.5,88.46,78.66,59.05,2.85,III/I
S5102,Ali,Jones,Female,60.89,77.26,86.45,80.63,80.66,3.1,III/I
S5103,Sara,Brown,Male,58.83,90.82,57.87,73.14,82.91,2.35,I/I
S5104,Ahmed,Brown,Male,67.92,54.8,44.47,62.8,51.3,2.59,II/I
S5105,Ahmed,Jones,Female,82.66,84.36,50.59,79.47,77.02,3.33,II/I
S5106,Sara,Jones,Male,61.7,86.86,45.57,85.85,89.25,3.93,IV/I
S5107,Emma,Smith,Female,59.18,63.85,54.6,68.55,53.46,2.1,I/I
S5108,Liam,Johnson,Male,50.5,63.04,67.57,75.25,70.66,3.78,III/II
S5109,Ali,Jones,Male,73.58,79.47,94.41,91.98,66.33,3.15,III/II
S5110,Sara,Jones,Female,71.43,45.6,92.32,57.43,95.68,3.13,I/II
S5111,Sara,Williams,Male,61.69,84.14,83.12,77.26,59.29,3.0,IV/II
S5112,Sara,Davis,Female,52.68,42.57,41.45,67.42,65.92,2.14,I/I
S5113,Liam,Jones,Male,71.46,51.44,60.48,85.14,94.92,2.18,I/II
S5114,Liam,Johnson,Male,89.41,79.85,80.94,50.94,66.53,3.2,III/II
S5115,John,Davis,Male,85.76,45.9,47.74,83.52,76.57,2.68,III/II
S5116,Ahmed,Davis,Male,93.04,98.31,88.07,55.14,51.65,3.83,I/I
S5117,Omar,Brown,Male,50.48,92.1,94.87,53.24,99.25,2.81,I/II
S5118,Emma,Brown,Male,98.32,77.58,61.25,86.23,91.25,2.29,I/II
S5119,Maria,Brown,Male,67.07,89.14,82.35,82.02,81.72,3.43,I/I
S5120,Liam,Brown,Female,99.52,93.25,48.89,94.75,53.04,2.59,IV/II
S5121,Omar,Williams,Male,62.63,55.57,81.45,75.98,53.74,3.05,IV/I
S5122,Liam,Jones,Male,73.58,90.96,41.29,76.5,77.25,3.4,I/II
S5123,Emma,Brown,Male,67.7,51.69,49.05,85.35,64.25,3.8,IV/I
S5124,Maria,Smith,Female,67.79,64.8,82.59,66.17,81.14,3.58,II/II
S5125,John,Brown,Female,92.11,73.5,82.71,51.85,79.91,3.35,IV/II
S5126,Sara,Jones,Male,87.32,82.83,78.47,61.5,91.93,3.36,III/II
S5127,John,Brown,Male,99.61,41.81,68.64,61.9,64.07,3.89,III/I
S5128,Liam,Williams,Male,80.68,57.43,80.49,66.78,78.89,2.59,IV/II
S5129,John,Johnson,Female,73.16,76.51,86.43,97.17,88.87,2.0,IV/I
S5130,Omar,Johnson,Male,54.5,61.44,97.99,90.24,74.54,2.54,IV/I
S5131,Ali,Jones,Female,99.83,86.5,93.32,96.8,91.53,2.44,IV/I
S5132,Liam,Johnson,Male,77.58,79.1,87.67,99.93,56.56,3.32,II/I
S5133,Liam,Johnson,Female,85.02,54.06,81.69,71.69,86.69,3.27,IV/II
S5134,Omar,Smith,Female,70.34,48.76,74.45,61.35,97.15,3.19,I/II
S5135,Ahmed,Jones,Male,77.39,77.74,47.24,78.0,66.59,2.03,I/II
S5136,Maria,Jones,Male,97.13,67.03,49.93,94.06,68.32,3.46,II/I
S5137,Sara,Johnson,Male,58.32,50.14,89.22,73.29,54.18,2.65,I/II
S5138,Omar,Johnson,Male,64.62,59.58,88.2,75.27,82.07,3.33,II/I
S5139,Maria,Johnson,Male,57.6,58.18,76.87,56.72,77.62,3.11,IV/I
S5140,Emma,Davis,Male,89.61,46.49,66.33,71.02,52.02,2.69,I/I
S5141,Maria,Williams,Male,53.1,72.81,41.56,69.35,87.61,2.27,IV/II
S5142,Emma,Brown,Female,54.08,85.82,59.63,67.58,91.46,2.19,II/II
S5143,Omar,Williams,Male,64.92,74.53,65.24,94.36,95.36,3.66,IV/I
S5144,Liam,Jones,Male,75.71,89.58,69.15,52.97,77.29,3.84,II/II
S5145,Liam,Smith,Female,70.31,47.65,95.76,98.61,72.63,3.3,III/II
S5146,Ahmed,Brown,Male,52.24,66.14,46.52,50.41,93.81,2.21,IV/I
S5147,Omar,Smith,Male,97.87,76.56,71.13,97.28,69.93,2.8,III/I
S5148,Emma,Davis,Male,97.64,80.56,62.08,77.4,82.77,3.46,I/II
S5149,Maria,Jones,Male,63.97,81.75,99.41,85.12,80.77,3.56,III/I
S5150,Maria,Davis,Female,86.58,83.74,91.71,59.36,68.61,2.24,I/I
S5151,Emma,Jones,Female,78.93,79.09,66.33,82.71,54.34,2.0,II/II
S5152,John,Smith,Male,61.87,45.65,99.98,94.1,51.07,3.42,IV/II
S5153,Ahmed,Smith,Male,63.11,81.72,70.84,56.97,71.41,2.71,IV/I
S5154,Ali,Smith,Female,74.56,83.49,50.03,56.35,74.06,2.51,IV/II
S5155,Liam,Jones,Male,70.96,99.61,73.35,65.2,91.13,2.03,I/I
S5156,Sara,Johnson,Female,64.56,81.6,53.57,58.09,70.72,3.08,I/I
S5157,Maria,Smith,Female,90.38,81.21,78.18,55.53,64.06,3.7,I/II
S5158,Sara,Davis,Female,74.07,70.89,96.25,83.92,73.1,3.92,I/I
S5159,Ali,Brown,Male,82.74,92.08,87.17,60.69,61.9,3.13,IV/I
S5160,Omar,Jones,Male,59.46,99.81,56.39,83.35,54.57,3.03,IV/I
S5161,Sara,Davis,Male,76.68,86.74,57.81,93.1,55.65,2.17,IV/II
S5162,Ali,Williams,Female,65.9,76.75,44.16,82.6,65.96,3.1,IV/II
S5163,Liam,Williams,Male,76.32,44.74,57.15,55.97,50.63,2.76,II/II
S5164,Emma,Brown,Male,89.04,83.6,45.56,78.68,61.01,3.21,IV/I
S5165,John,Johnson,Female,88.45,82.51,69.97,69.68,89.38,2.78,III/I
S5166,Liam,Smith,Male,67.71,86.53,82.5,67.17,61.73,2.48,II/II
S5167,Maria,Jones,Male,84.71,47.47,85.07,65.93,55.54,2.19,I/II
S5168,Ali,Davis,Male,97.06,79.22,43.57,96.47,97.45,2.63,II/II
S5169,Sara,Smith,Female,81.28,57.74,60.4,87.13,81.12,2.19,II/I
S5170,Maria,Davis,Male,57.42,85.62,57.29,56.69,53.0,2.35,IV/II
S5171,John,Jones,Female,83.99,54.42,46.26,73.8,53.11,3.97,III/I
S5172,Emma,Williams,Female,55.25,81.04,61.75,65.91,80.61,2.89,IV/II
S5173,Omar,Smith,Female,93.61,57.7,57.96,98.9,77.01,3.06,II/I
S5174,Maria,Brown,Male,75.83,40.54,78.07,98.9,53.42,3.75,II/I
S5175,Omar,Johnson,Male,69.26,78.0,93.0,65.98,61.22,3.99,III/II
S5176,Ali,Brown,Male,52.85,46.8,67.29,67.61,96.45,3.17,IV/I
S5177,John,Johnson,Female,69.04,79.56,84.8,79.97,78.6,3.62,I/II
S5178,Sara,Davis,Female,95.16,95.54,48.76,73.97,72.02,2.65,I/I
S5179,John,Smith,Male,51.05,98.15,93.7,60.66,62.51,2.61,II/I
S5180,John,Smith,Female,73.73,54.16,49.16,83.02,56.68,2.81,II/II
S5181,Ahmed,Johnson,Male,96.56,88.56,51.53,66.71,70.13,3.35,I/I
S5182,John,Williams,Male,69.74,61.21,46.39,82.69,96.12,3.36,II/II
S5183,John,Jones,Male,71.41,94.03,58.58,69.18,52.44,2.63,IV/II
S5184,Liam,Brown,Male,78.93,87.25,73.14,85.01,99.55,2.27,II/II
S5185,Maria,Davis,Male,73.15,44.44,99.28,83.39,60.39,3.26,I/I
S5186,Sara,Brown,Male,58.43,64.43,87.6,75.44,70.44,2.26,I/I
S5187,Liam,Brown,Male,50.93,60.24,62.83,85.24,52.25,3.16,IV/I
S5188,Liam,Davis,Female,80.49,87.11,74.55,73.05,79.24,3.39,II/II
S5189,Maria,Davis,Male,96.04,64.62,77.4,55.81,74.18,3.4,I/II
S5190,Maria,Smith,Female,55.32,81.08,89.36,59.11,83.34,3.51,IV/I
S5191,Ali,Brown,Female,60.55,76.15,84.19,62.3,77.13,3.75,III/I
S5192,Maria,Jones,Male,68.51,98.54,74.16,53.16,69.91,3.0,III/II
S5193,Ahmed,Jones,Female,90.44,96.27,80.15,85.57,86.89,3.46,III/I
S5194,Ahmed,Johnson,Female,63.46,65.66,84.76,68.37,51.25,3.24,I/II
S5195,Liam,Davis,Female,94.1,83.41,47.99,54.68,77.05,2.37,IV/I
S5196,Omar,Smith,Male,52.75,89.77,52.03,91.0,55.69,2.05,III/II
S5197,Ali,Jones,Male,97.05,93.93,81.32,84.18,71.8,2.57,IV/I
S5198,Omar,Williams,Male,78.04,44.09,91.03,72.61,89.56,2.89,I/I
S5199,Omar,Smith,Male,82.94,58.12,64.56,62.37,57.12,3.23,III/II
S5200,Liam,Smith,Male,68.38,59.21,98.79,57.59,96.79,3.7,IV/II
S5201,Emma,Jones,Female,89.1,66.07,52.96,72.92,94.43,2.39,II/II
S5202,Liam,Williams,Female,58.33,50.16,65.0,94.26,70.75,2.25,III/I
S5203,Sara,Johnson,Male,52.45,69.77,62.71,59.42,50.3,3.93,III/II
S5204,Sara,Jones,Female,69.78,79.79,95.82,78.43,89.49,2.22,II/II
S5205,Maria,Williams,Female,92.68,69.84,57.12,98.08,94.04,2.96,IV/I
S5206,Maria,Smith,Female,87.75,79.95,68.25,81.86,58.74,3.17,I/II
S5207,Emma,Williams,Female,75.86,43.99,51.23,72.0,95.81,3.08,III/II
S5208,Maria,Smith,Male,78.61,92.56,71.28,85.82,95.7,2.17,II/II
S5209,Sara,Jones,Male,56.49,96.34,91.44,91.23,73.56,2.11,IV/I
S5210,Omar,Davis,Male,92.03,77.07,58.24,79.53,89.9,2.21,IV/I
S5211,Liam,Jones,Female,89.35,92.88,88.65,93.59,72.25,3.17,IV/I
S5212,John,Brown,Female,82.82,47.89,94.68,75.73,78.2,3.09,I/II
S5213,Ahmed,Brown,Male,73.31,87.85,44.38,91.5,65.99,2.47,I/I
S5214,John,Brown,Male,98.22,47.15,85.39,97.6,57.97,3.28,I/II
S5215,John,Jones,Female,93.95,64.48,55.32,75.06,87.33,3.64,I/II
S5216,Sara,Johnson,Male,82.22,59.43,50.52,80.25,50.07,2.08,IV/II
S5217,John,Jones,Male,68.59,75.14,76.07,80.47,78.98,3.0,III/I
S5218,Liam,Davis,Female,80.9,58.09,82.34,89.07,93.23,3.38,IV/I
S5219,Emma,Williams,Female,78.77,78.24,63.69,91.15,61.06,2.5,II/II
S5220,Ali,Jones,Male,69.71,62.04,42.35,51.36,66.64,2.62,III/II
S5221,Maria,Jones,Female,65.33,91.65,94.52,86.67,79.37,3.23,III/I
S5222,Ali,Smith,Male,70.35,78.03,83.84,89.19,62.34,3.8,IV/I
S5223,Omar,Smith,Female,78.7,52.92,56.3,85.02,92.37,3.62,II/I
S5224,Liam,Smith,Female,71.41,60.17,69.81,85.68,68.33,3.17,I/II
S5225,Liam,Jones,Male,63.18,90.85,41.67,52.07,79.08,3.46,II/I
S5226,Ahmed,Johnson,Female,88.05,63.19,60.36,72.1,61.31,2.73,IV/I
S5227,Liam,Williams,Male,76.57,72.15,71.35,90.91,52.07,3.28,III/I
S5228,Maria,Williams,Female,53.38,78.94,71.03,96.7,58.69,2.93,II/II
S5229,Liam,Davis,Male,68.42,60.87,52.49,61.47,52.31,2.38,III/I
S5230,John,Johnson,Female,94.25,57.64,86.6,78.96,73.43,3.4,IV/II
S5231,Ahmed,Johnson,Female,87.76,68.52,57.93,90.22,79.33,3.11,II/II
S5232,Maria,Williams,Male,66.16,52.89,74.82,87.62,52.23,2.72,II/II
S5233,Emma,Brown,Female,96.91,57.05,56.29,80.94,54.52,3.82,IV/I
S5234,Emma,Smith,Male,53.83,43.72,65.51,50.93,74.28,2.04,I/I
S5235,Emma,Smith,Female,98.06,58.24,52.45,86.19,89.96,2.63,IV/I
S5236,Emma,Williams,Female,62.29,59.24,77.98,88.66,81.4,2.11,I/II
S5237,John,Johnson,Male,50.45,97.71,65.54,86.14,55.24,3.53,III/I
S5238,Liam,Davis,Female,71.69,75.38,40.97,88.29,94.38,3.4,II/II
S5239,Ali,Brown,Female,67.95,87.24,41.69,71.55,95.87,2.66,IV/I
S5240,Maria,Williams,Male,76.95,42.72,68.27,99.69,66.25,3.35,IV/I
S5241,John,Smith,Female,89.84,46.39,50.99,88.54,80.8,2.79,III/I
S5242,Emma,Jones,Male,92.12,88.87,75.1,78.93,74.62,3.51,III/I
S5243,Omar,Johnson,Male,70.06,77.41,64.49,96.71,97.1,2.91,IV/II
S5244,Liam,Jones,Male,71.49,51.46,79.27,95.41,75.44,2.82,II/II
S5245,Ali,Davis,Female,57.41,64.29,97.14,90.73,98.0,3.87,III/II
S5246,Omar,Williams,Female,52.38,72.32,71.72,78.18,59.97,2.5,IV/II
S5247,Ahmed,Smith,Male,82.06,90.62,87.24,76.36,67.28,2.24,II/I
S5248,Omar,Brown,Female,53.22,43.62,85.18,66.44,89.07,3.17,I/II
S5249,Ahmed,Jones,Male,86.69,75.8,95.31,62.54,89.18,3.94,I/II
S5250,Ahmed,Brown,Female,76.95,83.02,52.84,75.62,86.61,2.76,III/II
S5251,Emma,Davis,Male,59.93,98.67,89.64,78.89,92.98,2.12,I/I
S5252,Ahmed,Smith,Male,76.98,88.43,94.33,62.23,85.13,2.68,IV/II
S5253,Sara,Jones,Female,59.15,56.57,63.57,96.13,81.8,3.01,III/II
S5254,Maria,Davis,Male,71.94,82.57,58.83,77.86,72.95,2.32,I/I
S5255,Maria,Brown,Male,89.98,85.8,97.12,76.33,73.35,3.32,I/I
S5256,Emma,Brown,Female,73.1,83.78,77.66,71.78,70.31,4.0,III/II
S5257,Sara,Jones,Male,57.43,89.21,62.84,52.9,81.01,2.9,I/II
S5258,Omar,Smith,Male,86.19,94.22,87.51,94.12,70.33,2.71,II/I
S5259,John,Brown,Female,59.34,45.91,58.27,65.85,57.37,2.8,I/II
S5260,Omar,Williams,Male,86.93,46.29,50.58,82.12,55.33,2.23,IV/I
S5261,Liam,Davis,Male,73.97,87.78,72.64,80.37,96.22,3.77,I/II
S5262,John,Jones,Male,72.69,55.14,73.97,79.22,51.24,2.83,I/II
S5263,Ahmed,Johnson,Male,92.57,43.51,89.54,76.29,55.27,2.77,IV/II
S5264,Ali,Johnson,Male,85.43,64.07,67.42,59.07,72.27,3.32,III/II
S5265,John,Smith,Male,51.65,89.19,88.88,64.03,63.15,2.88,III/II
S5266,Ali,Williams,Male,64.81,47.59,58.68,76.21,70.29,3.3,IV/I
S5267,Maria,Brown,Male,93.55,80.31,74.52,89.47,55.87,2.12,IV/I
S5268,Ali,Johnson,Female,50.92,40.22,52.51,71.6,56.55,3.63,IV/II
S5269,Maria,Smith,Male,77.26,46.58,63.13,60.2,90.03,3.88,III/II
S5270,Sara,Davis,Male,86.39,61.05,91.45,54.4,87.96,3.3,I/II
S5271,Sara,Williams,Female,81.09,45.02,52.96,83.15,55.21,3.91,II/I
S5272,Emma,Williams,Male,88.03,90.75,88.61,71.17,83.39,2.3,I/I
S5273,Emma,Smith,Male,86.28,91.84,56.97,56.27,80.47,2.95,III/I
S5274,Ahmed,Smith,Male,84.6,85.33,42.07,83.72,85.67,3.2,I/I
S5275,John,Brown,Male,91.08,54.55,46.6,60.38,73.72,3.16,IV/I
S5276,Ahmed,Smith,Male,82.28,71.39,84.75,75.45,63.5,2.8,IV/I
S5277,Maria,Brown,Male,70.12,51.05,55.72,65.31,83.18,2.68,I/I
S5278,Ahmed,Brown,Female,73.6,56.88,79.25,96.58,68.57,2.25,III/I
S5279,Ali,Jones,Female,85.84,70.96,81.95,61.41,60.95,2.78,I/II
S5280,Maria,Williams,Female,93.82,84.1,60.71,71.0,70.43,2.33,II/I
S5281,Emma,Davis,Female,63.61,45.68,68.5,97.97,88.16,3.47,II/I
S5282,Sara,Williams,Female,67.1,57.8,64.23,65.94,73.79,2.42,I/I
S5283,Emma,Williams,Male,96.54,95.6,96.84,82.23,64.99,2.12,III/I
S5284,John,Jones,Male,78.93,65.75,59.2,65.84,91.59,3.1,IV/II
S5285,Maria,Brown,Male,58.95,96.33,51.0,55.53,94.08,3.19,IV/I
S5286,Maria,Brown,Male,83.18,99.48,61.94,81.38,71.66,3.74,II/II
S5287,Ali,Smith,Male,99.54,71.6,80.17,95.8,68.73,3.15,I/II
S5288,John,Jones,Female,91.17,57.28,81.84,72.63,80.63,2.69,IV/II
S5289,Sara,Smith,Female,87.29,87.45,95.44,81.31,52.9,3.61,I/I
S5290,Omar,Jones,Male,60.4,49.56,92.91,80.44,84.57,3.08,II/I
S5291,Maria,Smith,Male,93.81,55.12,57.3,70.75,89.11,2.16,IV/I
S5292,Maria,Johnson,Male,76.29,87.09,67.31,80.74,69.87,3.13,IV/II
S5293,Ali,Williams,Female,94.46,66.02,84.84,62.97,58.73,3.82,IV/II
S5294,Ahmed,Williams,Female,66.49,52.09,94.99,68.9,51.44,2.79,III/II
S5295,Liam,Davis,Male,53.1,79.07,60.23,72.12,81.86,2.59,III/II
S5296,Sara,Brown,Female,73.8,83.97,66.67,93.2,63.45,2.29,III/I
S5297,Emma,Davis,Male,63.49,47.5,93.97,67.42,73.19,2.3,III/I
S5298,John,Johnson,Female,85.76,56.62,61.51,81.76,69.32,2.87,I/I
S5299,Maria,Davis,Female,97.86,53.28,68.83,60.67,58.74,3.19,IV/II
S5300,Maria,Williams,Male,84.55,62.79,94.27,62.63,75.42,2.16,II/II
S5301,Emma,Brown,Female,94.35,85.81,88.13,82.42,72.98,3.88,II/I
S5302,Sara,Johnson,Female,72.65,82.82,54.61,88.12,81.21,3.51,I/I
S5303,Liam,Williams,Male,88.58,79.75,59.49,73.11,62.59,3.17,II/II
S5304,Ahmed,Smith,Female,92.15,40.38,61.18,66.75,60.73,3.66,IV/I
S5305,Maria,Jones,Male,85.54,48.53,94.76,95.51,90.72,2.16,III/I
S5306,Liam,Johnson,Female,75.39,53.4,99.94,56.79,85.11,2.95,III/II
S5307,Sara,Brown,Male,81.29,56.32,86.44,86.04,88.61,3.26,I/II
S5308,Emma,Davis,Male,85.03,48.79,69.06,84.51,56.16,3.66,IV/II
S5309,Ali,Davis,Female,62.65,64.62,40.61,84.51,61.2,3.57,IV/I
S5310,Ahmed,Johnson,Female,90.48,44.51,81.85,96.77,78.78,2.55,III/II
S5311,John,Brown,Male,97.52,85.0,63.36,86.41,92.86,3.88,II/I
S5312,Maria,Johnson,Female,73.26,87.26,77.98,65.08,94.61,2.25,II/I
S5313,Sara,Brown,Female,85.05,74.46,76.4,67.67,91.6,3.75,III/II
S5314,Ali,Davis,Female,86.85,45.38,68.85,69.56,52.17,3.94,IV/I
S5315,John,Williams,Male,83.11,93.4,96.66,51.54,91.04,2.35,III/II
S5316,Omar,Smith,Male,77.36,97.94,41.39,95.68,94.95,3.44,II/II
S5317,Sara,Williams,Male,94.08,52.14,82.73,53.68,52.84,2.08,I/I
S5318,Sara,Smith,Female,72.45,82.28,64.59,84.99,70.81,2.81,III/I
S5319,John,Davis,Female,53.06,90.52,82.83,86.51,76.83,3.03,II/II
S5320,Ali,Williams,Male,92.23,72.39,80.51,92.19,61.64,3.16,I/II
S5321,Omar,Williams,Male,83.7,59.4,40.61,77.67,75.83,3.87,III/II
S5322,Liam,Johnson,Female,92.46,68.71,57.12,86.26,94.3,3.34,I/II
S5323,Liam,Jones,Female,56.93,70.74,51.35,65.14,93.35,2.96,I/II
S5324,Emma,Davis,Female,51.54,64.04,50.02,87.28,96.99,3.62,II/II
S5325,Ali,Brown,Female,96.72,95.79,83.71,67.17,74.21,3.9,III/I
S5326,Ahmed,Davis,Male,57.39,84.63,54.37,95.14,70.53,2.04,IV/I
S5327,Maria,Brown,Female,90.48,54.48,68.48,58.17,83.29,3.97,II/I
S5328,John,Brown,Female,91.16,75.13,54.82,65.79,70.84,2.17,I/I
S5329,Emma,Smith,Male,85.44,81.32,74.81,74.94,52.1,3.63,IV/II
S5330,Omar,Brown,Male,56.56,48.41,83.23,88.79,86.0,2.56,II/I
S5331,John,Brown,Female,83.37,61.51,59.86,87.44,64.05,2.26,III/I
S5332,John,Johnson,Male,94.45,94.33,76.18,60.54,52.45,2.88,IV/II
S5333,Ali,Williams,Female,71.28,74.03,89.49,57.21,51.03,3.29,II/I
S5334,Maria,Davis,Female,70.68,53.02,45.65,65.2,96.57,2.76,III/II
S5335,Ahmed,Davis,Male,72.14,47.37,82.64,74.19,62.6,2.11,III/II
S5336,Liam,Brown,Male,54.11,71.09,59.39,76.95,72.39,3.2,II/II
S5337,Sara,Jones,Female,94.6,72.86,47.36,71.46,97.53,3.8,I/II
S5338,Sara,Davis,Male,93.46,60.06,72.74,83.15,73.38,2.77,IV/II
S5339,John,Brown,Female,99.9,77.82,53.58,71.38,53.93,2.43,III/I
S5340,Liam,Smith,Female,79.26,44.12,89.28,97.32,77.6,2.89,III/I
S5341,Liam,Smith,Female,87.56,48.71,42.57,63.05,54.41,2.1,II/I
S5342,Maria,Smith,Male,60.13,72.78,45.92,81.37,54.75,3.64,II/II
S5343,Omar,Brown,Female,83.38,43.71,71.26,80.57,92.57,3.65,II/I
S5344,Omar,Johnson,Female,82.49,92.85,75.34,64.08,64.47,3.18,II/I
S5345,Emma,Jones,Female,95.06,48.53,83.79,70.58,83.93,2.71,III/I
S5346,Ali,Brown,Male,91.54,80.44,55.56,68.27,75.45,3.6,II/I
S5347,Maria,Johnson,Female,96.92,63.47,90.51,58.62,61.12,3.11,I/II
S5348,Maria,Johnson,Female,93.44,63.99,97.19,73.86,75.89,3.65,II/I
S5349,Ali,Davis,Female,93.43,85.89,69.94,69.33,53.45,3.26,IV/II
S5350,Liam,Brown,Male,53.19,69.97,85.63,58.92,67.36,3.57,I/II
S5351,Omar,Brown,Female,92.3,83.54,71.49,72.49,76.14,3.2,III/I
S5352,Omar,Johnson,Female,80.37,70.31,44.17,71.09,61.42,2.83,II/II
S5353,Liam,Johnson,Male,69.02,75.57,59.57,56.57,83.01,3.92,III/II
S5354,Omar,Johnson,Male,52.83,85.64,45.25,56.56,52.59,3.08,IV/II
S5355,John,Davis,Female,83.88,76.44,99.33,82.38,74.24,3.21,I/II
S5356,Maria,Brown,Female,66.41,76.94,53.74,85.33,85.75,2.44,II/II
S5357,Sara,Johnson,Female,73.39,87.35,78.15,97.06,71.5,3.25,II/II
S5358,Ali,Smith,Male,84.09,96.95,57.06,54.35,93.73,3.14,I/II
S5359,Omar,Brown,Male,95.59,62.6,79.19,55.89,81.61,2.37,III/I
S5360,Emma,Davis,Female,91.27,74.63,52.62,52.59,97.92,2.12,I/I
S5361,Omar,Smith,Male,72.53,45.18,87.12,76.61,64.21,3.21,II/II
S5362,Omar,Williams,Female,69.39,61.53,46.65,81.14,96.94,3.53,II/II
S5363,Ahmed,Brown,Female,61.99,64.72,93.71,70.18,80.34,3.05,III/I
S5364,John,Williams,Male,68.62,90.11,90.43,89.9,87.26,2.45,III/I
S5365,Ali,Johnson,Female,55.55,70.8,80.73,84.33,95.11,3.33,II/I
S5366,Ahmed,Davis,Male,98.56,83.86,44.04,99.29,77.56,2.16,III/I
S5367,Ahmed,Johnson,Male,78.7,41.14,52.51,56.89,93.11,2.88,II/II
S5368,Emma,Davis,Female,56.39,67.87,91.56,52.92,77.08,2.33,I/II
S5369,Maria,Jones,Male,67.64,94.08,47.32,63.74,79.96,2.37,I/I
S5370,Emma,Johnson,Female,77.35,53.46,49.36,50.95,72.25,2.4,IV/I
S5371,Maria,Williams,Male,76.64,41.89,72.64,96.63,57.28,2.77,II/I
S5372,Maria,Davis,Female,51.78,66.0,56.45,65.2,77.68,2.1,IV/I
S5373,Ali,Johnson,Female,97.54,82.27,53.32,77.62,98.87,2.8,I/II
S5374,Omar,Brown,Female,63.77,67.27,74.55,65.9,89.36,3.02,I/I
S5375,Ali,Davis,Male,50.81,67.6,62.35,62.29,87.37,2.97,I/I
S5376,John,Davis,Female,53.82,80.19,48.43,57.62,82.17,2.77,I/I
S5377,Maria,Johnson,Male,79.01,55.26,72.09,66.02,67.4,3.68,III/II
S5378,Ahmed,Jones,Male,56.89,85.11,63.22,80.77,58.48,2.29,I/II
S5379,Omar,Johnson,Male,52.09,49.19,84.07,98.58,61.23,3.01,IV/II
S5380,Sara,Williams,Male,68.98,63.75,46.17,77.9,50.32,2.12,II/I
S5381,John,Williams,Male,81.14,79.36,77.24,76.64,83.67,2.14,II/I
S5382,Ali,Davis,Female,55.59,89.7,66.19,51.76,90.59,3.15,I/I
S5383,Emma,Davis,Male,65.67,87.49,64.36,92.0,63.45,3.13,I/II
S5384,John,Johnson,Female,70.89,83.3,53.94,52.24,54.59,3.76,III/II
S5385,John,Williams,Female,57.97,61.55,41.83,95.31,66.79,3.12,I/I
S5386,Omar,Williams,Male,75.3,47.34,90.86,76.93,64.6,3.92,III/I
S5387,John,Jones,Female,54.26,53.01,59.58,58.42,72.54,2.1,IV/II
S5388,John,Brown,Female,52.33,91.89,80.87,72.59,63.21,2.2,IV/I
S5389,Sara,Jones,Male,75.99,91.44,96.86,99.75,66.99,2.09,II/I
S5390,Liam,Smith,Female,62.39,97.09,73.9,65.25,95.38,2.37,IV/I
S5391,Emma,Jones,Male,54.77,44.56,63.83,63.47,66.74,3.08,II/II
S5392,Emma,Johnson,Male,71.2,72.21,56.1,55.9,89.28,3.29,I/I
S5393,Emma,Brown,Male,95.76,78.92,96.04,79.86,81.29,2.09,III/I
S5394,Maria,Johnson,Female,86.21,82.64,80.92,54.46,66.88,3.89,II/I
S5395,Ahmed,Smith,Female,90.78,78.63,79.92,88.3,90.89,3.68,IV/I
S5396,Liam,Brown,Female,93.6,86.2,65.57,95.96,79.75,2.59,IV/II
S5397,Emma,Davis,Female,98.63,61.57,90.7,96.59,50.43,2.15,III/II
S5398,John,Williams,Male,88.16,50.77,82.82,55.4,53.44,2.34,I/II
S5399,John,Jones,Male,80.42,52.28,56.99,77.91,87.63,2.25,II/I
S5400,Emma,Johnson,Female,68.27,40.72,75.97,54.86,72.33,2.25,IV/II
S5401,Omar,Smith,Male,59.08,61.02,65.81,78.6,70.28,3.04,IV/I
S5402,Emma,Williams,Female,84.33,45.5,40.4,90.75,57.29,2.49,I/II
S5403,John,Jones,Male,99.75,59.29,88.46,76.89,57.87,2.72,IV/I
S5404,Maria,Williams,Male,73.37,77.69,47.37,93.6,89.89,3.98,I/II
S5405,Ali,Jones,Male,86.18,93.67,70.6,90.08,91.45,3.37,III/II
S5406,Ali,Davis,Male,74.75,90.38,60.17,63.83,78.0,3.9,III/II
S5407,Liam,Brown,Male,71.6,55.16,60.53,81.51,64.76,2.29,I/I
S5408,Liam,Williams,Female,70.52,48.04,68.64,50.37,96.64,2.76,I/I
S5409,Emma,Williams,Female,75.23,51.58,99.82,69.8,81.2,3.11,II/I
S5410,Sara,Williams,Male,68.34,98.26,64.5,61.9,89.83,2.15,III/II
S5411,Emma,Brown,Female,87.44,72.97,50.94,96.86,50.16,2.01,III/I
S5412,Omar,Smith,Male,93.71,50.95,76.82,70.27,72.52,3.34,IV/I
S5413,Emma,Jones,Male,94.14,90.44,54.18,82.7,93.55,3.28,IV/I
S5414,Liam,Davis,Male,61.38,63.71,46.33,86.6,66.91,2.82,IV/I
S5415,Ali,Williams,Male,94.8,93.95,43.01,88.66,86.33,2.98,II/I
S5416,John,Brown,Female,67.08,55.64,41.37,86.79,82.88,2.83,IV/I
S5417,Emma,Smith,Male,65.47,63.59,65.87,64.46,57.61,2.05,II/II
S5418,John,Jones,Female,86.34,70.3,65.6,84.3,88.75,2.67,I/II
S5419,John,Brown,Male,65.23,93.56,51.13,77.45,55.63,2.35,IV/I
S5420,Sara,Davis,Male,52.65,92.13,87.04,79.87,86.4,2.2,IV/II
S5421,John,Davis,Female,68.68,74.46,47.76,50.04,99.55,3.91,I/II
S5422,Ali,Jones,Male,86.07,53.31,94.92,62.91,97.9,3.2,I/I
S5423,Maria,Williams,Male,66.35,64.2,75.25,96.53,90.01,3.46,IV/I
S5424,Maria,Davis,Female,81.48,98.54,41.66,64.5,76.73,2.63,IV/II
S5425,Ahmed,Smith,Female,83.01,76.47,97.78,71.9,83.74,2.79,III/I
S5426,Omar,Brown,Female,86.69,86.87,58.48,59.33,86.41,2.47,IV/II
S5427,Emma,Smith,Male,94.86,66.99,67.0,56.93,50.42,2.19,III/II
S5428,Omar,Williams,Male,71.63,71.92,57.06,60.43,55.12,2.36,III/II
S5429,Ali,Smith,Female,58.32,65.74,83.71,77.68,79.85,3.6,I/I
S5430,John,Smith,Female,65.95,82.18,69.14,95.95,50.33,3.36,II/II
S5431,Maria,Johnson,Male,71.61,91.09,47.94,66.31,95.45,3.09,II/I
S5432,Omar,Smith,Male,85.69,70.44,46.25,66.17,74.48,2.95,II/I
S5433,Ali,Jones,Female,50.66,68.85,83.52,78.21,62.89,3.84,III/I
S5434,Maria,Brown,Female,65.79,60.42,54.22,67.84,69.69,2.15,I/I
S5435,John,Johnson,Female,88.99,50.63,48.27,95.52,92.54,2.56,I/I
S5436,Omar,Brown,Female,83.54,96.35,69.97,68.89,96.36,2.7,II/II
S5437,Maria,Brown,Male,86.59,58.96,88.17,74.52,55.81,3.56,IV/I
S5438,Emma,Williams,Male,90.59,88.04,56.73,76.67,88.9,3.99,II/I
S5439,Liam,Williams,Male,89.16,82.92,56.59,89.1,78.91,2.48,IV/I
S5440,Emma,Johnson,Male,84.11,87.46,90.03,78.2,79.28,3.75,I/I
S5441,Ahmed,Davis,Female,71.98,96.21,48.87,61.96,88.97,3.66,IV/I
S5442,Ahmed,Williams,Male,99.18,77.4,77.0,56.2,61.14,2.45,III/II
S5443,Maria,Williams,Female,78.45,93.88,97.3,96.89,76.55,2.8,III/I
S5444,Liam,Williams,Male,60.14,50.06,90.48,90.08,65.97,2.82,II/I
S5445,Ali,Brown,Male,64.64,77.6,43.71,51.15,54.73,3.96,II/II
S5446,Emma,Johnson,Male,84.68,86.34,59.19,91.08,55.25,2.36,III/I
S5447,Ali,Brown,Female,96.24,56.3,48.54,79.53,56.82,3.6,I/II
S5448,Liam,Jones,Male,58.94,84.45,96.95,75.94,80.74,2.67,III/II
S5449,Ali,Brown,Female,54.12,86.71,99.16,50.61,55.29,3.46,II/II
S5450,Liam,Jones,Female,94.08,89.87,54.1,89.04,78.51,2.84,IV/II
S5451,Maria,Smith,Male,95.76,58.77,80.18,59.9,79.41,3.16,III/I
S5452,Ali,Smith,Female,63.82,80.9,90.5,86.4,95.19,3.67,I/I
S5453,Emma,Jones,Male,68.86,58.26,54.02,50.79,81.32,3.61,I/II
S5454,John,Jones,Female,83.01,84.34,51.26,89.82,99.28,3.73,II/II
S5455,Ahmed,Brown,Male,66.5,67.78,40.67,51.15,51.55,2.12,I/I
S5456,John,Jones,Female,93.86,75.85,64.72,61.79,85.21,3.38,III/II
S5457,Ali,Johnson,Female,55.38,64.95,93.97,63.41,51.32,2.28,IV/II
S5458,John,Smith,Male,51.9,49.72,94.18,57.88,86.47,2.83,I/II
S5459,Emma,Smith,Male,60.42,50.68,47.66,74.05,69.29,3.1,II/I
S5460,Emma,Davis,Male,64.3,44.65,52.26,64.18,80.57,2.81,IV/II
S5461,Ali,Jones,Male,55.65,77.08,64.48,99.66,65.48,3.04,I/I
S5462,Maria,Williams,Female,53.28,90.92,86.84,79.0,57.96,3.99,III/I
S5463,John,Williams,Female,87.78,41.25,76.71,78.32,86.18,2.27,IV/I
S5464,Maria,Jones,Female,58.21,43.97,70.83,61.04,95.23,3.35,II/II
S5465,Maria,Johnson,Female,95.7,67.45,75.52,70.43,59.18,2.79,I/II
S5466,Liam,Williams,Male,68.4,84.26,45.77,56.2,96.04,2.27,I/I
S5467,Sara,Davis,Female,83.53,49.46,68.66,88.13,57.01,2.32,II/I
S5468,Ali,Jones,Male,61.27,56.3,99.52,66.56,86.78,3.9,IV/I
S5469,Ahmed,Johnson,Female,62.02,53.92,45.31,87.6,97.97,3.76,II/II
S5470,Emma,Johnson,Male,78.74,63.94,71.15,68.58,57.37,3.81,II/II
S5471,Emma,Brown,Male,78.03,53.5,57.74,99.44,71.75,3.98,I/I
S5472,Ali,Johnson,Male,88.44,61.16,72.39,58.56,66.87,2.42,II/I
S5473,Liam,Williams,Male,87.89,83.71,74.43,50.08,69.42,2.71,III/II
S5474,Omar,Williams,Male,83.53,76.66,74.65,79.74,87.66,3.34,IV/I
S5475,Omar,Jones,Female,72.46,44.87,91.13,97.65,83.06,2.97,III/II
S5476,Omar,Jones,Male,94.53,78.26,63.38,82.35,98.43,2.84,I/II
S5477,Liam,Johnson,Female,81.13,68.62,70.98,54.29,59.27,2.72,I/I
S5478,Ahmed,Davis,Female,99.51,96.07,40.66,77.02,77.16,3.19,IV/I
S5479,Emma,Smith,Male,90.97,57.36,87.37,95.47,72.46,3.15,I/II
S5480,Ali,Brown,Female,52.22,83.57,55.57,50.33,95.94,2.32,IV/II
S5481,Liam,Smith,Female,66.03,83.85,88.99,58.35,50.53,2.94,III/II
S5482,Emma,Johnson,Female,78.59,53.29,55.94,90.73,99.46,3.11,IV/II
S5483,Maria,Johnson,Male,86.07,94.19,40.65,94.7,73.99,3.14,IV/II
S5484,John,Smith,Male,77.52,69.47,49.29,85.36,81.28,2.42,IV/I
S5485,John,Brown,Male,89.31,80.73,99.14,99.58,68.0,3.48,II/II
S5486,Liam,Smith,Male,64.13,48.75,59.19,54.51,92.63,2.05,I/II
S5487,Emma,Jones,Female,59.2,55.47,46.53,77.28,78.1,2.71,IV/II
S5488,Sara,Williams,Female,52.7,75.17,47.13,84.25,83.14,3.56,II/I
S5489,Ahmed,Davis,Female,78.67,59.14,58.62,85.13,82.45,3.13,III/I
S5490,Omar,Jones,Female,84.43,69.98,42.26,89.67,68.2,2.52,III/II
S5491,Ahmed,Williams,Female,66.31,62.44,70.69,95.88,53.8,3.39,III/II
S5492,Ahmed,Davis,Female,80.68,78.43,52.82,68.08,90.39,3.13,II/I
S5493,Liam,Davis,Male,52.61,69.23,71.16,52.15,64.49,3.59,IV/I
S5494,Maria,Davis,Female,54.96,40.28,48.45,68.12,92.45,3.47,IV/I
S5495,Ahmed,Johnson,Female,85.09,78.98,65.79,83.58,80.43,3.22,IV/I
S5496,John,Davis,Female,68.4,65.33,75.88,60.67,67.69,2.98,I/II
S5497,Maria,Brown,Male,83.57,60.5,43.72,90.5,79.71,2.27,I/I
S5498,Ali,Smith,Female,91.59,45.65,63.92,60.99,82.27,2.52,IV/II
S5499,Ahmed,Brown,Female,92.63,53.22,58.15,50.5,85.33,2.84,II/II
S5500,Ahmed,Smith,Male,58.61,53.43,54.42,75.4,91.12,3.2,III/I
S5501,Ali,Jones,Female,74.31,96.12,76.27,86.32,57.99,3.03,I/I
S5502,Ahmed,Jones,Male,86.7,65.95,75.31,67.48,97.21,2.58,I/I
S5503,Ali,Smith,Male,88.7,42.52,77.84,87.44,70.54,2.01,II/I
S5504,Maria,Brown,Female,89.23,48.33,49.53,71.92,93.02,2.99,I/II
S5505,John,Smith,Female,61.41,44.74,57.14,58.59,61.02,2.57,III/II
S5506,Ali,Davis,Male,59.63,75.33,52.58,54.53,51.45,3.47,III/II
S5507,Sara,Johnson,Female,79.5,51.2,72.43,85.53,78.67,2.05,II/I
S5508,Liam,Jones,Female,87.05,69.91,67.66,69.29,66.23,3.17,I/II
S5509,Liam,Johnson,Male,65.96,62.2,59.82,95.64,99.22,3.88,II/I
S5510,Ali,Davis,Male,55.24,88.23,87.16,77.01,55.22,2.35,III/II
S5511,Liam,Davis,Female,85.84,59.23,45.64,67.42,52.37,2.94,I/I
S5512,Ahmed,Jones,Male,64.98,67.5,98.49,67.45,52.25,2.18,II/II
S5513,Omar,Jones,Female,58.32,83.28,46.99,56.57,60.84,3.25,IV/II
S5514,Omar,Davis,Female,57.39,66.0,86.38,79.69,78.96,3.1,IV/I
S5515,Liam,Williams,Female,65.75,87.59,62.09,79.11,75.28,2.81,I/II
S5516,Maria,Johnson,Female,79.63,79.7,91.92,90.0,67.5,3.04,IV/II
S5517,Emma,Johnson,Male,67.92,64.63,44.45,60.06,54.44,3.79,III/I
S5518,Maria,Williams,Female,51.03,70.24,62.48,64.54,61.69,2.39,III/I
S5519,Emma,Brown,Male,54.85,98.03,60.13,54.86,59.21,2.05,I/I
S5520,Omar,Johnson,Female,64.53,79.7,99.59,64.77,87.28,3.72,II/I
S5521,Omar,Smith,Female,82.99,94.3,99.13,71.41,89.0,3.15,II/I
S5522,Ali,Davis,Male,54.93,50.73,51.39,98.2,88.85,3.78,III/II
S5523,John,Davis,Female,78.03,68.99,77.8,82.65,98.45,3.19,I/I
S5524,Sara,Williams,Male,55.99,94.52,72.13,89.14,94.21,3.62,III/II
S5525,Maria,Johnson,Male,60.58,59.36,49.26,66.28,74.89,2.86,III/II
S5526,Ahmed,Brown,Female,58.61,98.06,50.07,57.23,70.75,3.5,III/I
S5527,Emma,Johnson,Female,53.36,45.82,99.36,62.84,95.79,3.83,III/II
S5528,Liam,Davis,Female,83.57,94.16,67.16,62.82,80.56,3.14,IV/II
S5529,Ahmed,Jones,Female,73.17,66.71,47.55,79.16,64.72,2.36,IV/I
S5530,John,Smith,Male,91.55,44.42,52.89,67.07,78.22,2.54,III/II
S5531,Emma,Williams,Female,54.94,92.77,56.1,92.87,99.61,2.4,III/I
S5532,Maria,Jones,Female,57.24,55.12,70.66,99.43,92.47,2.49,IV/I
S5533,Ali,Brown,Female,65.32,41.34,60.13,67.16,64.06,2.61,II/I
S5534,Ahmed,Jones,Female,88.29,48.15,67.3,85.25,97.65,3.11,I/II
S5535,John,Jones,Female,65.29,79.55,49.99,82.87,99.07,3.18,II/II
S5536,Maria,Brown,Male,70.42,98.67,59.6,59.72,61.56,2.85,III/II
S5537,Omar,Jones,Female,65.08,46.69,44.22,95.9,94.78,3.23,IV/II
S5538,Omar,Williams,Male,54.01,67.72,93.38,59.97,94.16,2.16,IV/I
S5539,Maria,Davis,Female,96.97,50.84,51.93,86.85,51.99,2.18,I/II
S5540,Maria,Johnson,Female,77.43,84.7,85.41,67.38,83.48,2.34,III/I
S5541,Maria,Jones,Female,89.39,47.08,60.97,68.35,65.26,3.04,I/II
S5542,Emma,Williams,Male,82.92,54.39,68.46,72.77,83.73,2.43,II/II
S5543,Maria,Johnson,Female,75.71,51.78,57.48,93.23,95.68,2.57,IV/II
S5544,Ahmed,Johnson,Male,54.48,73.15,81.79,57.01,74.94,2.8,I/II
S5545,John,Jones,Male,82.14,92.39,90.67,52.73,70.72,3.62,IV/II
S5546,Emma,Williams,Female,57.77,70.67,57.18,70.1,96.08,2.03,IV/I
S5547,Maria,Davis,Male,70.72,43.49,54.53,52.78,98.71,3.3,I/II
S5548,Sara,Jones,Female,81.46,73.8,80.89,84.38,53.11,3.34,IV/II
S5549,Liam,Brown,Female,89.11,87.85,51.71,88.02,96.14,3.6,I/II
S5550,Sara,Johnson,Male,84.25,47.93,78.39,92.74,54.14,3.87,I/II
S5551,John,Jones,Female,83.58,44.36,45.67,87.19,66.86,2.04,I/I
S5552,Omar,Johnson,Female,57.45,51.27,77.21,95.82,88.13,2.31,III/II
S5553,Ali,Williams,Male,67.31,84.77,70.8,87.42,88.85,3.77,III/I
S5554,Ali,Smith,Male,52.15,75.5,46.83,96.8,86.29,2.92,II/II
S5555,Liam,Jones,Male,85.97,72.44,78.95,59.66,51.96,3.13,III/I
S5556,Omar,Davis,Male,97.63,54.97,66.79,74.99,56.65,3.33,I/I
S5557,Emma,Jones,Male,63.21,59.93,53.03,99.7,96.81,3.36,I/I
S5558,Emma,Johnson,Male,54.38,97.95,61.2,84.08,54.07,3.86,IV/I
S5559,Emma,Williams,Female,73.78,54.44,69.53,93.93,53.93,3.99,I/I
S5560,Ali,Brown,Male,92.83,94.1,45.49,51.52,91.78,3.44,III/II
S5561,Sara,Davis,Male,77.6,74.83,97.46,93.59,82.06,2.57,I/I
S5562,Ali,Williams,Female,52.34,47.4,79.93,84.89,67.58,3.76,I/II
S5563,Ahmed,Jones,Female,98.71,68.04,46.15,58.54,58.29,2.1,III/I
S5564,Maria,Brown,Male,91.43,96.91,89.37,51.28,94.21,2.46,II/I
S5565,Emma,Williams,Male,56.58,65.11,59.35,63.0,99.43,3.79,II/II
S5566,Sara,Smith,Female,96.09,91.8,75.81,95.79,52.5,2.51,I/I
S5567,John,Davis,Male,72.53,55.39,56.63,83.41,77.71,2.44,III/I
S5568,Liam,Johnson,Male,68.59,74.26,84.0,95.97,63.07,2.28,IV/I
S5569,John,Williams,Female,73.05,90.63,83.38,72.31,91.62,3.72,I/I
S5570,Maria,Williams,Male,91.73,95.24,73.12,96.83,67.3,3.0,III/II
S5571,Sara,Smith,Female,82.97,69.15,54.46,73.15,85.73,3.35,I/I
S5572,Ali,Jones,Male,52.96,78.38,55.22,60.21,76.98,2.48,I/I
S5573,Ali,Davis,Female,97.88,40.18,62.97,57.57,77.08,3.52,IV/II
S5574,Ahmed,Davis,Female,57.39,55.19,48.7,99.69,92.9,3.52,IV/II
S5575,Ahmed,Johnson,Female,87.28,56.72,60.26,66.69,73.52,2.63,I/I
S5576,Ali,Williams,Male,81.81,45.61,81.06,58.0,92.28,2.82,IV/I
S5577,John,Brown,Female,59.38,56.78,89.85,50.42,68.17,2.42,IV/II
S5578,Liam,Williams,Male,58.54,59.27,59.95,64.28,58.74,3.95,I/I
S5579,Emma,Johnson,Female,93.52,98.13,54.02,94.46,72.77,3.29,II/II
S5580,John,Williams,Female,70.98,80.12,89.96,76.7,74.92,3.87,III/I
S5581,Liam,Smith,Female,82.73,65.56,93.44,81.62,73.92,2.61,IV/II
S5582,Ahmed,Williams,Male,75.2,99.28,64.6,96.12,90.42,3.56,IV/II
S5583,Maria,Williams,Male,86.37,49.19,41.61,75.64,78.23,3.53,III/II
S5584,Liam,Brown,Female,73.96,68.56,81.7,91.91,94.42,3.38,I/I
S5585,Ali,Smith,Male,64.37,78.82,87.04,66.19,75.71,3.93,I/I
S5586,Ahmed,Smith,Male,68.17,43.33,41.08,98.86,61.24,2.79,I/I
S5587,Ahmed,Williams,Male,92.95,83.02,75.7,53.94,56.47,2.26,I/I
S5588,Emma,Davis,Female,73.4,45.99,75.3,86.24,93.42,3.34,IV/II
S5589,Ali,Brown,Male,60.67,48.42,62.72,83.03,52.81,3.46,I/II
S5590,Emma,Williams,Female,96.73,49.58,84.99,59.58,55.88,3.15,I/II
S5591,Ali,Williams,Female,89.83,95.73,65.69,69.44,53.18,2.41,II/I
S5592,Emma,Johnson,Female,52.78,80.99,80.61,65.64,71.19,3.01,I/I
S5593,Liam,Johnson,Male,99.95,79.33,71.03,54.72,76.63,2.62,II/I
S5594,John,Davis,Female,84.75,73.33,54.91,79.24,50.99,2.85,II/II
S5595,Maria,Brown,Male,58.01,57.57,76.39,99.68,75.78,3.29,II/I
S5596,Maria,Jones,Male,61.86,77.25,84.21,77.98,69.69,3.49,III/I
S5597,Ali,Johnson,Female,84.62,64.61,98.43,77.26,88.68,2.46,I/II
S5598,Sara,Jones,Female,88.99,48.72,62.81,52.02,91.5,2.81,I/II
S5599,Omar,Smith,Female,61.95,81.38,43.87,56.96,84.25,2.54,I/I
S5600,Ahmed,Johnson,Male,62.85,47.77,99.28,75.66,73.67,2.4,IV/II
S5601,Ahmed,Johnson,Male,65.36,51.44,77.43,99.26,60.81,3.57,I/I
S5602,Ali,Brown,Female,79.9,89.06,96.79,93.83,92.36,3.82,II/II
S5603,Liam,Davis,Female,58.59,79.61,46.23,67.01,67.08,2.74,III/II
S5604,Emma,Jones,Male,55.21,77.86,60.52,77.15,67.81,3.5,II/II
S5605,Sara,Johnson,Male,83.94,65.09,48.04,77.64,95.8,3.79,III/I
S5606,John,Johnson,Female,88.95,63.78,90.13,84.27,98.78,3.69,I/I
S5607,Emma,Brown,Male,75.05,81.42,92.82,84.39,94.91,2.37,I/I
S5608,Emma,Brown,Male,68.19,84.4,70.08,89.49,99.91,3.91,II/II
S5609,Ali,Davis,Male,71.6,70.61,51.2,51.25,93.45,2.75,II/II
S5610,Ali,Jones,Male,69.42,98.16,47.63,97.18,85.22,2.68,II/II
S5611,Liam,Smith,Male,98.0,97.34,75.29,53.5,64.69,2.12,I/II
S5612,Ahmed,Davis,Male,88.4,64.75,70.38,73.81,97.65,2.97,II/I
S5613,Ali,Smith,Female,60.4,89.24,81.69,95.98,93.83,2.22,II/I
S5614,Ali,Williams,Male,69.21,72.6,58.31,74.38,62.04,2.5,I/I
S5615,Ali,Johnson,Female,77.2,70.71,64.14,53.18,74.46,2.63,I/II
S5616,Liam,Jones,Female,80.65,43.3,41.28,61.46,53.5,3.62,II/II
S5617,Ahmed,Davis,Male,73.41,74.44,76.61,78.93,97.67,3.75,I/I
S5618,John,Johnson,Female,90.51,94.03,65.39,54.39,78.64,2.6,I/II
S5619,John,Jones,Female,88.38,86.81,95.19,71.18,62.26,3.72,III/I
S5620,Omar,Jones,Female,75.26,87.18,78.51,66.45,64.62,3.71,III/II
S5621,Omar,Jones,Male,92.72,49.6,63.92,90.76,99.03,3.53,I/II
S5622,Ali,Johnson,Female,87.55,61.51,55.82,55.51,80.78,2.29,IV/I
S5623,Omar,Davis,Male,88.93,53.99,94.32,84.14,71.03,3.38,I/I
S5624,Ahmed,Brown,Female,97.82,58.95,40.98,70.33,74.99,3.89,IV/II
S5625,Liam,Johnson,Female,63.32,74.77,59.61,79.39,54.93,3.37,II/I
S5626,John,Jones,Female,63.38,61.89,96.61,60.28,53.75,2.66,IV/I
S5627,Emma,Davis,Female,94.45,73.64,79.24,80.49,79.64,3.0,II/II
S5628,John,Williams,Male,88.61,66.31,71.96,83.7,75.6,3.29,III/II
S5629,John,Smith,Female,96.33,57.2,52.21,53.51,67.96,3.02,IV/II
S5630,Ahmed,Jones,Female,53.16,45.72,90.0,91.22,78.31,2.24,III/I
S5631,Omar,Williams,Male,81.39,93.51,52.25,93.06,53.63,2.62,IV/II
S5632,Emma,Brown,Male,57.23,40.68,54.9,53.18,97.2,3.6,III/II
S5633,Ahmed,Jones,Male,75.19,40.1,51.51,80.16,64.69,3.72,IV/II
S5634,Ali,Williams,Female,57.79,89.61,49.49,79.7,53.59,2.27,III/II
S5635,Liam,Jones,Male,56.4,99.81,97.2,50.62,58.48,3.9,I/II
S5636,Maria,Johnson,Male,50.61,83.63,76.12,67.12,54.77,2.66,I/I
S5637,John,Davis,Male,81.51,40.92,78.27,98.45,58.93,3.32,IV/II
S5638,Maria,Williams,Male,67.95,53.6,97.26,77.77,70.84,3.5,IV/II
S5639,Liam,Davis,Male,55.26,98.31,53.83,96.66,86.9,3.62,I/I
S5640,Liam,Johnson,Male,66.14,88.52,40.36,83.78,63.62,3.89,III/II
S5641,Ahmed,Johnson,Female,58.45,74.01,75.93,51.42,71.8,2.63,II/II
S5642,Ahmed,Davis,Male,97.08,54.21,70.47,53.89,96.44,3.72,I/I
S5643,Ahmed,Williams,Female,66.0,40.86,68.66,86.11,64.79,2.26,III/II
S5644,Maria,Davis,Male,66.7,41.25,43.71,77.73,89.74,3.41,I/I
S5645,Ahmed,Davis,Male,91.99,76.72,67.27,56.36,57.89,3.48,II/II
S5646,Liam,Smith,Male,82.39,41.31,57.25,80.7,58.92,3.36,III/I
S5647,Ali,Williams,Female,85.51,99.62,56.47,90.51,72.81,2.5,IV/I
S5648,Ahmed,Smith,Male,81.8,51.0,53.34,87.65,61.71,3.75,III/II
S5649,Sara,Jones,Male,97.31,82.64,59.95,62.31,95.15,2.34,II/I
S5650,Omar,Davis,Male,60.35,49.3,61.19,62.91,52.54,2.11,II/I
S5651,Maria,Jones,Male,99.45,72.41,58.53,98.39,79.86,3.43,III/II
S5652,Sara,Williams,Female,91.55,44.84,98.73,94.37,80.21,2.95,I/II
S5653,Ahmed,Davis,Female,79.45,86.01,95.96,65.92,53.3,3.7,III/I
S5654,Liam,Jones,Female,83.12,75.1,74.47,91.2,86.63,2.77,I/II
S5655,Ali,Brown,Female,82.44,45.17,98.86,58.09,73.44,2.34,IV/I
S5656,John,Johnson,Female,52.92,90.92,99.47,59.84,86.15,3.67,II/I
S5657,Emma,Davis,Male,60.9,72.82,61.36,59.06,91.35,3.1,II/II
S5658,Omar,Johnson,Male,98.07,95.3,66.71,54.39,66.14,2.38,III/II
S5659,Emma,Smith,Male,76.72,95.0,97.54,92.73,74.22,3.44,IV/I
S5660,Ahmed,Jones,Female,68.92,95.23,76.52,78.94,63.04,3.02,IV/II
S5661,Omar,Smith,Male,88.1,44.67,52.78,62.95,60.08,3.21,IV/II
S5662,Omar,Davis,Female,76.23,47.26,81.36,92.43,50.03,2.92,I/I
S5663,Ali,Johnson,Male,50.66,99.26,52.34,90.13,98.18,3.66,II/I
S5664,Omar,Johnson,Female,86.81,69.26,60.36,55.05,72.05,3.66,III/I
S5665,Maria,Jones,Male,86.61,54.29,53.65,82.21,50.65,3.42,II/I
S5666,Sara,Davis,Male,58.26,86.18,54.7,86.09,50.45,2.21,III/I
S5667,Sara,Brown,Male,97.83,55.86,40.28,85.79,64.42,3.68,III/I
S5668,Sara,Brown,Male,61.2,83.63,92.84,86.16,50.7,3.34,III/II
S5669,Maria,Jones,Female,72.89,90.24,57.76,58.47,68.73,3.39,III/I
S5670,Emma,Davis,Male,55.74,87.06,45.18,65.75,53.15,2.73,I/II
S5671,Ali,Jones,Male,80.16,56.44,45.22,92.21,51.96,3.76,IV/II
S5672,Omar,Davis,Male,68.77,64.1,73.36,94.92,83.47,3.45,IV/I
S5673,Maria,Smith,Female,67.66,64.8,99.58,63.96,95.34,2.23,II/II
S5674,Sara,Jones,Male,91.35,69.48,48.7,51.15,70.47,2.82,II/I
S5675,Ahmed,Davis,Male,50.48,50.04,45.98,92.99,91.84,3.77,II/II
S5676,John,Brown,Male,89.9,67.15,66.3,68.85,51.46,2.09,IV/I
S5677,Omar,Davis,Male,78.57,70.65,73.8,66.47,88.88,3.92,I/I
S5678,Maria,Davis,Male,99.3,71.9,57.66,67.35,53.14,3.36,IV/I
S5679,Liam,Jones,Female,79.47,89.19,58.15,70.78,91.92,3.26,II/I
S5680,Maria,Smith,Female,52.77,71.04,65.47,68.91,94.12,2.54,IV/II
S5681,Ali,Smith,Female,52.53,53.85,58.85,78.32,89.3,2.5,II/II
S5682,Ali,Smith,Male,94.16,79.79,94.92,53.95,91.04,3.88,II/II
S5683,Maria,Smith,Female,92.06,87.84,42.52,98.58,78.07,2.6,III/II
S5684,Sara,Williams,Male,67.29,59.16,54.07,96.82,63.24,3.55,III/II
S5685,John,Jones,Male,80.9,78.72,88.51,96.72,82.16,2.79,IV/I
S5686,Omar,Johnson,Male,74.48,48.82,90.04,93.96,71.98,2.28,IV/I
S5687,Ali,Jones,Male,98.36,60.52,46.69,83.02,50.27,2.02,I/I
S5688,Omar,Williams,Female,97.5,94.55,98.43,61.06,73.84,3.09,III/I
S5689,Sara,Smith,Female,99.19,94.68,81.6,52.47,82.56,3.95,II/I
S5690,Omar,Williams,Female,93.32,74.52,56.36,54.97,50.69,2.74,III/II
S5691,Ahmed,Brown,Male,95.48,82.14,67.36,66.2,81.07,2.71,II/I
S5692,Ali,Brown,Female,60.86,91.24,57.83,75.19,82.63,2.69,I/I
S5693,Sara,Jones,Female,91.55,97.51,49.0,99.66,57.91,3.04,III/II
S5694,Sara,Jones,Male,85.44,69.39,57.47,71.77,71.55,2.88,III/II
S5695,John,Johnson,Female,98.14,73.69,74.81,76.23,98.22,3.76,III/I
S5696,John,Johnson,Male,78.56,64.94,89.56,84.76,94.21,3.01,II/I
S5697,Ahmed,Brown,Female,54.26,44.32,61.81,59.04,70.54,3.02,IV/II
S5698,Sara,Smith,Female,79.87,65.37,60.87,96.64,67.49,2.28,II/I
S5699,Emma,Williams,Female,84.33,87.44,68.08,76.45,56.2,3.97,II/I
S5700,Sara,Johnson,Male,61.02,88.29,78.67,63.81,51.76,2.5,III/I
S5701,John,Davis,Female,69.71,93.54,85.1,96.76,64.87,2.15,III/II
S5702,Emma,Johnson,Female,79.93,43.09,59.61,81.27,97.01,3.33,I/I
S5703,Ali,Smith,Female,68.71,71.63,75.18,74.18,97.93,3.19,II/I
S5704,Ali,Smith,Female,68.75,46.45,63.36,79.01,90.63,2.83,II/II
S5705,Omar,Jones,Male,56.65,52.04,82.98,87.42,67.54,2.84,IV/II
S5706,Maria,Williams,Male,97.04,94.01,49.88,57.73,57.18,3.57,IV/II
S5707,John,Smith,Female,87.52,69.81,55.42,93.24,79.78,2.39,III/I
S5708,Maria,Johnson,Female,50.06,85.51,65.56,97.98,82.33,3.64,I/II
S5709,Emma,Johnson,Female,88.28,43.86,93.36,78.35,71.23,3.3,I/I
S5710,John,Brown,Male,86.99,65.01,74.4,84.11,84.58,2.84,II/II
S5711,Ahmed,Smith,Female,50.49,80.45,97.92,92.99,87.33,2.92,II/I
S5712,Sara,Davis,Female,68.48,48.0,46.2,68.74,89.15,2.51,I/II
S5713,Ahmed,Jones,Male,80.34,59.55,67.61,99.64,75.11,3.5,I/I
S5714,Emma,Williams,Male,72.64,43.87,65.14,84.03,89.58,3.03,III/I
S5715,John,Davis,Male,88.9,79.08,76.01,71.2,51.27,2.64,I/II
S5716,Liam,Jones,Female,71.27,98.25,88.72,83.87,84.02,3.19,III/II
S5717,Emma,Johnson,Male,57.69,89.62,90.49,76.08,61.78,3.99,IV/I
S5718,Liam,Davis,Male,98.82,98.48,80.21,55.58,63.53,2.87,I/II
S5719,Sara,Jones,Female,62.1,90.74,78.49,89.79,54.57,3.84,IV/I
S5720,Ali,Johnson,Male,85.88,91.31,96.94,78.22,59.62,2.69,IV/II
S5721,Ali,Johnson,Female,57.16,74.63,63.02,89.79,99.6,2.11,II/II
S5722,Emma,Johnson,Female,66.45,71.1,89.97,57.75,70.77,2.41,I/I
S5723,Maria,Johnson,Male,72.1,64.38,95.29,76.92,96.39,2.84,II/II
S5724,John,Johnson,Female,59.61,89.09,69.49,88.33,58.14,2.44,II/II
S5725,John,Brown,Male,72.5,50.92,83.75,99.42,60.2,2.0,II/I
S5726,Ali,Davis,Male,57.86,43.37,62.62,94.22,77.89,3.83,III/I
S5727,Omar,Jones,Male,77.95,96.87,49.53,93.22,67.48,3.69,I/II
S5728,Ahmed,Brown,Female,83.19,40.23,75.19,62.37,82.2,3.48,I/I
S5729,Omar,Brown,Male,53.12,98.61,51.79,91.9,71.1,2.34,IV/II
S5730,Sara,Smith,Female,93.56,83.73,67.46,58.46,90.58,2.24,III/II
S5731,Ahmed,Smith,Female,59.26,59.71,92.37,59.91,71.58,2.14,III/I
S5732,Ahmed,Smith,Female,61.27,81.87,45.16,55.51,78.62,3.45,III/I
S5733,Emma,Williams,Male,83.07,89.07,41.83,92.88,66.05,3.86,I/I
S5734,Ali,Smith,Female,73.44,54.72,76.39,55.41,85.2,2.86,III/I
S5735,Omar,Jones,Female,74.97,86.25,59.86,56.91,82.74,2.24,II/I
S5736,Omar,Brown,Male,56.41,88.26,65.08,62.29,69.85,3.02,III/I
S5737,Ali,Jones,Male,90.29,54.96,64.34,78.63,63.8,2.7,IV/II
S5738,Omar,Davis,Female,80.85,42.52,45.2,94.01,80.71,2.75,IV/II
S5739,Liam,Smith,Female,56.77,52.25,40.21,70.91,97.16,3.24,II/I
S5740,Ali,Williams,Male,68.7,52.04,93.91,77.31,56.63,3.44,I/II
S5741,Emma,Davis,Female,90.52,43.91,53.07,58.32,89.96,2.22,I/II
S5742,Maria,Williams,Female,78.42,83.56,65.56,63.3,77.15,2.07,II/II
S5743,Ahmed,Davis,Female,55.43,62.8,98.32,56.7,76.28,3.99,IV/II
S5744,Emma,Brown,Female,68.64,93.06,89.61,70.5,98.08,2.47,II/I
S5745,John,Jones,Male,62.13,55.13,46.48,79.52,80.29,2.11,III/II
S5746,Sara,Johnson,Female,75.87,67.19,70.51,64.2,91.53,2.38,I/II
S5747,Maria,Jones,Male,92.17,78.34,83.8,92.3,75.72,2.08,III/I
S5748,John,Smith,Female,71.81,92.65,81.9,99.06,62.49,2.78,I/I
S5749,Ahmed,Johnson,Male,71.67,71.48,85.65,56.01,84.72,3.6,I/I
S5750,Omar,Williams,Female,95.27,62.41,67.45,50.89,96.16,2.68,IV/I
S5751,Ali,Brown,Male,78.81,92.02,50.56,89.49,92.06,2.89,IV/II
S5752,Ahmed,Brown,Female,78.31,58.61,67.89,59.53,59.92,3.35,II/I
S5753,Emma,Williams,Male,63.1,44.77,78.87,67.66,65.84,3.02,III/II
S5754,Sara,Smith,Female,80.39,66.7,76.52,69.71,75.84,3.72,II/II
S5755,Emma,Williams,Female,78.8,87.11,44.23,95.83,78.58,3.73,III/I
S5756,Maria,Davis,Male,69.84,41.85,43.9,82.94,59.69,2.02,II/I
S5757,Maria,Smith,Male,99.53,75.15,97.92,52.03,61.5,3.56,IV/I
S5758,Sara,Johnson,Male,94.09,75.67,49.11,50.74,87.94,2.92,I/I
S5759,Liam,Williams,Male,87.48,95.71,57.67,59.98,86.52,3.98,II/I
S5760,John,Smith,Male,76.87,57.19,86.06,65.91,91.96,2.97,III/I
S5761,John,Johnson,Female,73.1,56.73,64.58,74.23,96.65,3.97,III/II
S5762,Maria,Williams,Male,59.24,66.43,50.89,91.89,65.41,3.51,IV/II
S5763,Maria,Brown,Male,65.29,61.41,68.03,65.74,92.98,2.5,III/II
S5764,Omar,Williams,Female,88.7,84.18,74.14,68.83,83.3,3.08,I/II
S5765,Ali,Jones,Male,72.69,78.51,67.17,66.47,97.89,3.98,III/I
S5766,Omar,Williams,Male,94.11,85.54,95.14,50.45,63.6,3.72,IV/I
S5767,Omar,Jones,Male,57.4,89.2,57.08,97.76,63.48,2.19,I/II
S5768,Liam,Johnson,Female,75.42,95.38,79.68,56.95,85.21,3.41,I/II
S5769,John,Williams,Male,82.35,65.86,46.74,64.38,96.42,2.69,I/II
S5770,Liam,Johnson,Female,75.84,99.08,63.54,56.47,91.23,2.01,II/I
S5771,Liam,Johnson,Female,94.46,52.94,84.46,74.53,86.35,2.81,IV/I
S5772,Sara,Smith,Male,99.48,82.86,53.49,96.61,69.37,2.47,I/I
S5773,John,Johnson,Female,55.79,72.04,75.39,55.04,85.89,3.64,III/II
S5774,Ali,Johnson,Male,56.5,89.01,49.21,72.04,90.05,2.67,IV/II
S5775,Emma,Williams,Male,56.52,68.61,46.16,51.12,87.66,3.66,II/I
S5776,Maria,Williams,Male,84.06,87.04,71.39,88.54,83.84,2.0,I/I
S5777,Maria,Brown,Male,68.63,95.81,80.5,82.06,52.36,2.62,III/II
S5778,Ali,Smith,Male,86.67,83.94,46.8,84.98,82.99,2.48,IV/II
S5779,Liam,Johnson,Female,70.27,86.57,95.07,73.62,73.91,2.47,IV/I
S5780,Omar,Smith,Female,81.38,44.03,53.55,95.38,98.08,2.14,IV/II
S5781,Sara,Jones,Female,88.49,52.3,47.2,70.48,80.36,2.37,IV/I
S5782,Liam,Johnson,Female,77.41,98.46,52.16,75.7,80.41,3.11,III/I
S5783,Maria,Smith,Male,76.98,81.59,50.17,84.76,99.7,2.58,IV/II
S5784,Ahmed,Brown,Male,54.41,73.69,45.44,76.03,54.68,2.83,III/II
S5785,Omar,Brown,Female,70.54,62.02,87.87,59.47,63.82,2.75,III/II
S5786,Maria,Johnson,Male,77.29,42.66,69.73,65.85,82.8,3.75,IV/I
S5787,Ahmed,Jones,Female,73.1,62.15,63.31,54.61,65.76,3.81,III/II
S5788,Liam,Brown,Female,95.04,69.93,97.04,71.63,67.31,2.99,II/II
S5789,Ali,Brown,Female,95.33,52.69,62.26,80.47,94.63,2.66,III/I
S5790,Ali,Jones,Female,91.1,50.39,50.02,55.93,78.97,2.21,II/I
S5791,Omar,Smith,Male,68.76,70.5,56.44,81.53,55.14,3.91,IV/II
S5792,Maria,Brown,Male,85.86,75.15,54.34,94.64,65.54,2.12,II/I
S5793,John,Williams,Female,69.76,54.4,69.92,66.89,53.8,2.6,I/I
S5794,Ahmed,Davis,Female,61.63,75.24,57.49,61.1,77.81,2.6,II/I
S5795,Sara,Davis,Female,67.15,94.02,70.96,94.65,58.66,2.64,I/II
S5796,Maria,Brown,Female,53.55,68.39,80.16,84.6,92.86,2.33,III/II
S5797,Sara,Smith,Female,66.59,91.44,86.64,55.27,78.87,3.57,II/I
S5798,Maria,Smith,Male,73.04,95.64,82.61,70.41,52.97,2.24,I/I
S5799,John,Johnson,Female,97.77,45.54,52.34,83.7,65.04,3.27,I/I
S5800,John,Williams,Female,65.67,45.75,46.95,78.72,80.82,2.25,I/II
S5801,Omar,Smith,Male,95.12,68.56,72.55,80.93,66.77,2.14,I/I
S5802,Omar,Jones,Male,61.44,75.29,51.93,78.36,75.66,3.82,IV/I
S5803,John,Williams,Male,59.55,65.55,45.1,89.9,95.47,2.38,II/II
S5804,Emma,Davis,Male,75.95,59.59,71.63,66.02,67.5,3.64,IV/I
S5805,John,Williams,Male,83.63,78.46,59.61,85.42,66.79,3.09,III/II
S5806,Ali,Jones,Male,52.22,40.12,85.37,99.55,90.99,2.16,III/II
S5807,Ali,Brown,Male,61.05,98.08,58.85,69.5,65.94,3.91,III/II
S5808,Emma,Jones,Male,72.78,53.92,98.72,89.55,53.9,2.49,III/I
S5809,Liam,Jones,Male,66.55,95.03,85.51,62.31,59.05,3.72,II/I
S5810,Ahmed,Brown,Female,85.63,46.54,43.46,64.09,97.44,2.34,II/II
S5811,Liam,Brown,Male,75.56,54.29,70.53,96.74,96.66,3.71,II/I
S5812,Sara,Brown,Female,58.02,54.09,73.76,51.3,61.24,2.03,II/II
S5813,Liam,Brown,Female,94.72,99.77,81.72,60.87,77.68,3.02,II/I
S5814,Maria,Brown,Female,64.65,40.28,69.87,74.15,56.87,3.54,I/II
S5815,Liam,Jones,Female,86.56,78.38,69.01,70.09,83.73,3.87,IV/II
S5816,Maria,Johnson,Female,89.0,92.18,62.08,81.46,59.27,3.82,IV/I
S5817,Emma,Johnson,Female,98.16,80.34,56.29,59.64,52.49,3.64,I/I
S5818,Ali,Smith,Female,74.93,61.76,96.77,53.53,91.24,3.78,I/I
S5819,Omar,Johnson,Female,80.79,97.5,59.06,68.47,66.27,2.4,IV/I
S5820,Maria,Davis,Male,66.74,93.61,43.81,76.22,55.43,2.57,I/II
S5821,Ali,Johnson,Female,83.91,66.04,50.04,78.1,91.7,2.58,II/II
S5822,Ahmed,Jones,Female,73.17,74.4,91.44,80.07,88.12,2.75,IV/I
S5823,Sara,Brown,Female,71.88,98.05,75.2,77.43,84.19,2.79,III/I
S5824,Ahmed,Brown,Female,92.77,98.95,86.73,62.29,95.56,3.09,II/II
S5825,Emma,Jones,Male,52.51,66.99,88.53,88.23,74.46,2.32,I/I
S5826,Liam,Davis,Female,94.1,90.84,89.39,54.39,56.4,3.38,III/I
S5827,Liam,Johnson,Male,92.6,58.12,73.04,59.92,53.07,2.34,II/I
S5828,John,Jones,Male,75.32,62.31,50.63,86.97,65.92,2.62,III/I
S5829,John,Smith,Female,74.51,49.89,48.89,63.99,54.34,3.01,II/II
S5830,John,Brown,Female,68.09,52.55,74.44,74.67,76.78,3.59,I/II
S5831,Ahmed,Williams,Male,99.71,79.41,61.99,66.36,50.72,3.48,II/I
S5832,Maria,Smith,Female,55.56,70.65,73.48,75.35,72.19,3.29,II/II
S5833,Sara,Davis,Female,79.51,53.87,69.91,67.33,58.92,2.31,II/I
S5834,John,Smith,Male,84.08,64.17,76.13,99.71,68.41,3.09,III/I
S5835,Emma,Jones,Male,96.72,62.39,41.93,67.87,83.75,2.17,I/I
S5836,Emma,Johnson,Female,89.01,99.24,41.97,81.35,67.55,2.75,II/II
S5837,John,Brown,Female,82.19,91.21,83.3,94.42,67.07,2.83,IV/II
S5838,Liam,Davis,Female,55.84,63.28,51.59,81.9,99.54,2.08,I/II
S5839,John,Davis,Male,68.69,94.83,79.13,78.29,85.94,2.55,IV/II
S5840,Sara,Williams,Female,56.94,60.56,72.79,78.46,75.69,3.91,IV/II
S5841,John,Smith,Male,94.06,80.07,98.91,74.82,78.97,3.91,IV/I
S5842,Sara,Williams,Male,87.48,98.0,90.12,90.38,81.01,2.7,III/I
S5843,Emma,Johnson,Female,87.88,63.42,64.79,52.52,51.23,2.09,II/II
S5844,John,Johnson,Male,82.61,80.79,76.98,94.26,54.01,2.36,I/II
S5845,Ahmed,Williams,Female,75.35,57.76,47.04,79.31,82.46,2.78,II/II
S5846,Omar,Brown,Female,57.5,55.98,63.18,92.44,68.22,3.9,III/I
S5847,Ahmed,Johnson,Male,66.48,74.45,84.03,50.52,52.77,2.28,II/II
S5848,Emma,Williams,Female,56.85,98.76,77.36,93.46,64.88,3.53,II/I
S5849,Sara,Smith,Male,86.25,67.19,69.07,56.01,56.51,2.22,III/I
S5850,Ahmed,Williams,Male,58.01,96.26,50.59,86.06,95.82,3.96,II/II
S5851,Sara,Williams,Female,85.11,94.86,88.19,70.83,60.15,2.76,IV/I
S5852,Ahmed,Jones,Female,84.61,55.23,56.39,84.05,57.18,3.55,I/I
S5853,Ahmed,Johnson,Female,72.97,64.11,89.23,81.41,81.31,2.69,II/II
S5854,Sara,Brown,Female,56.76,78.6,76.7,58.17,76.1,3.26,II/I
S5855,Maria,Brown,Male,65.74,71.08,62.36,75.73,78.8,2.38,I/II
S5856,Ahmed,Jones,Male,66.0,45.76,42.44,63.86,71.8,2.29,IV/I
S5857,John,Davis,Male,85.02,99.62,53.95,78.02,73.36,3.88,I/II
S5858,Omar,Brown,Female,55.69,85.16,93.34,86.9,88.94,3.84,IV/II
S5859,Emma,Williams,Male,91.45,66.26,89.08,54.06,61.0,3.77,IV/I
S5860,Maria,Jones,Male,88.05,77.09,74.49,75.79,69.83,3.25,I/II
S5861,Sara,Smith,Female,59.32,45.25,67.98,80.88,97.89,3.62,I/I
S5862,Maria,Johnson,Female,85.96,69.72,78.83,64.77,59.5,2.14,II/I
S5863,Ali,Johnson,Female,83.43,95.85,67.97,97.65,64.69,2.67,IV/II
S5864,Ali,Johnson,Male,87.41,93.8,78.66,76.02,59.58,2.63,III/I
S5865,Ahmed,Williams,Female,59.45,60.24,58.44,59.13,51.02,3.27,I/II
S5866,Ahmed,Smith,Male,57.88,71.88,90.31,55.39,63.49,2.71,IV/I
S5867,John,Jones,Male,61.82,81.84,82.12,77.08,52.32,2.3,II/I
S5868,Omar,Jones,Male,68.29,60.4,59.8,68.76,57.73,3.19,II/II
S5869,Emma,Johnson,Male,89.68,43.89,89.84,59.63,68.13,3.63,I/I
S5870,Maria,Smith,Male,86.9,70.33,69.24,51.53,51.04,2.76,II/I
S5871,Ali,Smith,Female,96.27,76.1,50.48,78.33,87.65,2.26,II/I
S5872,Ahmed,Smith,Male,52.93,40.35,44.66,79.93,89.78,2.39,III/I
S5873,Liam,Brown,Female,50.58,45.73,81.98,57.09,70.57,2.47,II/I
S5874,Liam,Brown,Male,84.96,52.44,91.91,80.09,99.23,2.6,III/I
S5875,Emma,Johnson,Male,63.96,60.88,88.45,97.6,83.95,3.29,I/I
S5876,Maria,Smith,Female,66.7,72.46,79.34,98.91,87.19,3.2,I/I
S5877,Ahmed,Davis,Male,77.34,57.63,48.48,94.42,59.62,3.39,II/II
S5878,Ahmed,Smith,Male,55.12,56.57,45.64,90.35,91.87,2.73,III/I
S5879,Ali,Jones,Female,82.13,92.16,60.7,60.47,97.25,3.65,III/I
S5880,Ali,Jones,Female,66.26,48.7,91.29,57.82,61.82,2.41,I/II
S5881,Ahmed,Johnson,Male,81.64,69.73,97.7,72.25,84.32,2.94,I/II
S5882,Sara,Davis,Male,91.7,97.17,54.48,80.98,87.35,3.6,II/II
S5883,Ahmed,Smith,Male,58.56,77.5,85.73,92.53,65.26,2.36,I/I
S5884,Emma,Davis,Female,96.54,83.03,74.43,61.6,73.75,2.22,III/II
S5885,Ahmed,Johnson,Male,76.53,65.87,41.91,73.98,54.88,3.77,I/II
S5886,John,Jones,Female,96.15,41.2,72.57,82.37,58.65,2.69,II/I
S5887,Omar,Jones,Female,60.39,78.77,88.36,72.28,53.08,3.37,I/I
S5888,John,Brown,Male,80.23,77.92,56.57,72.71,78.01,2.05,III/II
S5889,John,Johnson,Female,70.19,46.63,93.84,61.26,81.26,3.38,IV/II
S5890,Sara,Johnson,Male,88.71,67.73,54.18,99.33,95.81,2.63,II/I
S5891,Sara,Smith,Male,80.3,94.92,44.59,73.76,77.11,2.11,IV/I
S5892,Liam,Smith,Female,74.73,52.31,49.6,76.64,63.03,3.22,III/I
S5893,Ahmed,Brown,Female,95.65,67.67,90.22,60.93,52.97,2.48,I/I
S5894,John,Williams,Female,68.86,67.67,65.04,75.71,94.25,2.77,IV/I
S5895,Sara,Davis,Female,61.0,88.65,87.82,62.77,73.94,2.16,II/II
S5896,Ali,Williams,Female,80.41,89.47,71.87,60.12,86.87,2.29,III/I
S5897,Ahmed,Williams,Female,81.2,85.56,68.83,63.79,50.73,2.6,III/I
S5898,Emma,Johnson,Male,71.95,61.93,88.41,50.14,74.41,2.18,II/I
S5899,Omar,Davis,Male,74.33,44.32,65.41,78.51,66.29,3.82,IV/I
S5900,Maria,Johnson,Male,97.98,60.97,88.12,69.37,51.52,2.01,III/I
S5901,Ahmed,Davis,Female,86.63,80.79,46.04,94.93,88.78,2.97,I/II
S5902,Maria,Jones,Female,55.53,82.16,78.18,52.04,75.65,2.25,I/I
S5903,John,Johnson,Female,60.61,97.9,82.16,52.16,66.66,2.62,I/II
S5904,Omar,Johnson,Male,98.78,67.22,93.95,94.29,90.29,3.85,II/I
S5905,Maria,Johnson,Male,86.32,77.95,53.46,56.33,72.35,2.32,III/II
S5906,John,Brown,Female,95.75,72.35,76.25,50.11,50.17,3.93,IV/II
S5907,Ali,Johnson,Female,65.19,49.04,66.0,58.95,97.22,2.41,II/I
S5908,Maria,Smith,Female,87.09,67.67,62.97,91.19,62.78,3.48,I/I
S5909,Omar,Smith,Female,85.7,72.69,46.4,90.14,91.53,3.09,III/I
S5910,Liam,Davis,Male,64.73,97.04,48.05,67.01,90.82,3.77,IV/I
S5911,Ahmed,Jones,Male,77.54,61.99,90.22,83.4,58.12,3.11,IV/I
S5912,John,Brown,Male,81.37,98.81,84.99,75.36,73.7,3.07,II/II
S5913,Ahmed,Davis,Female,74.06,72.54,62.94,95.24,52.01,2.39,II/I
S5914,Omar,Smith,Male,91.36,54.55,89.71,52.82,67.73,2.33,I/I
S5915,Sara,Brown,Female,91.64,51.5,44.85,90.66,86.55,3.83,II/II
S5916,John,Brown,Female,92.53,48.5,77.49,58.53,61.85,2.66,III/I
S5917,Maria,Jones,Female,90.17,67.18,92.09,69.58,55.86,2.74,III/II
S5918,John,Brown,Male,74.4,41.32,90.33,59.6,75.36,3.52,II/I
S5919,Ahmed,Johnson,Male,69.07,66.7,62.37,85.13,76.85,2.68,III/II
S5920,Ali,Brown,Female,91.57,99.3,84.71,83.92,83.79,3.9,I/I
S5921,John,Jones,Male,74.51,80.21,65.65,77.39,87.96,3.48,III/II
S5922,Maria,Davis,Female,62.32,85.59,90.41,84.91,84.79,3.19,III/II
S5923,Sara,Jones,Female,75.37,47.14,71.85,81.98,92.27,3.76,I/I
S5924,Liam,Jones,Female,57.09,68.39,85.89,88.82,61.15,2.1,I/I
S5925,Emma,Smith,Male,84.58,57.17,44.71,61.97,78.49,2.51,II/I
S5926,Ali,Johnson,Male,66.8,93.65,75.4,71.45,68.0,2.93,III/II
S5927,Liam,Smith,Female,63.03,50.88,73.02,57.58,98.11,2.45,II/II
S5928,Sara,Davis,Male,97.83,67.52,76.6,71.48,72.01,3.49,IV/II
S5929,John,Williams,Male,88.84,75.28,81.74,85.08,97.99,3.84,I/I
S5930,Ahmed,Davis,Male,89.35,70.84,95.09,84.57,88.45,2.85,III/I
S5931,Omar,Johnson,Male,81.19,89.81,87.14,85.47,85.92,2.68,III/II
S5932,Ahmed,Brown,Female,91.96,53.89,53.18,65.44,74.58,3.92,I/I
S5933,Liam,Jones,Male,87.96,62.64,89.55,83.11,72.17,2.89,II/II
S5934,Maria,Williams,Female,79.94,87.53,47.32,68.37,76.33,2.98,IV/I
S5935,Ahmed,Johnson,Female,98.06,71.68,77.33,97.22,64.68,2.7,II/I
S5936,Ali,Smith,Male,59.58,64.13,92.97,67.17,95.23,3.82,III/II
S5937,Ahmed,Jones,Female,97.17,41.77,46.07,80.15,89.72,3.14,IV/I
S5938,Maria,Davis,Female,70.07,85.2,90.98,87.51,90.07,3.52,I/I
S5939,Emma,Smith,Male,76.42,98.33,87.92,95.32,71.66,3.62,I/I
S5940,John,Johnson,Female,56.14,77.22,70.23,71.9,53.55,2.68,III/I
S5941,Omar,Johnson,Female,77.01,91.39,58.53,68.02,84.15,2.87,III/I
S5942,Liam,Davis,Male,80.56,71.01,64.33,71.5,68.72,3.7,III/II
S5943,John,Williams,Male,99.89,53.9,98.12,66.18,93.52,2.73,IV/I
S5944,Ahmed,Davis,Male,98.76,40.87,52.1,82.7,89.02,3.59,IV/II
S5945,Sara,Brown,Male,98.32,79.2,74.78,96.64,57.27,3.88,IV/I
S5946,John,Smith,Male,67.42,69.59,44.99,56.3,80.09,3.25,I/I
S5947,Emma,Williams,Female,99.56,86.93,53.07,78.05,84.61,3.48,IV/II
S5948,Ahmed,Jones,Female,72.77,81.68,85.8,94.88,78.41,3.61,III/II
S5949,Omar,Brown,Male,92.59,99.28,58.16,55.01,75.7,3.69,I/I
S5950,Maria,Williams,Male,60.82,70.62,99.15,74.69,61.39,2.79,III/I
S5951,Emma,Smith,Female,75.29,65.63,70.05,93.26,61.8,2.1,II/II
S5952,Ahmed,Johnson,Male,98.3,57.2,70.99,95.02,88.4,2.8,I/II
S5953,Emma,Jones,Male,97.35,68.61,42.18,75.72,50.93,3.35,IV/II
S5954,John,Davis,Female,84.19,92.37,97.39,51.25,88.95,2.9,I/II
S5955,Omar,Smith,Female,89.89,42.55,50.45,55.28,76.34,3.5,I/I
S5956,Maria,Brown,Female,58.82,98.67,72.3,79.34,96.81,2.71,IV/I
S5957,Ahmed,Brown,Male,86.08,99.6,63.74,56.19,99.87,3.27,III/I
S5958,Ali,Johnson,Female,80.9,75.87,64.94,57.47,83.17,2.37,II/I
S5959,Liam,Johnson,Male,54.58,59.89,78.6,88.61,70.61,3.5,II/I
S5960,Maria,Jones,Female,55.66,53.38,79.73,87.53,73.75,3.09,I/II
S5961,Ali,Davis,Male,55.42,56.59,49.26,92.14,60.21,2.41,II/II
S5962,Emma,Jones,Male,86.22,43.01,69.98,55.29,54.96,2.58,I/II
S5963,Sara,Johnson,Male,57.09,68.51,87.43,59.91,78.94,3.5,I/I
S5964,Maria,Johnson,Female,73.39,43.44,66.6,91.65,90.27,2.97,II/II
S5965,Emma,Brown,Female,67.85,83.11,49.95,86.05,63.09,2.43,II/I
S5966,Ali,Johnson,Female,77.53,62.32,58.79,90.3,70.98,3.93,IV/I
S5967,John,Williams,Male,85.32,51.96,52.74,99.49,77.74,3.43,III/I
S5968,John,Smith,Female,84.24,72.69,47.55,93.22,95.39,3.91,IV/II
S5969,Sara,Johnson,Female,75.78,98.43,62.65,76.02,56.93,2.85,III/I
S5970,Liam,Jones,Male,73.22,81.71,72.46,65.54,61.84,2.95,I/I
S5971,Maria,Davis,Male,69.89,69.5,44.37,78.48,95.93,3.8,I/II
S5972,Maria,Davis,Female,93.1,86.61,76.23,81.93,51.98,3.05,I/I
S5973,Maria,Davis,Female,66.54,84.25,99.58,66.77,82.81,3.41,IV/II
S5974,Liam,Williams,Female,62.97,93.5,97.85,88.55,81.98,2.5,III/I
S5975,Emma,Jones,Male,87.17,52.28,89.75,54.64,69.16,2.89,IV/II
S5976,Omar,Williams,Female,67.99,91.53,55.98,88.97,73.41,2.25,II/I
S5977,Omar,Johnson,Male,92.35,58.06,41.34,51.6,92.75,2.41,III/I
S5978,Sara,Smith,Male,66.39,96.46,90.01,74.9,58.25,2.0,II/II
S5979,Maria,Davis,Female,85.1,56.86,43.34,93.07,61.58,2.08,IV/I
S5980,Emma,Jones,Female,52.26,95.61,52.34,54.32,75.62,3.95,IV/II
S5981,John,Davis,Male,69.28,97.83,72.67,75.89,70.49,2.48,IV/I
S5982,Ali,Williams,Male,67.16,48.73,50.7,57.97,78.72,3.33,III/II
S5983,Emma,Brown,Female,90.83,98.47,90.03,94.74,96.04,3.68,III/I
S5984,Liam,Johnson,Female,98.35,45.14,86.63,91.62,95.86,3.1,III/I
S5985,Omar,Smith,Female,73.04,53.11,85.35,96.7,61.5,2.31,IV/I
S5986,Omar,Johnson,Male,91.24,66.65,88.97,93.75,65.11,3.46,III/II
S5987,John,Brown,Male,84.98,99.62,53.18,86.83,58.1,3.2,II/II
S5988,John,Smith,Female,98.37,69.31,83.73,59.24,96.39,3.46,I/II
S5989,Liam,Brown,Male,90.56,73.02,61.32,65.13,69.89,3.54,IV/II
S5990,Ali,Johnson,Male,53.87,81.67,80.01,74.84,72.49,3.95,IV/II
S5991,John,Williams,Female,85.66,98.1,47.32,79.44,90.13,3.15,III/I
S5992,Sara,Johnson,Male,76.77,87.0,82.34,89.11,75.65,2.68,IV/I
S5993,Ali,Johnson,Female,50.82,53.45,98.33,61.35,55.99,3.3,I/I
S5994,John,Johnson,Female,62.57,58.18,42.62,56.41,71.89,2.14,III/I
S5995,Ahmed,Jones,Male,96.09,45.86,45.63,74.13,81.53,3.79,I/I
S5996,Emma,Brown,Male,96.3,78.67,47.42,57.89,85.96,2.24,II/II
S5997,John,Brown,Female,89.94,50.84,65.83,84.69,82.27,2.66,III/I
S5998,Sara,Davis,Male,99.09,55.44,57.45,78.78,55.96,3.63,IV/II
S5999,Maria,Brown,Female,90.33,93.29,88.42,87.06,65.22,3.19,IV/I
