attendance,internal_marks,assignment_score,quiz_score,previous_gpa,semester,gender,AcademicRisk
97.36,40.61,73.69,53.17,2.75,3,Female,High Risk
97.71,57.27,74.23,98.23,3.9,8,Male,Medium Risk
99.52,41.84,85.85,50.0,3.46,7,Male,Medium Risk
90.38,45.65,68.1,66.27,3.2,8,Female,High Risk
59.41,53.13,67.66,83.98,2.31,8,Female,Medium Risk
60.6,70.21,87.85,52.26,2.31,3,Male,Medium Risk
67.01,90.85,89.0,54.17,2.12,6,Male,Low Risk
65.91,91.72,50.72,53.83,3.73,4,Male,High Risk
97.83,76.97,57.19,79.08,3.2,3,Female,Medium Risk
89.45,95.69,60.65,94.8,3.42,5,Female,Low Risk
86.2,70.0,67.58,77.77,2.04,3,Female,Low Risk
59.3,93.34,64.57,80.18,3.94,5,Female,Low Risk
95.48,67.24,83.43,67.3,3.66,8,Male,Low Risk
91.39,56.63,91.41,50.94,2.42,7,Male,Low Risk
58.18,94.98,59.6,51.08,2.36,3,Male,Medium Risk
93.56,63.28,78.15,94.42,2.37,5,Male,Low Risk
63.61,70.2,68.39,55.13,2.61,3,Female,Medium Risk
54.04,59.73,75.29,99.99,3.05,7,Female,High Risk
82.84,79.77,81.04,58.22,2.86,8,Male,High Risk
82.69,99.7,94.68,83.73,2.58,3,Male,High Risk
54.75,41.53,59.61,97.45,3.22,2,Male,High Risk
65.94,93.99,54.35,68.11,2.28,5,Male,High Risk
99.64,40.24,81.36,86.72,2.58,7,Male,High Risk
83.92,61.85,69.71,67.54,2.73,5,Female,Low Risk
86.5,50.12,58.15,65.25,2.91,5,Female,Low Risk
60.65,85.44,55.85,60.09,3.57,1,Male,Medium Risk
53.94,43.04,77.95,91.05,2.4,7,Male,Low Risk
63.85,73.21,65.02,62.87,3.03,3,Male,High Risk
62.44,57.7,99.87,64.16,3.18,5,Female,Low Risk
61.73,48.02,70.3,99.95,2.09,6,Female,Medium Risk
59.64,86.31,60.61,66.37,3.22,1,Female,High Risk
78.74,53.05,81.44,71.14,2.34,2,Male,High Risk
66.41,53.42,62.21,99.5,2.13,5,Female,High Risk
91.02,56.5,74.7,68.47,3.9,8,Male,High Risk
59.2,75.21,74.13,68.31,3.93,5,Female,High Risk
73.23,79.58,72.68,91.39,3.62,1,Female,High Risk
50.68,41.06,89.8,65.6,2.61,3,Female,High Risk
74.08,54.51,60.83,61.69,2.2,6,Male,High Risk
52.79,65.86,95.22,71.16,3.37,8,Male,Low Risk
98.89,59.92,89.57,85.03,2.88,2,Female,High Risk
89.53,93.05,66.66,52.16,2.24,8,Male,High Risk
74.51,87.26,59.03,68.7,2.99,5,Male,Low Risk
54.33,77.55,63.98,67.31,2.07,3,Male,Low Risk
79.62,60.28,66.63,62.24,3.82,7,Male,Medium Risk
87.94,82.04,77.85,82.71,2.52,6,Male,Low Risk
59.54,90.62,52.32,64.5,3.33,7,Male,Medium Risk
78.41,75.69,95.72,80.34,2.62,6,Male,High Risk
90.71,87.07,54.93,75.22,3.04,2,Female,High Risk
88.41,84.95,63.96,60.86,3.09,4,Male,Medium Risk
90.15,74.3,55.46,63.33,2.37,6,Male,Medium Risk
93.97,58.73,62.83,58.53,3.94,4,Female,Low Risk
96.88,84.75,91.88,52.83,3.55,7,Female,High Risk
70.28,52.41,80.76,80.96,3.88,6,Female,Low Risk
78.44,86.77,61.37,83.64,3.79,2,Female,Medium Risk
89.53,88.27,93.59,58.3,3.2,1,Male,Medium Risk
84.86,89.33,90.04,80.77,3.84,2,Female,Medium Risk
99.78,68.37,87.68,99.1,2.18,2,Female,Low Risk
50.68,51.55,92.38,53.72,2.39,1,Male,High Risk
67.76,45.98,80.98,74.52,2.09,1,Male,Low Risk
64.05,84.6,75.07,86.65,2.65,3,Male,Low Risk
63.12,93.18,68.7,52.3,2.78,6,Female,High Risk
61.13,79.05,61.19,88.91,2.54,7,Male,Low Risk
85.46,48.65,77.87,98.98,3.66,3,Female,Medium Risk
54.24,96.09,94.47,54.42,2.71,1,Male,Medium Risk
87.08,99.35,79.7,91.11,2.56,4,Male,High Risk
84.67,66.0,95.98,68.93,3.09,7,Female,Medium Risk
62.54,75.69,67.85,57.21,2.28,4,Male,High Risk
62.64,86.63,84.76,74.66,3.6,2,Male,Medium Risk
81.44,84.18,82.43,53.58,2.15,5,Male,Medium Risk
88.11,98.07,83.52,76.11,3.97,2,Male,Low Risk
93.82,46.89,82.25,50.97,3.54,2,Male,High Risk
92.61,74.84,61.08,86.43,2.4,5,Female,Low Risk
98.24,81.52,57.18,74.4,2.01,6,Female,High Risk
79.07,93.41,98.93,72.95,3.63,1,Male,Medium Risk
95.43,92.45,52.26,59.81,3.41,4,Female,Low Risk
90.43,98.68,73.39,68.06,3.46,2,Female,Medium Risk
94.73,70.72,71.25,59.09,3.54,5,Female,High Risk
50.58,89.85,68.0,86.77,2.15,3,Male,Medium Risk
98.3,65.64,89.1,59.95,2.72,2,Male,High Risk
73.68,65.34,87.27,80.84,2.23,4,Male,Medium Risk
89.91,55.2,95.26,63.98,3.73,1,Female,High Risk
56.36,89.09,69.77,82.85,3.25,2,Female,Low Risk
69.8,99.15,78.21,77.02,2.66,2,Male,Medium Risk
63.57,55.38,94.62,71.17,2.13,6,Male,High Risk
64.58,43.37,99.69,83.65,2.62,8,Female,High Risk
56.16,88.93,98.46,70.79,2.65,5,Female,High Risk
90.29,77.21,85.89,91.07,3.46,3,Male,Medium Risk
50.46,97.58,57.16,86.48,3.28,3,Female,Medium Risk
65.63,55.13,51.16,77.03,3.77,7,Female,Medium Risk
58.72,44.26,91.26,93.85,2.94,1,Female,Low Risk
79.45,69.55,92.05,91.44,2.24,7,Female,High Risk
62.71,45.13,87.32,76.59,3.43,4,Female,Low Risk
62.95,55.71,64.0,53.42,3.52,1,Female,Medium Risk
74.42,47.56,81.99,78.3,3.12,2,Female,High Risk
82.63,53.45,65.81,67.76,3.54,8,Male,Low Risk
56.07,46.37,72.53,77.01,2.99,2,Male,Low Risk
58.78,97.23,69.12,82.36,3.05,3,Female,Medium Risk
62.36,56.71,95.68,82.24,2.86,4,Female,Low Risk
98.69,66.63,61.71,83.68,2.05,5,Female,Low Risk
69.86,93.92,78.88,83.96,2.22,4,Male,Low Risk
79.95,80.64,68.05,55.46,2.06,2,Male,High Risk
62.08,77.08,83.15,59.59,3.27,5,Female,Low Risk
74.52,82.33,78.23,81.53,2.63,4,Male,Low Risk
53.71,89.73,96.2,70.41,3.02,8,Female,Low Risk
51.74,92.66,55.08,88.14,3.82,8,Female,Low Risk
73.44,78.56,61.03,56.25,2.5,4,Female,Low Risk
69.93,93.4,88.32,59.58,2.82,5,Female,Medium Risk
56.84,72.12,68.44,77.92,3.51,2,Female,High Risk
84.38,56.64,58.29,75.04,2.46,4,Female,Medium Risk
99.65,92.8,75.17,63.32,2.15,5,Female,High Risk
69.78,72.49,82.61,70.42,2.58,6,Male,High Risk
81.23,94.37,52.24,51.75,2.32,8,Female,Medium Risk
98.15,42.41,64.58,51.85,3.86,6,Male,High Risk
91.58,63.85,90.47,54.75,3.62,2,Female,Low Risk
73.18,96.87,76.01,78.84,3.27,5,Female,Low Risk
86.87,54.98,51.77,93.19,3.74,6,Male,Medium Risk
56.41,96.49,64.1,63.01,3.61,5,Male,Low Risk
75.61,97.23,81.96,51.7,2.37,4,Female,High Risk
63.95,92.93,59.97,85.43,3.79,2,Male,Low Risk
58.06,73.82,91.37,92.77,3.08,6,Female,Low Risk
71.31,78.82,83.83,56.91,3.61,7,Female,High Risk
56.55,92.18,73.57,69.29,3.79,4,Male,High Risk
84.95,86.55,95.78,57.94,2.64,8,Male,High Risk
72.81,77.81,69.59,55.32,2.22,7,Male,Low Risk
76.56,98.94,61.75,82.41,2.46,7,Male,Low Risk
57.32,81.14,83.07,98.38,2.85,1,Female,High Risk
56.99,98.53,78.66,83.91,3.64,1,Male,Medium Risk
79.17,43.44,66.76,99.24,3.72,2,Male,High Risk
99.25,48.34,67.18,71.72,2.01,6,Male,Medium Risk
54.81,67.09,69.91,94.89,3.02,6,Male,Low Risk
64.29,63.09,64.56,60.25,2.83,6,Male,High Risk
93.47,86.96,85.51,55.9,2.44,5,Female,Low Risk
53.61,49.64,82.57,85.13,2.24,4,Female,Low Risk
93.79,98.57,72.04,68.57,2.68,6,Male,Low Risk
76.21,58.9,69.89,65.88,3.89,4,Male,High Risk
70.41,65.74,68.25,83.56,2.65,2,Female,High Risk
65.48,56.48,64.17,66.67,3.04,7,Male,High Risk
64.86,74.76,54.28,78.63,3.41,6,Female,Low Risk
65.29,43.52,63.41,64.97,2.73,2,Female,Medium Risk
94.24,48.98,66.06,89.19,3.94,6,Male,High Risk
86.19,84.75,77.38,65.62,3.92,1,Female,Low Risk
83.49,51.19,88.69,76.75,2.5,3,Male,High Risk
89.94,54.13,69.79,51.16,2.99,2,Male,High Risk
62.86,87.58,97.24,89.59,2.6,6,Female,Medium Risk
80.9,45.6,91.37,81.02,2.57,8,Female,High Risk
73.0,66.25,99.24,59.61,2.07,3,Male,High Risk
89.12,41.38,93.81,60.77,3.22,2,Female,Medium Risk
65.46,60.81,80.84,63.12,3.01,8,Male,Low Risk
82.16,81.94,79.92,78.83,2.1,8,Female,Low Risk
94.11,45.41,56.48,77.42,2.56,5,Female,Medium Risk
70.11,93.3,86.12,63.69,3.82,8,Male,Low Risk
53.33,94.57,80.01,84.7,2.48,6,Male,Medium Risk
75.8,46.3,75.35,94.45,2.29,5,Male,Medium Risk
67.3,99.44,84.66,52.18,2.98,1,Female,Low Risk
83.61,57.85,72.2,70.86,3.97,6,Male,Low Risk
97.55,45.05,76.19,79.68,2.48,7,Male,Medium Risk
74.28,40.3,69.92,79.32,3.34,8,Female,Medium Risk
73.31,64.51,85.87,50.98,3.52,1,Female,Low Risk
82.73,77.79,93.83,60.53,2.48,3,Male,Medium Risk
55.17,59.93,92.04,53.09,3.46,2,Male,Low Risk
62.68,90.2,89.3,78.45,2.74,8,Male,High Risk
95.95,83.0,50.69,82.27,3.26,4,Male,Low Risk
83.5,61.01,95.59,57.99,3.27,1,Female,Medium Risk
50.67,84.06,63.74,66.65,3.07,4,Female,High Risk
60.23,96.43,94.4,66.49,2.18,8,Male,Medium Risk
84.14,45.59,59.85,90.99,3.67,4,Male,Medium Risk
88.22,58.37,71.98,59.73,2.64,8,Male,Low Risk
91.99,67.8,87.47,77.42,2.37,2,Female,Medium Risk
64.61,69.88,82.01,89.15,2.08,3,Male,Low Risk
96.55,72.53,70.8,91.48,3.18,2,Male,High Risk
77.65,58.04,83.93,83.33,3.36,6,Female,High Risk
84.83,80.04,77.45,64.98,2.03,1,Female,Medium Risk
79.84,78.71,63.79,91.15,3.02,4,Male,Medium Risk
56.14,74.67,82.32,87.11,2.45,2,Male,Medium Risk
98.16,46.83,60.21,85.22,3.29,8,Female,Medium Risk
56.14,68.62,84.7,53.37,2.35,2,Male,Low Risk
62.74,61.37,50.16,52.16,3.38,2,Male,Low Risk
90.68,69.46,77.44,84.77,2.77,1,Female,Low Risk
80.93,95.31,70.05,97.24,3.87,3,Female,High Risk
91.91,68.83,65.16,88.69,2.28,7,Female,High Risk
75.79,40.84,75.79,91.57,2.68,2,Male,High Risk
68.85,66.33,82.27,77.25,2.23,1,Female,High Risk
96.09,89.24,98.27,65.23,3.85,4,Female,Medium Risk
51.81,86.8,91.65,83.89,3.75,8,Male,Medium Risk
92.81,70.8,85.86,85.6,2.52,6,Male,Medium Risk
61.54,54.99,73.95,83.77,3.32,7,Female,Low Risk
92.44,67.91,69.61,97.34,3.63,5,Female,Low Risk
56.96,73.82,51.63,68.36,3.11,7,Male,Low Risk
79.01,99.99,67.95,51.98,3.06,8,Male,High Risk
94.41,78.65,92.42,95.42,2.48,7,Female,Medium Risk
73.68,81.66,69.2,58.02,2.19,8,Female,High Risk
87.33,69.49,73.08,84.87,3.79,1,Male,High Risk
90.23,61.27,63.59,93.66,3.8,5,Female,Medium Risk
86.82,88.78,63.71,65.51,3.27,2,Male,Medium Risk
96.27,69.7,53.09,91.52,2.68,2,Female,High Risk
72.34,99.68,80.69,66.6,2.7,7,Male,Low Risk
58.66,67.43,72.4,89.71,3.45,1,Male,Low Risk
52.39,44.08,80.3,53.49,3.79,5,Female,High Risk
62.32,80.95,77.34,82.76,3.77,2,Female,Medium Risk
57.16,42.8,89.94,83.86,3.56,4,Male,Low Risk
77.9,55.03,87.55,74.57,3.28,3,Female,Medium Risk
59.25,61.22,88.57,84.35,2.17,3,Female,Medium Risk
51.95,84.37,74.96,96.16,2.32,2,Female,High Risk
51.8,69.65,67.69,86.69,3.8,5,Male,High Risk
91.58,41.72,96.67,98.06,3.21,6,Female,High Risk
79.57,77.01,52.71,72.43,2.02,2,Female,Low Risk
67.9,64.69,57.63,76.41,2.2,6,Male,High Risk
94.71,95.31,70.98,63.19,3.33,6,Female,High Risk
53.51,69.97,80.7,99.28,2.01,8,Female,High Risk
99.02,82.54,50.41,52.76,2.32,8,Male,Low Risk
80.81,53.13,85.97,67.93,3.1,5,Male,High Risk
59.17,85.66,77.94,64.88,3.38,6,Female,High Risk
83.95,83.26,74.24,69.33,3.3,4,Female,Medium Risk
88.17,94.24,71.17,95.89,2.45,5,Male,Medium Risk
71.47,42.03,75.97,68.4,3.42,2,Male,High Risk
93.08,66.85,58.09,95.85,2.47,7,Female,High Risk
57.54,80.75,55.44,71.17,2.65,4,Female,Low Risk
63.94,45.71,64.48,92.74,3.49,1,Female,Low Risk
54.67,64.64,85.48,76.09,3.3,3,Male,Medium Risk
60.54,96.53,79.41,65.57,3.7,2,Female,High Risk
61.94,66.16,74.01,72.47,3.32,2,Male,High Risk
95.88,99.12,78.58,71.22,3.14,2,Male,Low Risk
53.91,43.41,77.96,63.0,2.19,4,Male,Medium Risk
71.37,83.07,65.35,64.48,2.74,1,Female,Low Risk
76.62,74.86,54.87,59.32,2.53,7,Female,Low Risk
94.93,70.03,94.84,66.8,2.49,5,Female,Low Risk
99.88,98.25,80.0,81.22,3.95,8,Male,Low Risk
87.67,47.78,84.89,69.33,2.79,1,Female,Low Risk
98.54,93.76,73.2,85.62,3.78,4,Male,Medium Risk
89.36,81.47,87.82,99.35,3.26,2,Male,High Risk
98.16,55.54,79.22,68.86,3.59,3,Male,Medium Risk
85.36,94.1,52.69,73.13,3.01,2,Male,Medium Risk
53.99,65.76,94.5,58.21,3.15,5,Male,Medium Risk
70.1,88.85,65.28,69.61,2.99,6,Male,High Risk
82.33,63.33,56.89,86.34,2.39,3,Female,Medium Risk
67.54,91.06,54.4,60.87,3.44,2,Male,Medium Risk
63.67,78.2,86.02,59.1,2.56,7,Female,Medium Risk
78.87,48.46,85.2,68.82,2.05,3,Male,High Risk
96.68,78.98,85.01,90.93,3.29,6,Female,Medium Risk
51.75,51.48,95.79,81.18,2.35,8,Female,High Risk
88.46,64.72,67.45,97.88,3.88,1,Female,Low Risk
86.14,50.22,78.06,95.23,3.91,4,Female,Medium Risk
98.2,41.32,80.97,57.56,3.83,8,Male,High Risk
96.54,52.71,98.97,52.13,2.74,2,Male,High Risk
88.11,72.18,65.62,69.95,2.03,5,Male,Low Risk
76.02,68.89,97.82,76.1,3.86,1,Male,High Risk
60.21,70.09,57.44,75.78,2.86,8,Female,Low Risk
77.26,54.86,88.2,56.71,3.93,2,Female,Medium Risk
88.27,81.11,81.64,56.24,3.93,1,Female,High Risk
94.78,82.26,90.84,52.34,3.71,8,Male,Medium Risk
89.49,61.48,51.43,92.54,2.59,5,Female,High Risk
59.76,92.87,53.91,97.39,2.77,2,Male,Low Risk
79.98,78.64,53.48,55.78,3.7,6,Female,High Risk
66.61,82.78,79.65,60.66,2.63,6,Female,Low Risk
50.46,56.64,80.15,54.49,2.34,5,Female,Medium Risk
60.01,40.04,95.31,93.88,3.11,3,Female,Low Risk
55.66,91.92,73.38,97.94,3.87,5,Female,High Risk
92.14,89.35,53.4,63.09,3.39,3,Male,Medium Risk
62.93,47.39,60.48,65.18,3.14,2,Female,Low Risk
64.23,62.45,50.4,68.13,2.19,8,Male,Medium Risk
98.0,79.68,88.84,75.12,3.23,3,Male,High Risk
68.95,79.13,90.78,84.12,3.98,2,Male,Medium Risk
50.48,91.62,99.9,75.22,2.28,2,Male,High Risk
64.19,48.42,70.61,97.55,3.04,7,Male,Medium Risk
55.96,65.8,50.96,54.99,3.75,4,Male,Medium Risk
55.14,45.83,61.74,89.93,3.48,2,Male,High Risk
53.87,63.38,79.39,66.72,3.39,3,Male,High Risk
79.66,40.91,98.1,68.88,3.4,4,Female,Medium Risk
59.47,93.9,55.18,85.44,2.72,4,Female,High Risk
68.06,71.62,56.08,96.47,2.59,2,Male,Low Risk
93.1,90.99,85.09,85.81,3.62,5,Male,High Risk
71.22,43.59,83.36,88.79,3.62,5,Male,Low Risk
95.78,53.65,62.53,87.54,3.73,6,Female,Medium Risk
74.9,55.56,90.66,66.05,3.83,4,Female,Medium Risk
69.94,63.2,56.44,87.85,3.02,2,Male,High Risk
87.52,88.17,96.29,89.23,3.0,7,Male,Medium Risk
53.66,63.19,60.05,76.67,3.6,5,Female,Low Risk
54.47,52.28,54.07,76.84,3.3,7,Female,Medium Risk
82.6,43.9,66.98,87.99,3.4,2,Male,High Risk
74.35,44.77,59.39,90.85,3.59,2,Male,Low Risk
89.52,85.6,76.35,66.86,3.78,8,Male,Low Risk
95.81,66.69,84.34,90.08,2.68,4,Male,Medium Risk
69.42,83.57,74.55,90.71,2.75,8,Female,Medium Risk
79.82,80.94,83.03,61.71,2.19,7,Female,Medium Risk
75.03,48.12,68.25,85.85,3.16,8,Male,High Risk
99.08,48.57,51.4,59.33,2.07,6,Male,High Risk
91.55,85.32,98.7,54.65,2.93,4,Male,Medium Risk
95.59,83.28,90.97,78.73,3.09,1,Female,Low Risk
62.72,62.68,53.67,95.43,2.57,8,Male,High Risk
88.63,44.65,72.46,51.77,3.18,7,Male,Medium Risk
63.27,40.73,81.75,91.33,2.06,5,Male,Low Risk
60.44,57.29,59.53,75.32,2.07,5,Female,High Risk
97.21,40.55,78.9,93.04,3.65,5,Male,High Risk
50.97,53.8,76.68,92.17,2.72,3,Female,Low Risk
98.27,65.17,60.41,93.76,2.25,2,Male,High Risk
57.46,47.28,57.06,88.44,3.04,4,Male,High Risk
90.97,46.26,87.95,92.15,3.54,5,Male,Medium Risk
63.8,93.79,66.13,58.8,2.43,1,Female,Medium Risk
67.54,75.13,62.2,65.19,3.25,5,Male,Low Risk
60.84,96.07,86.89,62.12,2.17,6,Male,Medium Risk
79.28,60.75,86.8,87.12,2.1,2,Female,Medium Risk
67.4,80.63,63.82,57.68,3.06,7,Female,Medium Risk
82.87,52.28,93.63,59.11,3.08,2,Female,Low Risk
50.78,77.1,84.41,93.95,3.27,8,Male,High Risk
53.22,47.78,67.29,85.29,3.45,7,Female,High Risk
54.98,40.12,71.37,93.77,3.95,7,Male,Low Risk
70.95,95.89,86.34,56.97,3.03,8,Female,Low Risk
90.74,73.29,60.58,69.95,2.65,4,Female,High Risk
94.41,95.62,73.44,64.16,3.59,8,Female,High Risk
62.24,60.03,82.68,50.48,2.54,3,Male,Medium Risk
78.72,59.67,76.97,64.23,2.88,7,Male,High Risk
88.42,64.04,80.42,68.98,2.16,7,Male,Medium Risk
64.44,82.36,77.31,54.61,2.05,8,Male,High Risk
70.45,73.95,59.96,78.32,3.93,4,Male,High Risk
76.2,95.52,70.51,69.16,3.67,5,Male,Medium Risk
56.74,41.53,76.6,52.32,3.39,6,Male,Low Risk
51.3,82.49,89.0,85.2,2.82,1,Male,Medium Risk
57.64,59.82,82.7,86.46,2.35,4,Male,Medium Risk
81.34,50.81,71.33,91.72,2.31,3,Female,Low Risk
53.68,70.62,98.72,74.28,2.5,4,Female,Medium Risk
59.48,70.3,55.39,98.43,3.1,2,Male,Medium Risk
66.89,48.22,60.34,95.7,3.43,5,Male,Medium Risk
53.89,52.11,67.07,77.57,3.32,5,Male,High Risk
59.58,64.49,61.43,72.25,2.56,7,Male,Medium Risk
95.56,64.53,81.27,50.15,3.91,5,Female,Medium Risk
50.96,59.05,51.98,85.55,3.48,5,Female,High Risk
82.67,48.91,58.87,78.25,3.11,8,Male,High Risk
69.22,40.26,64.67,96.88,3.22,5,Female,High Risk
83.63,98.21,84.17,79.71,2.84,5,Female,Medium Risk
79.43,96.61,93.79,99.64,2.5,1,Male,High Risk
61.17,69.02,89.92,92.69,2.71,3,Male,High Risk
92.36,99.7,59.1,97.68,3.52,7,Male,Low Risk
74.6,80.42,78.27,66.38,2.03,8,Male,Medium Risk
91.13,44.13,51.5,57.47,2.23,5,Female,High Risk
70.3,47.06,65.53,89.84,2.09,7,Male,Low Risk
99.23,94.97,90.3,89.31,2.08,3,Female,High Risk
88.52,77.8,72.83,60.57,3.71,8,Male,Low Risk
98.3,90.59,57.5,88.24,3.41,6,Female,Low Risk
75.72,93.9,71.93,79.1,2.95,5,Male,Medium Risk
73.68,66.88,59.9,55.48,2.2,7,Male,Low Risk
87.77,42.91,69.66,75.09,2.98,4,Female,High Risk
94.01,51.3,74.39,96.56,2.95,8,Female,Low Risk
98.21,43.99,67.48,75.32,2.35,8,Female,High Risk
66.23,51.32,96.85,89.43,2.87,7,Male,Medium Risk
89.94,64.63,78.13,51.45,2.8,5,Female,Low Risk
60.53,47.09,92.14,86.4,3.23,2,Female,Medium Risk
77.28,50.0,88.04,97.34,3.27,1,Female,Low Risk
58.99,66.75,83.06,74.98,2.09,4,Female,High Risk
67.37,60.41,74.84,66.89,2.75,4,Female,Medium Risk
96.57,68.06,50.11,82.33,3.25,2,Female,High Risk
57.3,65.75,80.67,95.81,3.01,5,Female,Medium Risk
81.62,78.67,67.8,58.84,3.71,8,Female,High Risk
79.65,96.23,55.89,70.18,3.32,8,Female,High Risk
56.04,46.47,72.23,57.81,2.33,1,Male,High Risk
66.3,45.96,86.78,74.83,2.14,4,Male,Low Risk
78.15,91.17,98.08,77.02,3.28,1,Female,High Risk
59.36,70.38,68.71,97.21,2.05,4,Male,Low Risk
90.03,85.98,77.14,70.63,3.17,5,Male,High Risk
98.61,52.93,92.56,78.35,3.88,6,Female,High Risk
60.74,89.73,66.7,94.26,3.15,4,Female,Medium Risk
59.35,95.43,57.11,66.07,2.78,6,Female,Low Risk
72.75,78.13,64.09,83.71,3.29,4,Female,High Risk
87.39,46.35,94.96,87.86,2.92,8,Female,High Risk
64.08,93.72,57.97,66.53,3.09,3,Female,Low Risk
50.99,87.55,66.46,58.22,3.88,5,Male,High Risk
77.06,85.05,73.23,75.15,2.77,2,Female,Low Risk
97.83,42.2,92.36,67.84,3.92,6,Male,High Risk
69.56,87.94,96.89,63.32,3.81,2,Female,Medium Risk
71.01,48.28,71.29,98.67,2.39,5,Female,High Risk
98.45,53.34,96.6,75.11,2.14,7,Male,Medium Risk
84.73,74.63,58.07,92.82,2.2,2,Female,Low Risk
85.96,55.9,57.84,59.77,2.04,5,Female,Low Risk
78.14,79.68,97.46,96.97,2.19,8,Male,Medium Risk
98.73,76.48,75.48,89.72,3.37,2,Female,Low Risk
84.44,46.49,59.3,90.43,2.14,6,Male,High Risk
94.75,79.36,74.4,69.49,2.64,3,Female,High Risk
84.97,95.44,89.16,74.28,3.69,2,Female,Medium Risk
86.76,49.67,91.35,79.67,2.05,6,Male,Medium Risk
64.52,75.82,93.2,89.49,3.63,4,Female,High Risk
65.17,60.51,78.48,92.45,2.56,5,Male,Medium Risk
89.15,67.58,93.35,53.9,2.24,1,Male,Medium Risk
64.84,57.22,75.5,95.2,3.39,7,Male,Low Risk
78.14,61.25,80.35,96.87,3.26,8,Female,Low Risk
62.47,41.73,87.94,79.64,3.75,1,Female,Medium Risk
90.85,98.89,71.27,59.34,3.47,8,Male,High Risk
55.53,77.49,53.68,90.92,3.61,5,Female,Medium Risk
91.47,70.04,67.51,77.43,2.56,8,Female,Low Risk
80.14,63.02,81.2,90.86,2.35,3,Female,High Risk
59.35,72.36,59.62,90.74,3.5,2,Male,Medium Risk
77.1,62.81,57.42,54.34,3.61,3,Female,Low Risk
64.12,61.59,64.65,80.35,3.98,1,Male,High Risk
66.17,67.84,51.61,74.16,2.83,7,Female,High Risk
67.58,56.56,87.17,97.31,2.74,6,Female,High Risk
53.17,50.8,62.94,64.83,3.55,7,Male,Medium Risk
99.3,73.4,56.21,60.3,2.68,5,Female,Low Risk
51.58,90.57,84.96,94.85,3.86,5,Male,Medium Risk
83.12,49.17,92.15,57.44,3.72,3,Female,High Risk
68.56,41.96,50.99,84.33,2.86,6,Male,Medium Risk
82.3,54.81,61.68,65.0,3.5,3,Female,Medium Risk
67.81,98.78,97.26,78.39,3.51,2,Female,Medium Risk
83.69,89.73,69.26,80.81,2.21,4,Female,High Risk
86.46,75.75,96.93,70.87,3.81,6,Male,Medium Risk
84.53,95.75,63.71,98.75,3.01,4,Male,Medium Risk
55.7,66.72,60.9,56.59,3.65,7,Male,High Risk
82.84,99.0,60.71,69.57,2.64,2,Female,Medium Risk
64.0,57.78,54.26,71.52,3.79,8,Male,Low Risk
51.44,54.42,94.82,81.55,2.78,8,Male,Medium Risk
70.74,78.28,98.99,70.36,2.02,4,Male,Low Risk
71.68,62.69,97.73,54.85,3.81,1,Male,High Risk
73.36,77.58,92.6,97.37,2.18,7,Male,Low Risk
85.24,58.3,92.34,70.8,2.64,4,Male,High Risk
65.44,77.08,83.05,67.13,3.9,2,Male,High Risk
65.76,56.54,91.31,72.34,3.9,4,Male,Medium Risk
53.03,43.06,60.42,60.83,3.15,5,Male,Medium Risk
84.34,94.73,69.4,55.01,3.26,3,Male,Low Risk
78.39,92.99,82.04,57.43,2.9,1,Female,Medium Risk
67.47,98.25,93.74,58.33,2.59,5,Female,Medium Risk
85.26,82.99,83.02,59.88,2.66,5,Male,Low Risk
76.87,80.96,91.95,71.0,3.35,2,Female,Medium Risk
73.46,73.54,73.7,81.19,3.5,3,Female,High Risk
75.57,47.56,85.87,81.44,3.58,3,Male,High Risk
81.82,51.35,99.0,50.0,3.58,6,Male,Medium Risk
83.0,57.37,57.67,96.05,2.18,7,Male,Low Risk
64.45,93.41,96.35,91.14,2.99,1,Female,High Risk
57.04,50.38,76.12,98.2,2.12,7,Male,High Risk
57.83,95.37,82.16,68.0,3.1,2,Female,High Risk
81.97,71.37,93.89,83.24,2.88,1,Male,Medium Risk
93.64,82.93,70.48,58.4,3.78,6,Female,High Risk
70.47,46.61,70.93,90.85,2.7,4,Female,High Risk
58.48,56.14,76.36,58.07,2.23,5,Male,Medium Risk
87.83,97.51,50.96,66.3,2.29,1,Male,Low Risk
91.62,55.97,74.83,74.54,3.52,7,Female,High Risk
94.03,57.79,64.55,79.73,3.24,5,Female,Medium Risk
80.34,51.86,96.4,77.98,2.2,2,Male,High Risk
93.04,47.74,54.39,55.1,2.17,7,Male,Low Risk
50.77,54.0,72.97,71.08,3.4,4,Female,Medium Risk
55.36,78.54,97.37,96.15,2.15,2,Male,Low Risk
54.63,67.32,95.05,93.62,3.64,8,Female,Low Risk
85.63,73.23,85.07,79.54,3.41,4,Male,Low Risk
53.48,47.34,79.47,78.62,2.16,4,Male,High Risk
74.82,88.13,64.04,55.58,2.17,5,Male,Medium Risk
73.64,87.05,68.35,60.01,3.97,2,Female,High Risk
65.54,41.3,54.51,62.63,2.75,2,Male,Low Risk
93.52,63.01,89.31,74.41,2.74,1,Female,Low Risk
58.52,44.13,66.19,86.57,3.63,7,Male,Low Risk
67.62,87.53,83.39,73.04,3.89,8,Female,Medium Risk
88.71,84.24,67.88,56.3,3.97,2,Female,Medium Risk
51.52,94.12,73.22,71.97,3.51,1,Male,Medium Risk
83.65,54.18,77.75,58.13,2.75,8,Female,Medium Risk
90.82,67.38,90.09,87.56,2.17,3,Female,Medium Risk
96.61,51.07,60.56,58.33,3.55,3,Female,Medium Risk
93.81,62.27,69.94,74.13,3.12,8,Female,Low Risk
65.97,71.33,56.5,84.67,2.85,3,Male,Medium Risk
79.32,43.2,53.79,61.41,3.81,6,Male,Low Risk
53.86,82.89,80.23,53.8,2.22,2,Male,Low Risk
62.89,72.6,59.45,78.16,2.99,6,Female,Medium Risk
54.71,89.74,52.99,52.71,2.02,7,Female,Medium Risk
65.76,56.31,94.85,79.39,2.94,2,Male,Medium Risk
93.76,94.2,76.72,87.67,2.11,1,Male,Medium Risk
67.36,99.92,56.73,66.47,2.24,6,Female,High Risk
78.09,95.16,52.67,74.42,2.24,6,Male,Medium Risk
71.67,86.67,55.99,96.44,3.3,7,Male,Low Risk
72.95,88.74,73.57,73.56,3.49,6,Female,High Risk
98.48,74.42,83.42,99.83,3.17,4,Male,Low Risk
64.81,51.41,82.06,57.85,3.92,1,Female,Low Risk
81.37,80.62,57.22,85.45,2.75,3,Male,Medium Risk
71.0,82.77,81.67,82.63,2.57,1,Female,Medium Risk
53.06,99.12,70.24,93.62,3.74,4,Female,Low Risk
74.47,72.48,73.24,54.62,2.45,7,Female,Medium Risk
90.67,56.28,90.07,64.01,3.93,7,Female,High Risk
54.94,81.02,66.62,56.61,2.02,2,Female,Low Risk
53.48,98.76,57.35,96.65,3.94,1,Male,Medium Risk
57.68,50.63,93.67,71.33,2.09,8,Male,Medium Risk
88.22,59.56,60.61,95.5,3.78,8,Male,Medium Risk
86.2,72.51,64.7,64.72,3.06,7,Female,High Risk
78.25,50.21,85.33,56.32,3.99,6,Male,Low Risk
73.41,41.33,84.18,64.83,2.15,7,Female,Low Risk
94.42,60.22,90.02,79.86,3.11,7,Female,High Risk
88.33,91.92,59.19,92.26,3.94,7,Male,Low Risk
90.6,42.61,67.61,69.27,3.05,7,Female,Low Risk
90.66,65.74,56.29,95.74,3.26,8,Male,Medium Risk
82.14,85.73,77.05,62.21,3.39,8,Female,Medium Risk
72.9,97.19,64.63,84.68,2.91,3,Female,High Risk
93.23,99.13,84.45,86.79,3.26,3,Male,Medium Risk
96.3,65.32,50.02,63.7,3.17,2,Female,High Risk
51.19,97.02,52.98,51.35,3.8,7,Male,Medium Risk
52.58,42.13,71.63,68.26,2.09,8,Female,Medium Risk
97.94,84.76,97.91,52.26,2.56,1,Male,Low Risk
63.86,78.56,94.54,95.04,3.9,4,Female,Low Risk
93.67,54.97,99.7,97.68,3.78,2,Male,High Risk
69.44,70.44,70.84,86.77,2.91,8,Male,Low Risk
55.96,47.77,52.33,86.33,3.24,1,Female,Medium Risk
54.02,92.3,65.3,62.04,2.55,7,Male,Medium Risk
57.83,61.47,83.79,53.7,2.38,5,Female,High Risk
62.49,77.56,56.76,90.11,2.93,7,Female,Low Risk
74.43,49.53,65.0,77.96,2.71,3,Male,Low Risk
85.07,52.37,52.81,84.08,3.17,4,Male,Low Risk
99.32,99.52,73.75,88.98,2.16,8,Male,Low Risk
72.08,85.19,60.45,70.47,3.95,8,Male,High Risk
75.91,97.72,54.56,57.23,3.97,6,Male,Low Risk
76.09,57.75,70.56,89.75,3.4,4,Female,Medium Risk
76.97,49.87,67.56,72.69,3.07,6,Male,High Risk
75.89,70.18,76.88,91.35,2.62,4,Female,Low Risk
50.44,69.68,87.45,71.88,3.63,3,Male,Low Risk
50.09,50.5,55.63,60.85,3.37,6,Male,High Risk
54.88,83.99,89.56,58.55,2.33,1,Male,High Risk
55.08,61.71,51.31,87.2,3.82,6,Female,High Risk
85.24,51.18,72.16,78.74,3.65,2,Male,Medium Risk
60.25,59.92,79.37,70.23,3.9,1,Female,High Risk
94.74,73.82,97.85,74.61,3.45,2,Female,High Risk
96.43,83.59,78.7,77.48,3.23,7,Female,Medium Risk
98.79,68.91,57.94,61.97,2.84,4,Male,Low Risk
96.95,71.54,75.88,68.91,3.87,1,Female,Low Risk
63.59,48.34,69.79,64.62,3.73,4,Male,High Risk
75.49,94.88,73.97,69.42,2.09,7,Female,Low Risk
58.77,95.72,59.85,75.03,2.05,5,Male,Medium Risk
90.31,81.01,75.04,58.67,2.75,8,Female,Medium Risk
94.42,41.06,57.5,69.68,3.62,4,Male,Medium Risk
92.56,72.22,87.2,69.27,3.97,7,Male,Medium Risk
71.67,77.75,79.7,64.3,2.3,4,Male,High Risk
87.93,99.68,53.93,99.92,3.19,7,Female,Medium Risk
54.88,99.76,94.48,53.68,2.76,2,Female,Medium Risk
52.01,91.46,80.82,82.15,3.94,7,Male,Medium Risk
87.66,43.83,65.81,58.72,3.68,6,Female,Low Risk
71.27,97.2,52.28,91.98,3.68,5,Female,Medium Risk
99.78,76.76,81.61,95.71,2.94,4,Female,Low Risk
54.86,88.05,68.67,70.07,2.83,7,Female,Medium Risk
92.78,64.43,95.38,91.17,2.55,7,Female,Low Risk
74.0,59.18,51.74,62.5,2.11,4,Female,Medium Risk
91.36,67.79,51.96,57.0,3.73,8,Female,Low Risk
90.86,48.81,97.46,65.79,3.63,5,Male,Low Risk
95.8,61.42,98.24,67.08,4.0,5,Male,Medium Risk
64.89,91.46,51.39,69.87,3.99,7,Female,Medium Risk
97.49,42.28,85.8,68.65,3.11,1,Male,High Risk
57.58,49.05,61.07,70.56,3.54,2,Male,Low Risk
54.1,47.51,85.07,85.5,3.89,5,Male,High Risk
71.58,64.18,93.44,62.28,3.7,5,Female,Medium Risk
91.42,99.82,55.04,50.93,2.49,3,Female,High Risk
73.67,50.4,61.94,74.48,2.9,6,Female,Medium Risk
91.46,48.73,51.2,72.41,2.26,5,Female,Medium Risk
86.48,94.9,52.19,53.0,3.91,2,Female,Low Risk
60.47,92.92,51.48,56.69,3.21,6,Male,Medium Risk
97.44,41.93,90.03,75.5,2.46,6,Female,Low Risk
53.04,85.1,64.91,61.74,3.34,4,Male,Medium Risk
94.91,79.33,74.66,93.88,3.24,4,Female,High Risk
65.22,86.06,89.39,58.66,2.72,4,Male,High Risk
75.01,69.67,74.75,51.01,2.23,4,Female,Low Risk
71.12,99.48,71.46,72.38,3.34,3,Female,High Risk
58.59,42.63,50.58,99.31,3.04,5,Female,Medium Risk
67.91,54.06,78.4,81.69,3.54,4,Female,High Risk
59.65,63.79,56.24,67.7,3.04,7,Female,Medium Risk
60.19,66.99,88.23,50.84,3.7,1,Female,Low Risk
59.35,95.28,62.89,74.25,3.1,4,Male,Medium Risk
74.45,73.6,83.71,60.32,3.12,5,Female,High Risk
89.9,42.71,82.31,82.39,3.75,4,Male,High Risk
78.45,64.47,80.83,79.15,2.81,3,Female,Medium Risk
94.66,64.99,63.35,63.26,2.27,2,Male,High Risk
81.83,97.93,63.35,53.44,2.06,2,Male,Medium Risk
84.47,75.95,93.15,87.75,3.51,5,Male,Medium Risk
83.38,78.14,50.64,79.27,3.24,7,Male,High Risk
72.47,82.8,59.08,92.11,3.41,2,Male,Medium Risk
84.47,86.2,80.51,62.99,2.43,8,Male,Medium Risk
53.49,78.1,90.85,82.64,2.27,2,Female,Medium Risk
92.99,54.23,67.92,55.93,2.03,1,Male,Medium Risk
88.89,92.44,82.67,64.59,2.7,5,Female,Medium Risk
62.26,83.93,77.86,82.83,3.18,7,Female,Medium Risk
88.4,84.51,53.23,91.28,2.78,5,Male,Low Risk
50.63,99.79,81.09,66.05,2.87,2,Male,High Risk
60.86,88.15,90.7,89.94,3.81,2,Female,Medium Risk
53.26,89.75,99.62,83.89,2.7,2,Male,Medium Risk
89.01,97.08,51.48,67.43,3.03,6,Male,High Risk
87.79,49.07,83.0,93.82,3.57,3,Male,Low Risk
90.68,69.86,70.73,75.46,2.79,4,Male,Medium Risk
50.22,74.83,50.49,82.41,3.24,8,Male,Medium Risk
75.06,59.76,80.72,74.78,3.72,3,Male,Low Risk
85.24,90.36,56.12,72.64,3.9,5,Male,Low Risk
57.77,85.75,68.93,92.4,2.29,8,Female,Low Risk
82.49,83.25,63.07,64.74,3.85,1,Male,Medium Risk
54.21,99.83,68.06,51.83,2.98,4,Female,Low Risk
59.07,55.56,74.63,93.99,2.52,1,Female,High Risk
73.79,84.13,67.96,91.25,2.92,7,Female,Medium Risk
82.68,73.08,77.64,68.33,3.96,6,Female,High Risk
57.29,58.78,61.93,59.27,2.99,5,Male,High Risk
59.26,49.64,81.77,83.78,2.66,6,Female,Medium Risk
60.22,93.75,92.69,53.94,3.27,5,Female,Low Risk
61.94,75.73,61.2,71.19,2.48,1,Female,Medium Risk
61.33,89.5,75.39,54.29,2.15,1,Female,Low Risk
69.76,72.72,82.43,79.9,2.26,1,Female,Medium Risk
82.69,53.2,78.23,51.36,2.26,5,Male,Medium Risk
71.9,60.25,68.28,81.46,2.3,2,Male,High Risk
88.8,62.89,82.11,83.66,2.28,1,Female,Medium Risk
85.96,98.38,51.41,74.36,3.28,6,Male,Medium Risk
56.33,40.34,68.5,58.75,2.36,7,Male,Medium Risk
52.44,99.14,76.63,55.07,2.69,4,Female,High Risk
93.9,98.83,51.03,65.66,3.79,5,Female,High Risk
53.99,99.77,75.38,73.26,2.95,8,Female,Medium Risk
57.42,68.6,82.71,82.11,3.34,6,Male,Medium Risk
51.11,97.83,87.96,50.06,2.34,3,Female,Medium Risk
81.42,63.74,55.67,85.55,2.38,7,Male,High Risk
79.12,41.58,99.53,85.64,2.08,3,Male,Medium Risk
99.35,53.46,80.31,72.23,2.34,4,Male,Low Risk
94.35,96.72,68.16,67.17,2.56,2,Female,Low Risk
70.54,40.83,62.45,92.12,2.35,1,Male,Low Risk
68.58,72.76,78.64,89.23,2.18,5,Female,High Risk
64.84,44.54,94.09,99.16,2.24,6,Female,Low Risk
57.62,57.18,76.03,68.6,2.92,8,Female,High Risk
56.9,45.29,83.07,95.34,2.41,1,Female,High Risk
56.61,91.57,67.88,54.37,2.73,6,Female,High Risk
55.71,75.46,69.41,70.57,3.01,5,Male,Low Risk
62.03,94.13,64.31,73.27,3.38,3,Male,Medium Risk
65.33,81.3,85.28,72.04,2.08,1,Male,Medium Risk
98.08,98.26,67.96,81.25,3.6,4,Male,Low Risk
78.92,70.59,59.54,58.51,3.26,2,Male,High Risk
99.38,78.32,68.47,93.32,2.16,4,Female,Medium Risk
68.62,74.58,92.69,77.59,3.75,2,Female,Medium Risk
72.88,69.06,86.91,95.21,3.84,7,Male,Medium Risk
66.23,90.76,66.73,50.13,2.12,6,Male,Low Risk
59.14,78.67,95.34,81.5,2.55,1,Male,High Risk
57.16,88.08,53.74,70.62,3.61,1,Female,Low Risk
97.25,87.18,52.49,75.25,3.5,7,Female,Medium Risk
99.34,51.46,56.37,87.19,2.37,2,Female,Low Risk
52.25,79.01,55.82,61.36,2.42,3,Male,Medium Risk
57.52,51.98,54.39,60.24,2.74,5,Male,Low Risk
71.18,75.0,83.07,85.15,2.97,4,Male,High Risk
59.32,80.65,80.04,76.07,3.24,7,Male,Low Risk
68.19,99.83,82.38,61.68,2.74,8,Female,Medium Risk
56.45,41.83,84.42,74.2,2.93,8,Male,High Risk
72.83,45.47,87.84,72.98,3.49,6,Male,High Risk
63.58,44.62,60.36,84.57,2.07,7,Male,Low Risk
67.6,63.9,81.12,50.13,2.5,4,Female,High Risk
54.72,89.3,79.0,79.34,3.43,4,Female,High Risk
71.41,90.64,97.18,80.28,3.79,6,Male,Low Risk
99.16,84.22,61.62,87.28,3.02,6,Female,Low Risk
66.44,93.81,52.94,94.46,3.06,1,Female,High Risk
93.82,59.37,82.67,72.01,2.21,4,Female,Medium Risk
92.16,45.29,87.01,67.13,2.89,5,Female,Medium Risk
97.6,43.49,64.16,55.12,3.07,8,Female,Low Risk
89.51,91.13,78.54,66.84,2.48,5,Male,Low Risk
82.98,83.83,52.98,53.42,2.54,2,Male,Low Risk
92.83,81.92,98.0,90.14,2.75,7,Male,High Risk
53.78,60.38,55.5,90.35,2.04,6,Female,Medium Risk
73.14,62.79,53.38,70.86,2.64,1,Female,High Risk
99.46,97.49,52.21,62.98,2.42,5,Female,High Risk
88.48,43.83,71.36,55.9,2.65,3,Female,Low Risk
98.1,86.42,54.86,92.56,2.24,8,Male,High Risk
88.98,58.58,87.23,93.87,3.78,1,Male,Medium Risk
93.74,42.34,94.94,63.31,3.19,1,Male,Low Risk
85.33,84.55,63.01,81.09,3.36,5,Male,Medium Risk
88.03,59.85,81.44,62.93,3.58,3,Male,High Risk
76.16,83.33,52.12,61.26,3.0,2,Male,Low Risk
96.21,82.46,69.33,51.06,2.17,5,Female,Low Risk
91.25,72.09,64.65,78.86,3.07,3,Female,Low Risk
92.19,86.64,61.43,57.5,3.17,1,Male,Medium Risk
83.65,74.86,82.24,50.62,3.49,8,Female,High Risk
65.23,57.2,56.51,55.24,2.86,3,Male,High Risk
51.78,84.05,93.04,65.69,2.26,1,Male,Low Risk
96.78,75.35,83.24,83.46,2.57,7,Female,High Risk
79.31,40.76,85.54,60.13,2.73,5,Male,Low Risk
64.91,94.1,96.77,94.38,3.29,6,Male,Medium Risk
57.46,72.74,97.12,64.42,3.14,5,Male,Medium Risk
91.48,92.12,77.58,66.56,2.71,7,Female,Low Risk
91.83,92.96,74.77,60.9,3.97,4,Female,Low Risk
90.73,66.7,66.77,62.69,3.21,4,Female,Medium Risk
82.25,70.46,85.78,53.71,2.47,4,Female,Low Risk
68.3,64.95,76.91,64.74,2.2,5,Male,Low Risk
65.2,66.97,96.64,92.98,2.31,2,Female,Low Risk
50.43,93.71,61.93,84.42,2.49,5,Female,Low Risk
91.68,87.29,65.51,93.76,2.32,8,Female,Low Risk
54.37,47.59,65.8,55.24,2.37,7,Male,Medium Risk
81.54,76.62,90.3,72.78,2.57,8,Female,High Risk
75.2,99.75,54.95,61.46,2.35,7,Female,High Risk
76.33,75.73,72.78,86.06,3.79,6,Male,High Risk
96.34,87.15,71.38,98.51,2.16,3,Male,High Risk
51.58,86.14,53.66,90.77,3.05,5,Male,Medium Risk
88.67,61.02,70.54,51.76,2.82,5,Male,High Risk
52.6,62.31,75.67,65.83,3.96,1,Female,Low Risk
51.91,83.44,53.26,51.43,2.22,7,Male,Low Risk
71.49,70.0,75.49,52.01,2.8,1,Female,High Risk
53.15,74.23,97.96,53.98,3.94,1,Female,High Risk
89.46,82.77,98.95,63.82,3.73,5,Female,Low Risk
76.48,86.65,76.58,65.21,3.63,2,Female,Low Risk
51.45,56.29,75.75,70.02,2.52,3,Female,Low Risk
52.03,48.81,64.28,70.25,2.34,3,Male,Low Risk
80.63,57.51,99.86,88.57,3.34,8,Female,Low Risk
90.31,70.45,63.71,57.07,3.86,7,Female,Medium Risk
71.89,60.53,72.65,57.89,3.11,6,Female,High Risk
77.73,74.1,50.15,81.33,3.14,7,Male,Low Risk
89.99,43.21,67.46,78.59,2.56,2,Female,High Risk
80.53,70.59,53.57,57.7,3.54,2,Female,Low Risk
61.24,62.08,87.19,92.61,2.37,3,Male,Medium Risk
80.65,72.08,78.05,66.45,2.65,4,Female,Low Risk
81.41,65.35,78.61,68.35,2.85,1,Female,High Risk
86.71,57.05,64.33,71.02,3.02,1,Male,Medium Risk
81.04,94.25,90.74,66.14,2.48,3,Female,Medium Risk
98.46,51.09,50.16,77.87,2.23,7,Female,Low Risk
59.86,80.88,66.68,69.43,3.22,2,Female,High Risk
97.55,95.48,82.97,62.97,2.58,7,Female,Low Risk
76.92,72.32,95.4,95.22,3.16,6,Female,Low Risk
83.6,92.58,61.73,65.42,2.31,4,Male,Low Risk
54.97,47.49,77.06,84.92,2.96,3,Male,Low Risk
69.03,69.63,76.9,67.36,3.07,1,Male,Medium Risk
88.47,67.42,93.71,71.76,2.1,5,Female,High Risk
85.35,40.49,52.53,61.8,2.67,7,Female,High Risk
52.01,66.6,71.22,87.62,2.27,2,Female,Low Risk
77.33,62.14,59.12,86.86,2.13,5,Male,Low Risk
54.41,80.19,51.08,51.11,3.98,6,Female,High Risk
99.79,96.3,57.35,53.01,2.64,3,Female,Medium Risk
94.86,45.15,98.82,96.12,3.62,7,Female,Medium Risk
51.05,59.65,60.74,94.44,2.51,1,Male,High Risk
92.93,66.64,96.75,75.3,3.36,7,Male,Medium Risk
95.97,67.31,60.26,74.67,3.52,4,Female,High Risk
67.68,86.49,96.56,90.62,3.19,8,Female,High Risk
85.98,66.6,82.73,56.92,2.94,5,Female,Medium Risk
72.11,41.63,55.66,82.68,2.82,4,Male,Medium Risk
82.76,82.61,79.1,73.8,2.7,6,Male,High Risk
67.02,93.09,65.93,87.17,3.86,1,Male,Medium Risk
66.13,70.83,69.16,51.51,3.66,5,Female,High Risk
71.22,74.87,72.01,79.64,3.93,6,Male,High Risk
57.28,49.78,71.14,77.84,2.25,4,Female,High Risk
91.56,53.24,83.21,92.04,3.46,4,Female,High Risk
67.43,54.11,88.42,83.84,3.88,8,Male,High Risk
70.01,65.84,66.46,94.01,2.36,5,Female,Low Risk
94.7,95.69,96.22,94.36,2.13,1,Male,Medium Risk
74.83,71.31,96.92,70.41,3.48,4,Female,High Risk
77.21,51.53,52.03,56.87,3.15,3,Female,High Risk
97.82,55.97,50.75,81.51,3.68,8,Male,High Risk
94.34,63.04,71.25,93.69,2.28,6,Female,Low Risk
58.47,77.4,79.53,53.75,3.59,5,Female,Medium Risk
73.66,66.4,63.9,77.9,2.4,2,Female,High Risk
98.56,63.55,62.97,55.75,2.33,2,Female,Medium Risk
68.62,73.88,83.92,51.35,2.33,1,Female,Medium Risk
68.58,54.51,80.09,83.98,3.63,3,Female,High Risk
59.75,44.73,58.36,84.09,3.33,4,Female,Medium Risk
55.72,41.46,94.23,80.03,3.05,2,Female,Medium Risk
87.02,55.08,84.0,92.96,2.72,1,Male,High Risk
88.5,45.5,68.13,54.04,3.75,6,Male,Low Risk
98.45,60.18,84.18,55.26,2.78,8,Female,Low Risk
88.67,86.38,55.63,93.23,3.63,3,Female,Medium Risk
62.17,82.98,73.41,75.16,2.88,3,Male,Medium Risk
52.01,76.66,58.45,63.65,2.75,7,Female,Medium Risk
99.27,91.15,52.07,86.91,2.93,1,Male,Medium Risk
67.02,56.92,66.92,94.72,2.6,1,Male,Low Risk
65.6,93.1,57.54,84.48,3.5,7,Male,Medium Risk
95.3,63.95,81.68,89.6,3.01,8,Female,High Risk
79.25,64.05,83.7,64.12,2.46,4,Female,Medium Risk
60.74,64.32,57.43,64.44,3.8,1,Female,Low Risk
94.45,45.89,51.23,93.21,2.77,7,Male,Medium Risk
99.67,98.53,89.64,80.74,3.09,4,Male,Low Risk
54.33,48.31,50.1,61.71,3.81,8,Male,Low Risk
93.11,60.45,67.2,76.21,3.25,4,Female,High Risk
69.53,59.16,74.73,84.29,2.23,5,Male,Low Risk
76.2,44.48,90.93,60.93,3.88,3,Male,Medium Risk
95.74,49.14,91.93,82.75,3.26,6,Female,Low Risk
98.67,42.69,86.25,52.11,2.67,3,Male,Low Risk
63.11,57.54,62.36,65.18,2.28,3,Male,Medium Risk
60.64,92.0,86.01,83.7,3.59,5,Female,Medium Risk
54.03,60.37,62.33,57.47,3.24,4,Female,Low Risk
78.09,47.42,60.73,61.11,3.07,4,Male,High Risk
50.68,78.74,77.36,93.95,3.79,1,Female,High Risk
70.59,99.8,83.94,83.72,3.58,5,Male,Medium Risk
53.67,53.94,52.65,74.95,2.3,1,Female,Low Risk
70.26,56.77,53.0,60.54,2.62,5,Male,Low Risk
52.0,98.31,89.21,67.07,2.5,1,Female,High Risk
91.76,50.73,92.97,78.72,3.49,2,Male,Low Risk
60.49,70.67,80.22,57.77,2.07,7,Female,High Risk
66.42,54.38,71.44,74.09,3.14,3,Female,Low Risk
93.5,95.94,92.27,70.45,3.52,3,Female,Medium Risk
87.31,98.89,86.44,73.83,3.75,8,Female,High Risk
60.95,88.88,78.98,55.28,2.68,6,Female,High Risk
53.59,58.89,65.99,55.32,3.64,7,Female,High Risk
85.78,64.21,59.9,98.21,2.22,4,Female,High Risk
69.54,54.54,70.93,98.97,3.69,6,Male,Low Risk
88.3,93.45,64.34,71.31,2.25,2,Male,High Risk
72.26,94.87,66.96,89.45,2.79,8,Female,Low Risk
67.3,65.13,75.78,82.79,3.59,6,Female,Medium Risk
72.56,79.39,58.45,55.85,2.3,8,Male,Low Risk
87.43,49.93,90.31,64.83,2.46,3,Male,High Risk
95.11,66.1,57.28,65.68,3.44,4,Female,Low Risk
52.49,77.89,74.05,79.79,3.44,2,Male,Low Risk
76.21,63.12,87.3,79.0,3.28,3,Male,Low Risk
51.64,61.46,74.25,96.18,3.39,7,Female,Low Risk
73.42,40.06,68.05,89.5,3.09,1,Female,High Risk
94.26,88.26,73.74,92.84,2.5,5,Female,High Risk
68.08,93.36,92.43,94.56,2.69,2,Male,Low Risk
96.62,98.17,99.52,90.06,2.36,4,Female,Low Risk
81.53,83.16,81.56,66.64,3.82,8,Female,Medium Risk
96.71,72.93,89.67,60.75,3.17,6,Male,Medium Risk
87.86,56.16,50.72,78.59,2.8,7,Female,Medium Risk
55.17,99.96,94.02,84.48,2.92,6,Male,High Risk
61.56,75.39,97.7,69.33,3.89,2,Male,High Risk
69.71,80.87,78.76,92.42,2.31,7,Male,Medium Risk
58.51,80.94,87.69,98.03,3.17,4,Male,High Risk
74.75,90.72,75.64,78.47,3.01,2,Male,Medium Risk
73.57,40.58,64.31,72.83,3.22,4,Male,Low Risk
97.81,53.21,92.61,92.14,2.04,6,Female,Low Risk
71.69,79.93,79.84,51.21,3.74,3,Female,Low Risk
89.28,93.71,78.97,56.45,3.86,7,Female,Low Risk
97.1,81.12,82.96,92.28,3.13,1,Male,Medium Risk
93.85,64.81,92.8,86.6,3.39,3,Female,Low Risk
60.43,61.69,86.6,70.81,3.84,1,Male,Low Risk
74.8,84.28,60.56,94.44,3.41,6,Female,Low Risk
67.39,84.47,73.34,67.57,2.31,8,Male,Low Risk
69.99,76.42,99.01,81.69,3.15,7,Female,High Risk
68.04,57.49,77.73,81.72,3.21,3,Male,High Risk
91.32,95.51,96.91,59.22,2.85,3,Female,High Risk
72.61,73.11,90.67,64.24,3.47,2,Male,Low Risk
76.18,87.43,83.3,95.8,3.87,5,Female,Medium Risk
99.12,52.86,67.47,59.17,3.85,6,Male,Low Risk
53.0,60.64,65.22,58.68,2.9,4,Female,Medium Risk
74.4,92.47,82.17,73.98,2.23,6,Female,Medium Risk
88.7,43.01,71.63,54.61,3.97,4,Female,High Risk
57.56,70.74,89.94,94.73,3.68,7,Male,High Risk
80.58,68.9,88.02,55.01,2.25,4,Male,Medium Risk
61.97,85.07,65.61,80.83,3.84,8,Male,Medium Risk
93.37,56.91,85.14,66.99,3.74,1,Male,High Risk
66.35,53.14,74.73,90.21,3.04,4,Male,Low Risk
66.45,95.57,66.16,79.49,3.18,4,Female,Medium Risk
79.91,74.3,70.65,69.42,2.8,2,Male,Low Risk
59.18,46.28,94.77,99.19,2.11,3,Female,High Risk
64.24,51.58,67.98,53.31,2.67,6,Female,Low Risk
70.83,99.93,64.37,78.89,3.61,6,Male,High Risk
67.68,51.74,67.59,99.48,2.01,7,Female,Low Risk
76.24,76.63,60.73,84.55,2.67,7,Male,Medium Risk
79.98,65.21,77.23,86.99,2.8,8,Male,Medium Risk
78.33,93.14,57.37,51.6,3.07,4,Male,Low Risk
82.71,85.31,90.87,51.07,3.84,5,Female,High Risk
65.39,75.82,61.28,51.81,2.69,6,Male,High Risk
56.32,40.64,79.9,99.59,2.69,7,Male,Low Risk
88.04,92.79,56.25,98.98,3.48,4,Male,Medium Risk
92.54,66.68,98.92,66.73,2.9,7,Female,High Risk
62.85,95.89,72.73,64.55,2.45,8,Male,Medium Risk
70.35,69.73,91.11,57.3,2.9,1,Female,High Risk
74.93,81.65,88.43,66.46,2.28,1,Female,High Risk
76.67,44.16,85.68,68.51,2.35,7,Male,Medium Risk
82.97,84.71,91.37,87.41,3.0,1,Female,Low Risk
52.08,60.28,55.02,93.31,2.84,7,Female,Medium Risk
86.07,61.08,83.92,87.34,3.83,4,Male,Medium Risk
53.1,47.12,63.29,82.32,2.72,2,Male,Low Risk
73.41,48.81,89.29,88.3,3.16,5,Male,High Risk
91.38,51.15,97.84,86.92,3.26,4,Female,Low Risk
72.56,59.69,95.07,73.79,2.03,2,Male,Low Risk
57.45,93.52,55.75,66.79,3.33,2,Female,High Risk
99.25,62.1,68.48,64.14,2.36,6,Female,Medium Risk
94.46,83.46,68.22,83.97,3.92,4,Female,Low Risk
88.57,44.96,56.11,97.97,2.3,4,Female,Low Risk
70.58,75.47,54.91,79.05,2.83,7,Female,High Risk
59.19,68.91,69.24,95.63,2.17,2,Male,High Risk
97.07,98.68,99.6,50.71,3.99,2,Male,High Risk
76.62,90.77,78.45,89.72,3.0,2,Female,Medium Risk
92.62,67.29,81.09,92.68,3.19,7,Female,Medium Risk
67.1,86.51,73.55,81.55,2.13,6,Male,Medium Risk
66.76,51.58,83.12,96.7,3.5,4,Male,Low Risk
99.28,73.74,97.83,79.5,2.42,2,Female,High Risk
76.09,44.48,79.43,62.03,3.8,1,Female,Low Risk
57.03,60.89,53.25,60.79,2.41,4,Male,High Risk
60.98,53.55,74.64,77.79,2.38,7,Male,High Risk
74.1,83.13,99.64,95.32,2.07,6,Female,Medium Risk
52.12,69.41,69.37,53.62,2.94,1,Male,High Risk
73.13,85.06,79.69,80.22,3.13,7,Male,Medium Risk
70.95,70.92,55.33,88.49,2.13,3,Female,Low Risk
88.97,45.19,57.06,55.77,3.55,4,Female,High Risk
67.75,84.12,93.73,55.84,2.91,3,Female,Low Risk
99.13,89.99,65.02,68.31,3.05,7,Male,High Risk
59.04,94.21,65.27,63.69,2.88,7,Female,High Risk
79.55,74.32,69.36,59.92,2.8,7,Male,Medium Risk
54.48,85.22,98.32,59.93,3.12,2,Female,Low Risk
86.69,85.12,54.22,56.53,2.31,6,Female,Medium Risk
99.74,49.34,90.94,80.54,2.36,2,Male,Medium Risk
90.96,49.85,67.08,84.41,3.72,6,Male,Low Risk
77.79,44.25,92.47,85.15,3.89,5,Female,Low Risk
74.24,59.19,99.59,76.62,2.75,2,Female,High Risk
91.75,68.41,67.43,97.65,2.54,3,Male,Low Risk
96.8,99.87,56.47,94.03,3.29,6,Female,Medium Risk
99.46,65.86,57.22,97.88,2.82,2,Male,Low Risk
69.83,83.57,87.94,69.44,2.05,4,Male,Medium Risk
99.55,81.6,57.25,93.89,2.31,7,Female,High Risk
57.8,52.27,63.02,88.14,3.43,6,Male,Medium Risk
62.68,43.51,60.22,67.0,3.32,6,Male,Medium Risk
54.45,72.76,67.78,55.33,2.05,2,Male,Medium Risk
63.59,82.02,53.72,84.13,2.44,5,Female,Low Risk
88.4,99.9,92.84,56.82,2.46,2,Male,Low Risk
92.65,61.52,93.01,64.69,3.34,8,Female,Medium Risk
88.94,93.78,70.65,75.02,2.04,3,Female,Medium Risk
81.55,62.92,80.6,83.99,2.21,3,Female,Medium Risk
75.7,81.36,82.1,96.31,3.6,6,Male,Medium Risk
85.44,75.9,87.46,79.66,2.36,6,Male,Low Risk
69.54,43.18,76.03,83.57,3.31,2,Female,Medium Risk
92.07,44.7,75.52,65.5,2.48,3,Female,High Risk
83.86,41.25,81.57,84.36,2.2,3,Male,Medium Risk
84.89,62.25,85.15,71.89,2.49,5,Female,Medium Risk
76.8,84.75,67.33,92.85,3.44,4,Female,Medium Risk
94.26,50.37,66.52,69.62,3.71,5,Male,Medium Risk
62.6,76.35,63.49,73.41,3.66,8,Female,High Risk
69.06,57.33,77.44,71.63,2.79,1,Male,High Risk
88.88,87.82,68.01,90.56,3.34,7,Male,Medium Risk
74.64,87.9,77.02,97.68,2.41,5,Female,Medium Risk
94.46,86.52,70.3,66.36,2.59,8,Male,High Risk
67.32,71.49,91.84,73.75,3.79,2,Male,Low Risk
68.47,57.07,53.66,85.3,2.03,4,Male,Medium Risk
94.44,88.57,78.61,94.77,2.17,2,Female,Low Risk
73.22,51.17,78.78,74.69,2.42,7,Female,High Risk
75.81,57.39,69.19,55.44,2.05,8,Female,High Risk
66.64,51.04,71.05,68.43,2.36,1,Male,Medium Risk
63.83,80.45,90.01,77.52,3.17,4,Male,High Risk
82.8,81.17,64.03,70.88,2.84,6,Female,Low Risk
55.99,79.15,93.57,59.33,3.79,3,Female,High Risk
93.96,64.94,94.82,51.85,3.63,5,Male,Medium Risk
88.96,46.01,82.53,84.37,2.68,8,Female,Low Risk
59.54,94.67,88.64,99.64,2.52,2,Female,Medium Risk
84.7,70.46,80.65,95.96,2.76,1,Female,High Risk
80.13,64.42,76.26,84.16,3.18,3,Female,High Risk
59.23,75.33,98.33,92.08,2.54,5,Female,Medium Risk
63.66,51.57,64.13,62.79,3.25,3,Male,High Risk
70.45,47.95,57.71,81.12,2.82,5,Female,Medium Risk
84.96,64.33,64.37,53.03,3.1,8,Female,Low Risk
81.94,53.63,80.73,85.36,2.87,6,Male,Low Risk
76.61,54.66,59.26,98.49,2.59,4,Male,High Risk
88.42,93.55,95.44,93.04,3.9,8,Male,High Risk
87.9,71.85,70.55,76.72,3.53,3,Male,High Risk
80.89,69.01,92.5,89.44,2.28,3,Female,Medium Risk
89.35,81.37,62.46,97.19,3.74,3,Female,Medium Risk
66.71,97.09,65.66,60.8,2.97,4,Female,Low Risk
94.06,46.73,52.96,89.66,3.79,1,Female,Low Risk
80.75,90.01,62.89,63.49,3.6,5,Male,High Risk
91.12,75.04,74.52,93.85,2.85,8,Male,Medium Risk
77.31,48.77,97.31,54.92,2.04,8,Female,High Risk
60.92,57.83,69.45,58.91,2.54,6,Female,High Risk
77.12,68.94,81.99,86.03,3.08,3,Female,High Risk
68.56,81.47,71.39,58.74,3.27,7,Female,High Risk
84.87,54.56,52.34,57.9,2.52,8,Male,Medium Risk
73.79,72.09,75.18,77.77,2.28,4,Female,Medium Risk
91.81,81.08,53.3,91.75,3.67,1,Male,High Risk
83.9,66.92,94.18,63.42,3.97,8,Male,Low Risk
84.23,91.78,87.65,92.06,3.05,5,Male,Medium Risk
60.86,92.17,68.93,90.4,2.34,4,Male,High Risk
99.21,68.24,82.01,78.96,2.54,6,Female,High Risk
92.08,98.38,55.6,82.33,2.04,6,Female,Medium Risk
89.45,44.54,85.13,52.02,3.83,5,Female,Low Risk
66.51,40.2,91.14,68.36,2.24,3,Female,Medium Risk
76.78,62.84,91.09,63.17,3.15,6,Male,Low Risk
56.86,76.07,64.21,57.5,2.55,1,Male,Medium Risk
76.92,77.75,63.19,69.48,3.11,4,Male,Medium Risk
57.29,68.59,76.07,67.75,3.3,8,Female,Medium Risk
77.65,47.49,98.39,86.44,3.66,1,Male,Low Risk
82.44,50.23,96.03,79.9,2.41,3,Male,Medium Risk
69.51,91.13,67.98,95.66,2.02,1,Male,Low Risk
74.93,92.07,88.99,57.27,2.27,1,Male,High Risk
93.78,80.43,96.07,52.99,3.8,2,Female,Medium Risk
55.43,79.85,63.05,76.73,3.75,1,Male,Medium Risk
89.59,75.86,91.51,50.05,3.19,5,Male,Medium Risk
58.54,52.18,63.39,89.39,3.2,4,Female,High Risk
51.84,65.7,67.16,75.3,3.33,2,Female,Medium Risk
59.28,81.75,59.94,74.4,2.35,4,Female,Medium Risk
88.25,72.24,75.35,68.12,3.83,4,Male,Low Risk
70.26,41.11,92.17,68.75,2.84,3,Male,Low Risk
93.63,97.21,76.4,71.56,2.77,3,Male,Low Risk
76.24,90.69,56.17,50.8,3.04,2,Male,Medium Risk
51.11,55.63,62.59,54.18,2.09,6,Female,Low Risk
85.84,76.99,78.14,75.25,2.33,7,Male,Low Risk
55.51,95.39,79.16,57.51,3.48,3,Male,High Risk
89.47,45.76,78.85,88.94,2.17,7,Female,High Risk
58.41,70.18,53.85,63.72,3.21,3,Female,High Risk
67.27,67.37,87.68,54.89,2.49,3,Female,Medium Risk
88.06,64.61,95.47,61.76,2.78,4,Male,Low Risk
97.71,90.14,75.53,67.85,2.58,2,Male,Low Risk
68.57,62.84,85.94,51.77,2.71,4,Male,Low Risk
91.47,43.82,95.7,57.08,3.44,8,Male,High Risk
59.54,43.95,82.13,66.19,2.59,5,Male,Medium Risk
90.36,42.56,83.72,65.52,3.13,4,Female,High Risk
82.87,64.55,86.07,90.02,2.95,7,Female,High Risk
59.64,83.1,63.03,92.16,3.33,7,Male,Low Risk
65.13,52.22,79.13,59.67,3.87,5,Male,High Risk
56.59,78.79,92.11,56.2,3.47,1,Male,Low Risk
69.15,81.23,64.81,81.71,2.43,1,Male,Medium Risk
60.18,55.31,94.86,90.23,2.06,5,Male,Low Risk
82.2,76.03,81.02,98.19,2.52,5,Female,High Risk
99.73,81.09,71.16,50.34,3.19,4,Female,Low Risk
50.6,68.0,81.16,70.68,2.1,5,Female,Low Risk
77.05,60.2,70.09,86.7,2.99,8,Male,Low Risk
78.68,77.15,91.9,91.43,3.19,2,Male,Low Risk
95.71,98.67,74.12,53.11,2.67,1,Female,Medium Risk
75.3,65.61,95.06,84.03,3.54,1,Female,Medium Risk
77.19,63.5,75.49,64.45,2.21,8,Male,Low Risk
73.58,67.86,83.02,53.73,2.15,6,Female,Low Risk
63.45,44.57,99.89,74.46,3.46,8,Female,Medium Risk
52.8,73.19,57.35,57.91,2.99,8,Male,Low Risk
70.43,59.72,86.84,86.85,3.38,5,Female,Medium Risk
52.63,47.29,56.94,87.06,2.87,3,Female,High Risk
77.52,67.98,91.94,92.1,2.49,3,Female,Medium Risk
65.36,40.2,79.82,68.88,3.64,8,Male,High Risk
76.68,64.11,96.91,50.67,3.6,5,Female,Medium Risk
56.71,46.34,93.3,62.99,3.39,2,Female,High Risk
96.63,41.46,53.74,73.39,2.54,3,Female,Medium Risk
94.73,89.47,56.87,84.7,3.18,6,Male,Low Risk
59.5,94.97,80.06,69.1,2.72,7,Male,Medium Risk
67.17,52.46,75.92,76.8,2.18,5,Female,High Risk
80.67,72.36,58.43,76.21,3.83,8,Male,Medium Risk
54.78,56.68,56.47,58.25,2.27,2,Female,High Risk
67.73,69.61,78.2,81.15,3.9,2,Male,Medium Risk
62.56,66.2,52.45,71.96,2.89,4,Male,Medium Risk
95.78,56.14,93.69,90.4,2.37,2,Female,Low Risk
92.63,82.02,90.35,84.53,3.08,3,Female,High Risk
78.99,47.59,89.27,55.57,3.75,8,Female,Low Risk
76.02,43.18,50.8,74.44,3.46,7,Male,Low Risk
96.54,86.06,52.38,85.12,3.61,3,Female,Low Risk
96.62,79.96,77.49,54.35,3.32,5,Male,High Risk
98.47,69.91,99.72,89.62,3.38,7,Male,Medium Risk
56.27,68.07,67.12,61.1,3.7,5,Female,High Risk
58.03,69.84,67.22,75.15,2.5,2,Male,Medium Risk
83.84,66.22,56.71,97.03,2.98,6,Female,High Risk
77.07,63.57,83.72,78.57,2.44,1,Male,Low Risk
50.92,69.98,82.33,71.2,3.98,7,Female,High Risk
53.1,71.71,55.07,50.34,3.89,8,Male,Medium Risk
94.4,81.51,73.37,56.67,2.08,4,Male,Medium Risk
93.44,82.67,83.35,78.93,3.41,1,Female,Low Risk
67.86,62.66,74.68,74.69,3.85,2,Male,Medium Risk
94.55,64.81,83.72,68.19,2.36,2,Female,High Risk
79.68,62.42,90.81,96.16,3.14,8,Male,High Risk
90.3,72.19,84.29,66.62,3.83,1,Male,High Risk
71.37,67.2,80.81,76.86,2.07,4,Male,Low Risk
55.67,93.38,92.68,78.44,3.39,7,Female,Low Risk
71.69,81.78,95.03,76.37,2.59,7,Female,Medium Risk
72.86,93.92,69.44,73.88,3.85,1,Female,High Risk
77.55,82.55,58.66,66.85,3.94,5,Female,Low Risk
55.28,98.26,90.89,95.44,3.89,3,Female,Medium Risk
99.57,78.14,60.69,72.54,2.95,6,Male,Low Risk
62.21,97.81,96.45,76.42,3.72,5,Male,Medium Risk
59.93,49.49,51.14,82.82,3.69,7,Female,High Risk
76.34,43.15,96.06,53.38,2.64,3,Male,Medium Risk
76.86,74.75,79.46,89.06,3.66,6,Male,High Risk
71.99,99.01,88.74,75.63,2.07,6,Male,Low Risk
88.59,65.06,69.92,82.86,3.19,6,Male,Low Risk
75.83,52.72,99.59,88.6,2.46,2,Female,High Risk
80.48,71.29,61.38,93.7,2.24,8,Male,High Risk
86.19,78.93,63.22,69.61,2.15,6,Female,High Risk
51.25,58.91,52.57,90.57,3.39,4,Female,Low Risk
78.53,82.89,97.02,62.94,2.68,1,Male,High Risk
94.21,98.51,72.8,83.02,3.45,7,Female,Medium Risk
50.87,93.82,83.74,55.14,2.13,4,Male,High Risk
70.26,57.5,84.37,51.0,2.63,1,Male,Medium Risk
96.31,59.6,93.73,54.79,3.08,5,Male,Low Risk
67.66,62.29,83.25,65.97,3.58,8,Female,Low Risk
72.94,63.67,78.1,51.55,2.64,5,Female,High Risk
99.08,46.02,85.52,81.52,3.25,1,Female,Low Risk
59.97,85.72,87.55,65.83,3.77,4,Male,Medium Risk
53.26,61.92,59.3,86.82,3.23,1,Male,Low Risk
92.97,92.79,55.48,52.3,2.47,6,Male,High Risk
93.42,95.62,53.74,60.84,2.05,2,Female,High Risk
73.6,41.47,68.7,70.4,3.74,7,Male,Medium Risk
75.71,99.31,74.9,69.13,2.04,5,Male,High Risk
91.79,82.6,80.78,56.55,3.75,7,Female,High Risk
86.93,71.22,97.9,99.71,3.06,2,Female,Low Risk
63.26,63.37,66.54,64.22,3.88,6,Female,Low Risk
50.84,71.11,88.04,86.05,3.6,6,Male,Medium Risk
73.99,59.48,76.57,61.0,4.0,5,Male,Low Risk
92.95,77.36,61.0,93.89,2.7,5,Male,Medium Risk
94.79,45.58,80.77,69.39,3.53,6,Female,Medium Risk
97.81,77.27,98.36,95.05,2.8,3,Female,Medium Risk
93.98,56.52,56.22,67.09,2.96,7,Female,Medium Risk
79.0,41.06,75.36,50.43,3.26,8,Female,High Risk
72.23,73.16,52.58,75.85,3.75,2,Male,High Risk
88.74,74.71,66.06,76.24,3.97,7,Male,Medium Risk
86.99,65.59,81.03,55.99,3.54,2,Male,Medium Risk
76.91,44.34,92.05,61.75,2.84,3,Male,Low Risk
54.37,93.6,86.52,89.17,2.84,8,Male,Medium Risk
96.3,76.69,73.14,51.84,3.48,4,Male,High Risk
72.78,46.94,95.46,74.48,2.48,2,Male,High Risk
68.17,70.66,65.14,76.52,2.22,7,Male,High Risk
81.48,69.84,87.7,84.44,2.71,1,Female,Low Risk
83.69,43.62,73.7,51.87,2.57,8,Female,Medium Risk
60.53,76.41,94.93,79.28,2.59,6,Male,Low Risk
91.85,88.5,89.87,50.15,2.47,6,Female,Medium Risk
64.5,84.94,95.07,63.26,2.08,3,Male,Low Risk
59.33,52.18,60.71,74.98,2.04,2,Male,Low Risk
70.32,91.74,83.41,95.56,3.98,4,Female,Low Risk
86.53,60.55,86.92,56.33,2.86,2,Male,Low Risk
98.27,96.79,87.12,58.46,2.77,6,Male,Medium Risk
90.46,44.3,75.2,83.46,3.36,5,Male,Low Risk
97.02,69.17,50.56,68.74,2.44,1,Male,Low Risk
57.03,75.83,63.07,81.17,3.9,8,Male,Low Risk
53.56,54.86,66.17,99.87,3.57,3,Male,Medium Risk
77.89,86.28,92.6,99.34,2.18,5,Male,Low Risk
64.51,77.61,92.04,67.69,2.84,7,Female,Medium Risk
91.4,41.09,55.23,75.2,3.76,4,Female,High Risk
83.6,76.5,97.49,95.23,3.89,5,Male,Medium Risk
98.54,69.49,59.12,54.61,2.93,7,Female,Low Risk
62.74,51.76,70.72,72.62,3.23,5,Male,High Risk
74.29,99.74,60.76,68.88,2.33,4,Male,Medium Risk
75.06,93.83,93.02,64.74,3.98,8,Male,Medium Risk
61.96,57.55,87.47,99.71,2.46,5,Male,Medium Risk
79.5,72.46,67.68,86.68,3.89,3,Female,Low Risk
72.16,58.99,84.09,69.44,3.3,6,Female,Low Risk
72.34,86.53,59.22,91.45,3.22,2,Female,Medium Risk
68.14,95.82,69.11,74.48,3.03,5,Female,High Risk
50.85,61.53,68.86,93.64,2.46,3,Male,Medium Risk
76.1,88.34,61.9,63.32,2.35,2,Female,Medium Risk
66.76,69.9,93.82,61.18,2.44,8,Male,Medium Risk
50.07,63.79,83.94,62.36,2.37,7,Male,High Risk
65.4,96.31,64.0,76.92,3.56,2,Female,Medium Risk
63.93,70.62,62.11,64.57,2.7,7,Male,High Risk
69.67,68.04,50.9,57.36,2.12,5,Female,Medium Risk
56.59,80.35,67.33,99.73,3.94,3,Female,High Risk
75.38,55.67,76.34,95.02,3.77,6,Female,Medium Risk
84.62,59.49,63.89,81.75,3.86,5,Female,High Risk
81.51,95.92,85.02,94.58,3.99,7,Female,Low Risk
90.19,80.71,70.59,96.77,2.35,4,Male,Medium Risk
72.6,89.6,65.82,83.81,2.79,2,Female,High Risk
75.95,56.27,96.95,75.93,3.52,5,Female,Medium Risk
90.52,72.63,63.14,94.1,3.39,7,Male,Low Risk
71.39,98.28,69.91,78.39,2.31,8,Female,Low Risk
85.08,59.12,69.11,56.34,3.63,2,Female,Low Risk
71.73,49.63,62.06,68.34,2.45,8,Male,High Risk
70.89,70.65,60.87,72.3,2.45,7,Male,Medium Risk
88.01,63.27,65.12,96.77,3.07,3,Female,Low Risk
58.74,49.57,93.21,82.96,3.19,1,Male,Medium Risk
66.93,93.31,88.35,93.76,3.16,8,Female,Low Risk
61.21,99.44,84.05,87.88,2.18,5,Male,High Risk
67.96,74.11,72.86,65.49,3.75,6,Female,High Risk
61.52,86.48,75.39,85.94,2.53,5,Female,Low Risk
78.97,91.54,63.36,59.76,2.26,2,Female,Medium Risk
89.91,82.06,53.72,70.41,3.78,3,Male,High Risk
89.33,42.65,66.55,90.3,3.91,7,Female,Medium Risk
68.23,49.46,74.78,80.6,3.72,4,Male,Low Risk
99.44,44.26,52.87,91.27,3.62,6,Female,High Risk
79.69,40.59,54.41,62.74,3.31,3,Female,High Risk
69.97,58.36,63.15,87.49,3.1,8,Female,High Risk
91.78,63.54,68.35,60.12,2.17,8,Female,Low Risk
86.49,54.46,69.67,77.27,2.82,5,Female,Low Risk
87.46,43.88,55.89,71.68,2.75,4,Male,Medium Risk
59.81,71.79,61.29,77.82,2.52,3,Male,Medium Risk
73.42,56.4,63.08,56.78,3.45,1,Male,High Risk
93.09,87.76,53.38,68.06,2.99,6,Female,High Risk
75.2,40.48,66.3,83.35,2.16,2,Female,Low Risk
84.17,90.55,53.61,77.93,2.44,3,Male,High Risk
79.4,97.29,85.17,77.45,3.37,3,Female,Medium Risk
92.12,82.97,69.3,75.54,2.15,1,Female,Medium Risk
64.23,84.02,66.34,97.19,3.7,5,Female,High Risk
78.77,96.01,56.33,96.73,2.99,7,Male,Medium Risk
56.16,52.54,61.33,68.01,2.96,7,Male,Medium Risk
84.51,99.67,61.64,67.59,3.18,6,Male,Low Risk
86.6,86.41,99.26,77.74,3.65,6,Male,High Risk
52.14,83.59,91.77,54.78,2.7,2,Male,High Risk
83.79,61.67,50.76,65.15,3.36,3,Female,Medium Risk
70.73,72.75,80.84,61.54,3.13,4,Female,Low Risk
56.2,79.24,62.8,61.17,2.53,3,Female,High Risk
71.0,77.22,55.22,81.93,3.76,7,Female,Low Risk
59.71,82.3,85.28,69.22,3.59,2,Male,Low Risk
70.78,44.94,56.58,58.56,3.32,3,Male,Low Risk
69.22,61.34,72.19,94.38,3.7,1,Female,High Risk
86.92,66.04,81.61,93.71,3.73,7,Male,High Risk
88.71,55.64,77.72,93.12,3.42,3,Female,High Risk
80.35,50.36,98.88,69.54,3.67,3,Female,Medium Risk
51.13,48.34,89.29,52.85,3.39,7,Female,Low Risk
96.55,61.98,88.71,55.34,3.36,4,Female,High Risk
84.31,69.61,67.78,63.8,3.24,7,Male,Medium Risk
51.71,43.78,50.42,61.0,3.51,1,Female,High Risk
90.94,96.79,86.72,93.7,2.32,1,Male,Low Risk
60.01,85.91,99.99,99.32,3.76,3,Female,High Risk
78.96,83.85,70.29,90.83,3.74,6,Female,High Risk
73.33,50.37,99.28,86.49,2.06,4,Female,Medium Risk
70.99,76.23,57.09,79.43,3.65,3,Female,Low Risk
94.49,71.78,64.83,88.5,2.26,7,Male,High Risk
71.87,98.95,58.54,97.35,2.67,3,Female,High Risk
53.77,84.86,73.76,80.07,3.49,2,Male,High Risk
97.33,74.55,89.85,57.73,2.32,2,Female,Low Risk
96.03,91.05,67.03,58.19,3.64,6,Female,Medium Risk
84.22,49.31,95.31,79.19,3.66,4,Female,Low Risk
73.39,40.91,77.24,66.67,3.01,5,Male,Medium Risk
54.64,81.41,73.27,95.51,2.01,8,Female,High Risk
89.54,45.9,89.35,80.58,2.57,2,Female,Medium Risk
53.77,46.93,55.07,83.82,3.23,5,Female,High Risk
53.43,84.68,88.69,50.29,3.96,1,Female,Medium Risk
76.87,56.23,62.15,74.94,3.26,2,Female,Medium Risk
58.01,77.72,64.04,71.56,2.52,2,Male,Medium Risk
50.39,95.04,79.97,85.29,3.27,4,Male,High Risk
71.16,58.99,95.1,69.13,3.08,6,Female,High Risk
56.86,53.03,78.92,98.83,3.56,5,Female,Low Risk
58.03,46.39,82.45,83.51,2.21,7,Male,Low Risk
53.85,47.83,88.83,83.0,3.52,2,Female,High Risk
60.25,43.73,62.97,95.97,3.08,2,Male,High Risk
85.77,45.26,91.36,99.76,3.93,4,Female,Low Risk
90.45,65.92,70.9,59.89,2.68,4,Female,Low Risk
72.63,59.25,58.78,90.53,3.27,6,Male,Low Risk
75.33,82.39,67.51,58.12,3.86,5,Female,High Risk
51.63,92.21,62.31,72.85,2.21,1,Male,Medium Risk
53.47,87.09,61.44,55.01,3.87,7,Male,High Risk
62.88,71.84,64.13,81.17,3.38,6,Male,Medium Risk
77.19,46.15,59.05,73.43,2.14,8,Female,High Risk
86.98,82.59,83.39,81.43,2.6,1,Male,High Risk
80.25,61.77,79.0,83.9,3.42,3,Male,High Risk
69.61,45.14,82.42,80.97,2.13,2,Female,Low Risk
55.92,90.55,67.19,64.7,3.16,5,Female,Medium Risk
89.04,60.29,88.49,91.85,2.69,6,Female,Medium Risk
68.19,53.09,56.48,77.58,3.24,2,Female,Low Risk
86.8,92.29,78.56,74.49,2.09,5,Female,Low Risk
75.65,94.13,63.77,99.35,3.74,5,Female,Medium Risk
86.93,60.34,76.38,64.18,3.95,5,Male,Low Risk
95.36,61.29,66.18,76.4,3.94,2,Female,Medium Risk
96.05,74.78,89.53,84.12,3.5,6,Male,High Risk
76.76,84.01,94.56,56.26,2.26,7,Female,Low Risk
75.58,43.79,87.13,67.71,3.52,4,Male,High Risk
63.28,75.6,58.78,90.08,2.05,2,Male,Medium Risk
96.79,97.17,63.74,61.84,2.04,8,Female,High Risk
72.9,55.73,95.97,74.66,2.65,5,Female,Medium Risk
56.38,94.53,71.86,81.53,2.98,6,Male,Medium Risk
71.64,97.01,97.06,83.56,3.54,7,Female,High Risk
56.35,56.15,69.62,86.42,3.37,3,Female,Medium Risk
75.13,85.25,97.59,93.3,2.89,8,Male,Low Risk
78.06,54.33,96.29,69.64,2.55,1,Male,High Risk
66.89,84.26,83.03,85.33,3.99,8,Male,Medium Risk
53.58,87.85,50.44,86.61,2.85,5,Female,High Risk
97.18,54.83,70.02,65.01,2.9,3,Female,Low Risk
88.67,82.95,95.56,98.41,2.33,4,Female,Low Risk
91.94,88.73,94.26,93.26,3.59,7,Female,Low Risk
68.34,61.51,59.37,64.49,3.39,7,Male,High Risk
88.04,50.06,69.96,83.75,2.44,5,Female,High Risk
74.27,45.52,91.78,85.89,2.16,8,Male,High Risk
60.05,74.52,78.89,71.57,3.36,8,Female,High Risk
56.22,98.69,92.36,93.19,3.31,7,Female,Medium Risk
67.25,89.38,91.33,84.51,2.55,3,Male,Low Risk
56.88,66.15,95.37,82.91,3.9,5,Female,Medium Risk
99.91,72.2,55.86,61.04,2.3,2,Female,Low Risk
52.46,56.77,57.26,70.39,2.86,6,Male,High Risk
72.06,49.78,54.14,71.7,3.89,3,Female,Low Risk
72.6,68.92,96.76,86.68,2.84,6,Male,High Risk
65.03,67.81,73.76,80.92,3.28,2,Male,Low Risk
78.57,71.32,53.22,54.29,2.8,2,Male,High Risk
57.5,97.17,66.08,65.38,2.55,6,Male,Low Risk
89.2,76.23,67.57,73.65,3.97,3,Female,High Risk
66.62,76.35,90.48,86.84,2.82,6,Female,High Risk
79.57,47.68,86.77,87.18,3.79,6,Female,Medium Risk
85.78,99.79,84.47,74.53,2.46,1,Male,Medium Risk
94.45,86.37,51.09,55.85,2.43,3,Female,Low Risk
91.79,92.63,95.53,64.65,2.06,8,Female,Low Risk
80.42,64.86,60.78,62.73,3.3,8,Female,Medium Risk
69.42,70.13,81.45,89.05,2.74,1,Female,Low Risk
75.16,71.33,53.09,59.0,3.73,5,Male,High Risk
88.44,51.65,54.08,73.25,2.95,7,Male,Medium Risk
93.88,81.37,50.48,83.54,3.94,8,Female,Medium Risk
55.19,94.18,78.3,98.24,2.37,6,Male,Low Risk
69.24,49.82,81.47,99.96,3.74,5,Female,Medium Risk
88.81,45.18,52.52,97.65,3.55,8,Female,Low Risk
71.58,84.29,64.52,85.91,3.54,3,Female,High Risk
66.61,56.39,92.57,87.32,3.69,6,Male,High Risk
70.57,77.43,55.07,87.96,3.52,7,Female,Medium Risk
80.14,81.75,60.83,93.13,3.25,5,Male,High Risk
99.99,59.31,71.22,97.59,2.26,8,Male,High Risk
74.65,88.91,92.11,72.29,2.07,8,Female,High Risk
60.42,73.0,62.74,70.83,3.84,4,Male,Low Risk
58.14,92.14,99.86,73.02,3.23,8,Male,High Risk
52.12,85.8,67.76,82.99,3.59,2,Female,Low Risk
77.94,92.11,69.32,88.77,2.96,6,Male,High Risk
77.23,41.21,56.11,93.53,2.23,7,Male,High Risk
60.26,54.61,84.01,72.81,2.25,2,Female,Medium Risk
84.77,45.4,62.17,68.17,3.37,1,Female,Medium Risk
87.06,66.52,81.44,99.17,2.86,5,Male,Medium Risk
62.95,93.4,61.16,61.59,2.4,8,Female,Medium Risk
67.2,68.05,69.39,61.1,2.98,1,Female,High Risk
99.52,90.98,92.83,85.77,2.13,7,Male,Medium Risk
68.71,59.63,86.95,58.98,3.16,6,Male,Medium Risk
88.04,60.37,57.73,69.97,2.54,2,Female,Medium Risk
72.64,93.73,80.39,64.62,3.6,2,Male,Low Risk
89.67,65.55,81.43,58.44,2.62,5,Female,Low Risk
88.45,87.39,54.53,78.99,2.91,6,Female,Medium Risk
83.39,54.2,73.29,68.68,2.02,8,Male,Low Risk
92.74,96.93,63.03,73.11,2.14,4,Male,Low Risk
96.96,74.47,73.36,59.79,2.78,4,Female,Medium Risk
79.0,85.56,88.85,88.39,2.96,5,Female,High Risk
61.87,45.37,57.91,65.74,3.2,6,Female,Low Risk
69.93,69.56,56.17,67.14,2.58,5,Female,High Risk
87.92,94.06,63.47,62.61,3.39,6,Male,High Risk
82.54,92.62,97.61,71.72,3.72,7,Female,High Risk
58.89,42.81,87.39,73.18,3.56,7,Male,Low Risk
52.56,58.22,50.97,76.48,2.08,1,Male,Low Risk
84.15,66.6,70.05,98.38,2.96,8,Female,Medium Risk
62.55,50.34,62.87,95.23,2.21,5,Male,Low Risk
74.98,83.8,81.91,80.47,2.48,8,Male,High Risk
87.34,51.07,72.96,51.95,3.97,6,Female,High Risk
78.13,60.8,98.22,80.61,2.28,4,Male,Medium Risk
54.17,79.8,60.95,54.48,3.0,8,Male,Low Risk
59.28,68.93,79.39,85.52,3.24,6,Female,Medium Risk
60.97,84.31,85.01,69.5,3.4,7,Female,High Risk
62.89,97.67,91.28,91.88,3.12,6,Female,High Risk
78.27,46.99,70.35,97.13,2.02,5,Female,High Risk
75.2,82.57,84.35,70.86,2.65,1,Female,Medium Risk
60.16,53.82,65.16,73.03,3.04,1,Female,High Risk
53.38,64.87,71.77,79.51,2.18,1,Female,Low Risk
58.57,41.97,94.78,59.86,2.7,1,Male,Medium Risk
99.22,48.15,97.5,96.37,2.07,7,Male,Low Risk
73.43,59.19,85.94,71.65,2.16,3,Female,High Risk
93.37,60.52,68.72,58.34,2.79,8,Male,High Risk
92.44,93.98,91.0,88.14,2.27,5,Male,Medium Risk
75.58,84.51,51.29,60.96,3.14,2,Female,Low Risk
85.33,98.33,55.14,57.18,3.38,5,Male,Medium Risk
59.64,75.94,83.07,78.14,3.6,3,Female,Low Risk
84.42,54.5,64.56,83.57,2.4,1,Male,Low Risk
63.62,59.66,97.57,78.48,2.33,3,Female,High Risk
91.6,59.19,71.8,82.83,2.21,4,Male,High Risk
54.19,59.59,71.47,55.78,3.27,4,Male,Medium Risk
88.66,80.38,83.9,73.8,3.41,8,Male,Medium Risk
55.0,71.85,88.38,67.85,2.06,7,Female,High Risk
94.06,63.13,73.78,98.67,3.87,5,Male,Medium Risk
65.21,48.95,60.7,52.48,2.1,5,Male,Medium Risk
82.72,41.33,88.67,64.91,3.08,2,Female,Low Risk
74.38,53.13,66.02,97.09,3.42,7,Female,High Risk
68.32,46.45,58.76,99.17,3.74,2,Male,High Risk
82.27,87.13,81.58,91.25,3.43,4,Male,Medium Risk
97.38,46.75,54.52,53.8,3.6,1,Male,Low Risk
52.06,83.45,98.57,78.07,2.68,3,Male,Medium Risk
95.94,63.14,81.62,70.01,3.63,2,Female,Low Risk
80.45,44.4,99.29,90.32,2.16,6,Male,Low Risk
90.37,88.76,66.94,52.75,3.79,2,Male,Medium Risk
69.19,74.78,98.56,59.86,3.1,1,Female,High Risk
73.59,54.15,57.28,74.46,3.63,1,Male,Medium Risk
93.44,93.68,52.03,57.88,2.9,5,Male,Low Risk
70.74,42.72,51.65,84.64,3.29,3,Male,Low Risk
76.73,52.11,73.24,91.04,3.05,1,Female,Low Risk
51.01,85.12,54.15,85.23,3.46,7,Female,Medium Risk
57.93,82.56,75.61,72.01,2.16,2,Male,Medium Risk
82.08,57.36,66.38,93.92,2.12,2,Male,High Risk
85.85,43.72,66.78,56.88,2.49,4,Female,High Risk
79.13,91.48,81.78,63.02,2.32,1,Male,High Risk
57.17,58.82,58.15,74.48,3.74,6,Male,High Risk
72.27,51.74,88.33,53.07,2.44,5,Female,Medium Risk
67.75,70.96,79.1,54.78,3.95,3,Female,Medium Risk
74.78,94.61,95.75,69.87,2.67,6,Female,Medium Risk
93.52,42.61,68.24,97.19,2.36,5,Male,Medium Risk
88.79,85.95,99.14,95.42,3.58,2,Male,Medium Risk
54.2,74.35,78.79,73.3,3.32,6,Male,Medium Risk
94.52,65.53,98.67,57.11,3.0,5,Male,High Risk
73.59,84.64,51.35,58.91,3.11,2,Female,Low Risk
87.19,97.95,86.4,68.88,3.44,2,Male,High Risk
57.0,53.75,90.83,60.5,2.46,2,Male,Low Risk
83.54,48.62,52.66,54.15,3.99,2,Female,High Risk
61.82,94.77,78.95,83.69,3.95,7,Female,Medium Risk
71.92,80.14,90.1,79.07,3.3,2,Male,High Risk
50.84,66.28,78.05,64.56,2.4,4,Female,High Risk
57.58,74.4,53.19,88.95,3.36,6,Female,Medium Risk
54.6,84.74,84.67,88.8,2.14,5,Male,Low Risk
61.99,86.38,53.03,74.55,2.06,4,Male,High Risk
55.0,95.19,90.87,54.83,2.52,7,Male,Medium Risk
84.6,65.61,52.15,95.92,2.93,8,Male,High Risk
51.45,57.6,56.87,83.43,3.74,8,Female,Medium Risk
80.89,78.38,63.76,62.35,3.45,4,Female,Low Risk
57.04,64.94,81.67,80.52,3.49,1,Male,Low Risk
97.26,75.68,98.82,70.25,2.85,1,Male,Medium Risk
96.65,65.2,55.89,81.77,2.69,1,Female,High Risk
61.28,49.18,57.14,73.69,2.74,3,Male,High Risk
80.72,68.17,68.44,74.27,3.98,1,Male,Low Risk
51.4,81.46,91.81,86.79,2.08,5,Male,High Risk
96.59,87.96,73.36,80.69,3.73,4,Male,Low Risk
76.15,69.6,66.08,54.0,3.16,5,Female,Medium Risk
52.16,49.91,78.06,53.27,2.88,6,Male,Low Risk
67.12,64.88,63.03,65.25,3.45,1,Female,Medium Risk
53.84,87.18,70.06,71.51,2.97,7,Male,Medium Risk
69.65,64.77,66.63,63.76,3.75,3,Male,Medium Risk
83.5,81.79,90.21,82.57,3.8,6,Female,Low Risk
73.49,70.43,96.21,59.76,2.84,7,Male,Low Risk
69.19,54.47,87.98,85.21,2.55,3,Female,Low Risk
55.96,87.77,71.95,88.66,3.18,8,Male,Low Risk
62.25,45.05,75.22,56.22,3.82,6,Male,Medium Risk
55.01,71.49,56.25,82.54,2.42,8,Male,Low Risk
90.37,52.53,87.34,98.07,3.25,4,Male,Low Risk
56.76,44.02,79.82,59.64,3.26,5,Male,Medium Risk
79.77,70.18,95.12,95.47,3.47,2,Female,Medium Risk
67.14,69.97,60.03,80.3,2.26,5,Female,Medium Risk
61.3,82.41,87.99,79.55,3.43,1,Male,Medium Risk
81.97,84.69,84.23,52.6,3.82,8,Male,Low Risk
72.85,83.67,63.29,87.42,2.36,7,Female,Medium Risk
70.01,64.57,83.37,73.91,2.48,2,Female,High Risk
79.64,77.9,96.22,86.06,3.94,3,Male,Medium Risk
74.56,74.62,95.92,90.46,2.36,8,Male,High Risk
65.17,65.29,85.98,76.19,3.71,4,Female,Medium Risk
77.95,75.83,52.4,63.18,2.98,4,Male,Low Risk
83.47,96.83,93.61,57.08,2.49,8,Female,Medium Risk
51.33,51.57,82.89,58.03,3.74,8,Male,Low Risk
73.29,94.35,65.52,93.35,2.89,8,Female,High Risk
52.88,43.21,59.36,56.18,3.03,3,Female,Low Risk
59.32,58.5,55.81,69.23,2.72,1,Male,Medium Risk
78.03,57.29,52.51,66.71,3.19,3,Female,High Risk
93.31,77.58,87.71,93.27,2.33,6,Male,Medium Risk
94.14,47.87,61.79,73.88,2.78,7,Male,Low Risk
53.5,92.94,51.21,99.82,3.94,8,Male,High Risk
70.96,89.71,69.86,86.85,2.52,7,Male,Medium Risk
79.15,79.12,74.13,92.55,3.31,1,Female,Low Risk
57.35,67.5,58.46,54.93,2.65,2,Male,High Risk
88.27,95.98,52.2,62.66,3.55,3,Male,Medium Risk
87.21,89.84,59.46,56.77,2.26,1,Male,Medium Risk
95.17,69.96,83.96,73.18,3.94,7,Male,Medium Risk
50.42,82.11,54.11,85.91,2.91,2,Female,Medium Risk
60.83,74.02,77.75,58.45,2.47,3,Male,High Risk
91.36,75.28,57.32,56.51,2.15,4,Female,Low Risk
83.53,59.86,59.78,80.73,2.34,3,Female,High Risk
94.72,67.73,69.65,61.52,3.04,5,Female,High Risk
52.86,44.69,55.04,73.97,2.67,3,Male,Medium Risk
79.85,61.44,58.66,52.56,3.66,5,Male,Medium Risk
78.45,81.75,67.45,84.03,2.86,2,Male,High Risk
51.78,97.19,66.48,77.07,2.5,3,Male,Low Risk
75.68,97.78,87.46,82.37,3.23,2,Female,Low Risk
80.48,73.34,53.74,63.77,3.41,2,Female,Low Risk
59.56,76.4,93.02,63.93,2.33,7,Male,Medium Risk
63.67,51.14,90.81,90.07,2.34,1,Male,Low Risk
82.02,81.72,88.3,85.93,2.07,2,Male,Low Risk
73.42,44.24,65.47,78.99,3.47,2,Male,Medium Risk
92.9,57.08,91.14,81.41,3.33,7,Male,High Risk
67.12,80.1,59.14,54.7,2.95,7,Male,High Risk
63.33,58.62,56.22,92.81,3.69,3,Male,Medium Risk
99.24,42.99,52.25,88.5,3.61,7,Female,Low Risk
95.56,89.91,96.97,79.52,3.17,3,Female,Medium Risk
51.45,58.62,65.4,95.93,3.74,4,Female,Low Risk
88.54,43.79,95.88,58.43,2.41,7,Female,High Risk
55.52,44.49,63.63,84.33,2.22,1,Male,High Risk
51.37,55.11,95.38,98.15,2.54,2,Male,Medium Risk
63.68,50.68,95.2,65.5,2.11,1,Male,Low Risk
63.47,86.46,96.18,50.76,3.06,5,Male,Medium Risk
90.97,59.3,74.81,86.74,3.87,8,Male,Low Risk
85.53,88.28,93.3,50.35,2.08,7,Female,High Risk
99.08,50.43,97.54,93.63,2.24,2,Male,Medium Risk
85.58,69.57,66.23,52.82,2.9,1,Female,Medium Risk
70.91,81.28,70.94,82.64,3.87,7,Male,Low Risk
84.95,79.12,85.96,68.86,2.63,7,Female,High Risk
99.97,76.07,65.02,60.17,3.01,8,Male,High Risk
85.51,95.49,87.69,94.91,2.08,4,Female,High Risk
88.08,53.71,53.69,87.31,2.3,4,Male,Low Risk
96.92,69.62,76.17,67.02,3.97,2,Male,High Risk
55.68,93.04,56.12,64.21,3.93,5,Male,High Risk
85.24,44.67,64.67,86.8,2.01,4,Male,Medium Risk
92.54,43.35,62.93,91.83,3.9,8,Female,Medium Risk
97.72,54.0,91.95,85.79,3.28,4,Male,Low Risk
60.55,77.98,59.68,82.0,3.74,5,Female,Low Risk
75.2,55.59,90.42,61.4,2.91,1,Male,Medium Risk
84.03,51.41,89.7,92.64,3.03,4,Female,Low Risk
62.37,67.53,74.94,87.48,2.98,8,Male,Low Risk
80.02,76.82,61.69,75.86,3.33,3,Male,High Risk
62.88,54.91,61.34,75.58,2.28,8,Female,Low Risk
66.67,58.04,73.25,78.46,2.06,6,Male,Low Risk
72.08,76.81,50.44,91.41,2.62,6,Male,Medium Risk
76.46,96.74,76.57,87.11,3.41,4,Female,Low Risk
72.47,80.48,97.64,92.81,2.4,1,Male,Medium Risk
74.66,86.97,57.74,75.36,3.35,7,Female,High Risk
64.93,62.01,78.67,81.23,3.94,1,Male,Low Risk
57.95,56.34,98.09,92.73,2.19,8,Female,Low Risk
52.37,67.26,93.03,61.62,3.35,2,Female,Low Risk
59.8,88.43,92.52,72.2,2.89,3,Female,High Risk
79.1,67.38,91.09,81.03,3.74,1,Female,Low Risk
89.31,90.8,65.45,95.76,2.35,5,Male,High Risk
58.46,99.33,94.53,50.79,3.39,8,Male,High Risk
55.43,44.32,97.07,60.63,3.68,3,Female,High Risk
87.46,42.72,74.79,61.72,3.89,6,Male,High Risk
65.26,48.98,67.73,66.33,3.37,8,Male,Medium Risk
97.57,63.06,70.71,64.09,2.99,3,Male,Medium Risk
85.72,47.86,66.71,79.51,3.24,5,Female,Low Risk
66.34,92.24,60.62,94.28,3.74,4,Male,Low Risk
64.48,41.39,80.92,81.85,3.14,5,Male,Low Risk
76.18,58.95,78.13,62.08,2.06,5,Female,Medium Risk
53.96,51.08,73.13,93.19,3.86,4,Male,Low Risk
55.88,95.89,54.79,81.6,3.38,4,Female,Low Risk
58.79,80.17,89.84,60.95,3.35,4,Female,Medium Risk
88.74,94.72,58.75,68.08,2.43,4,Female,Low Risk
75.69,98.34,55.73,89.5,3.32,4,Male,Medium Risk
50.53,69.83,81.15,86.95,2.79,5,Male,Medium Risk
83.68,54.06,69.93,78.83,3.3,2,Female,Medium Risk
71.18,51.62,52.99,57.24,2.21,2,Female,Low Risk
75.54,53.38,67.78,90.16,3.32,8,Female,Low Risk
60.71,82.52,88.59,65.38,4.0,1,Female,Medium Risk
77.59,42.43,80.76,88.58,2.1,2,Female,Medium Risk
98.96,43.08,68.14,82.38,3.95,6,Female,Low Risk
53.67,76.49,59.59,63.21,2.81,2,Male,Low Risk
64.2,78.52,81.59,60.62,3.74,5,Female,High Risk
62.15,79.92,94.38,56.55,3.56,4,Female,High Risk
62.43,62.31,82.31,62.1,3.13,8,Female,Low Risk
68.94,88.36,90.65,57.89,3.48,4,Male,Medium Risk
90.91,72.02,76.08,80.85,3.76,7,Male,High Risk
95.64,46.33,85.9,79.94,2.81,7,Male,Medium Risk
60.11,87.83,94.81,79.31,2.65,7,Male,Low Risk
77.15,97.18,88.66,82.09,3.34,5,Female,Low Risk
81.84,43.6,95.49,90.74,3.62,6,Male,Medium Risk
76.09,63.48,71.56,95.68,3.52,2,Female,Medium Risk
71.7,69.25,95.21,61.52,3.6,5,Female,Medium Risk
59.6,48.79,81.08,79.39,2.87,1,Female,High Risk
74.41,92.06,93.5,53.92,3.64,8,Female,Medium Risk
70.06,57.05,51.97,56.01,2.24,4,Female,High Risk
89.78,86.98,82.89,82.72,3.09,7,Female,Medium Risk
88.18,80.26,92.4,74.33,2.01,3,Male,Medium Risk
56.7,75.88,58.71,87.92,2.65,1,Male,Low Risk
54.43,51.53,83.09,71.28,2.73,7,Male,Medium Risk
95.41,53.24,91.25,56.38,2.79,6,Male,Medium Risk
76.78,42.84,64.4,93.6,3.39,1,Male,High Risk
92.89,54.44,70.26,54.14,2.78,5,Female,High Risk
52.91,60.73,78.48,59.45,2.9,2,Male,Medium Risk
76.33,89.99,75.96,63.85,2.48,4,Male,High Risk
76.97,61.98,51.96,99.76,2.75,8,Male,High Risk
93.04,85.28,54.93,70.84,2.45,6,Female,Medium Risk
54.88,66.37,55.02,75.09,2.15,6,Female,Low Risk
62.02,87.09,63.11,88.48,3.21,3,Female,High Risk
70.33,98.58,62.29,81.82,3.34,1,Male,Medium Risk
93.29,54.39,87.11,92.07,3.24,3,Male,Low Risk
96.94,91.74,78.64,74.32,2.93,2,Male,Low Risk
99.64,77.31,88.2,98.61,2.76,7,Male,High Risk
97.96,89.04,53.49,89.84,3.73,2,Male,Low Risk
50.3,79.1,74.26,70.07,3.04,7,Female,Medium Risk
52.39,65.44,66.19,69.06,2.96,3,Male,Low Risk
57.38,53.68,92.5,96.47,2.05,4,Female,Medium Risk
67.44,44.2,85.39,84.22,2.68,2,Male,Low Risk
91.5,72.13,93.46,81.07,2.76,3,Female,Low Risk
94.63,99.42,52.32,87.89,2.8,1,Female,Medium Risk
59.34,84.28,86.04,78.04,3.16,3,Female,Low Risk
80.98,59.64,77.0,57.96,3.07,3,Female,High Risk
95.87,89.63,91.25,65.96,3.22,5,Male,High Risk
73.19,86.14,75.36,77.9,3.53,2,Male,Medium Risk
55.18,56.9,77.01,50.91,3.63,8,Male,Low Risk
72.89,40.86,52.59,71.87,3.44,4,Female,Medium Risk
68.79,47.09,83.43,87.79,3.91,4,Male,Medium Risk
78.88,92.64,63.66,58.21,2.04,5,Male,Medium Risk
71.93,90.19,50.98,53.23,2.39,7,Male,High Risk
50.87,57.71,53.32,91.8,2.02,6,Male,Medium Risk
99.7,57.11,97.86,80.86,3.29,7,Female,Low Risk
77.18,87.57,67.3,58.83,3.8,4,Female,Low Risk
73.68,96.26,93.4,90.32,2.49,3,Male,High Risk
97.73,86.75,97.98,82.91,3.85,5,Male,Medium Risk
57.79,76.33,97.16,66.71,2.12,1,Male,High Risk
59.46,54.56,94.09,68.81,3.87,2,Female,High Risk
90.4,71.54,94.74,57.79,2.7,2,Female,Medium Risk
63.04,54.01,64.45,91.76,2.2,8,Female,Medium Risk
89.96,88.48,57.57,75.45,2.97,2,Male,High Risk
63.58,63.22,81.96,77.85,2.51,3,Female,High Risk
51.66,90.02,74.41,94.17,2.57,1,Female,Low Risk
75.85,62.9,54.94,50.79,2.61,5,Female,Low Risk
59.83,89.45,83.88,53.35,3.61,5,Female,High Risk
87.89,60.0,78.14,58.08,3.08,2,Female,Low Risk
82.06,66.41,93.15,51.5,2.62,1,Male,High Risk
96.18,76.93,80.46,82.91,3.22,1,Male,Low Risk
89.15,44.22,78.7,81.69,3.43,1,Male,Low Risk
59.04,96.89,72.04,60.54,2.55,4,Male,Low Risk
90.01,74.42,73.14,57.47,2.83,4,Female,High Risk
82.09,70.47,97.72,57.28,2.24,2,Male,Medium Risk
83.45,90.36,56.92,97.66,2.36,1,Male,Medium Risk
91.61,91.95,72.31,84.68,3.36,6,Male,High Risk
78.69,71.34,82.79,79.27,2.36,1,Female,High Risk
73.3,95.64,71.65,66.12,3.05,5,Male,Medium Risk
81.83,43.88,64.16,71.65,3.42,5,Female,Low Risk
64.9,46.79,64.37,54.47,2.21,2,Female,High Risk
59.13,75.81,61.68,99.91,3.13,6,Female,Medium Risk
80.83,61.24,67.2,87.75,2.51,1,Male,High Risk
61.69,67.85,93.58,81.07,3.93,7,Female,High Risk
54.0,59.68,75.26,79.39,2.97,6,Male,Medium Risk
50.03,64.28,62.01,75.22,3.61,8,Male,High Risk
80.42,89.36,69.23,62.87,3.1,2,Male,Medium Risk
68.11,75.61,55.29,61.32,2.09,5,Female,Medium Risk
87.62,99.84,95.2,77.48,3.27,7,Female,Medium Risk
68.76,87.21,70.41,53.51,3.9,5,Male,Medium Risk
74.3,56.42,99.02,53.72,3.2,4,Female,Low Risk
70.35,55.86,67.38,78.04,3.64,2,Female,Medium Risk
82.53,60.15,91.82,95.99,3.77,2,Female,Low Risk
67.81,90.6,62.82,95.71,2.46,1,Male,High Risk
98.19,41.64,53.81,50.54,2.42,1,Female,Medium Risk
96.81,53.81,51.59,55.37,3.22,4,Female,Medium Risk
92.4,94.3,80.31,79.15,2.82,7,Male,High Risk
96.02,78.39,65.58,92.42,3.68,8,Female,Medium Risk
72.46,53.61,72.18,97.72,3.8,3,Male,High Risk
76.82,53.15,90.93,93.03,2.71,6,Female,High Risk
87.1,91.76,62.41,83.88,2.47,3,Female,High Risk
84.81,93.63,65.43,60.03,3.56,3,Female,Low Risk
94.53,55.37,92.27,53.63,2.55,2,Female,Low Risk
85.82,65.23,74.64,52.38,3.65,6,Female,High Risk
99.89,90.08,91.38,80.6,2.85,2,Female,Medium Risk
67.43,86.26,68.72,51.81,3.34,8,Male,High Risk
91.65,88.83,69.92,86.96,2.19,6,Female,High Risk
84.88,71.1,58.36,85.62,3.25,5,Female,Low Risk
84.57,94.69,95.82,53.98,2.9,2,Female,Medium Risk
66.29,59.56,94.84,95.33,3.17,2,Male,High Risk
89.28,49.4,99.21,76.1,2.34,2,Male,High Risk
95.02,82.52,70.12,95.22,3.47,7,Male,Low Risk
60.93,72.36,90.93,95.08,3.73,4,Female,High Risk
81.27,91.28,70.75,59.85,2.43,2,Female,Medium Risk
69.61,44.87,72.71,69.03,2.19,8,Male,Medium Risk
99.48,90.62,91.5,56.73,2.05,1,Male,Medium Risk
73.94,57.6,58.87,88.75,3.28,1,Male,Medium Risk
61.42,79.29,61.02,75.21,3.21,6,Female,Low Risk
69.09,42.41,65.74,96.44,3.09,5,Male,High Risk
82.69,76.57,89.41,60.41,2.46,4,Female,Low Risk
53.8,83.04,68.63,84.42,2.78,7,Female,High Risk
80.18,62.13,67.91,99.46,3.19,6,Female,Medium Risk
96.56,52.92,99.94,83.27,2.99,1,Male,Low Risk
92.52,72.26,69.19,53.44,3.98,4,Female,Medium Risk
53.38,89.99,62.39,79.42,2.27,4,Male,Low Risk
99.67,59.41,81.16,58.99,3.39,5,Male,Low Risk
84.94,55.15,90.09,51.53,2.81,8,Male,High Risk
58.11,56.74,53.48,66.75,2.86,4,Male,Low Risk
50.62,96.95,80.94,63.31,3.44,2,Female,Low Risk
58.56,61.56,51.79,89.44,3.38,4,Female,Medium Risk
91.91,40.22,76.32,68.68,3.98,5,Female,High Risk
51.08,86.9,62.85,86.65,2.26,6,Female,High Risk
61.66,81.96,65.33,50.81,2.21,5,Male,High Risk
87.87,47.71,73.35,50.74,3.45,7,Male,High Risk
79.31,99.09,96.36,51.47,3.16,5,Male,Medium Risk
89.14,76.48,85.53,60.97,2.55,1,Male,High Risk
87.31,70.05,96.84,68.7,2.16,2,Female,High Risk
52.53,62.93,83.0,80.39,2.17,8,Male,Medium Risk
94.63,93.92,50.36,99.3,3.79,1,Female,Medium Risk
61.35,54.64,63.28,67.72,2.38,6,Male,Medium Risk
77.67,57.15,95.29,52.78,2.65,3,Male,Low Risk
82.21,47.34,82.17,59.75,2.45,6,Male,High Risk
58.43,85.55,99.08,94.89,2.71,2,Male,High Risk
98.81,75.73,57.8,84.97,2.14,4,Female,High Risk
74.41,76.54,64.84,89.51,3.04,5,Female,Medium Risk
52.88,53.11,68.12,56.21,2.14,3,Female,High Risk
96.86,79.07,66.33,56.75,3.6,2,Female,Low Risk
79.31,85.93,62.6,55.61,2.47,1,Male,High Risk
84.96,61.47,72.17,92.86,3.08,5,Male,Low Risk
76.26,88.08,82.11,60.5,3.76,6,Female,Medium Risk
91.74,60.93,65.56,82.16,3.3,1,Female,Medium Risk
51.66,85.49,53.98,75.81,3.07,2,Male,Low Risk
63.42,42.02,85.43,77.22,2.65,2,Male,Low Risk
73.48,73.07,72.95,59.77,2.67,6,Female,Medium Risk
53.83,98.17,77.82,81.76,3.34,3,Female,Low Risk
85.3,98.87,72.77,52.16,3.99,6,Female,Medium Risk
69.68,56.91,94.52,99.67,3.32,4,Male,Low Risk
63.63,66.48,77.94,51.34,3.12,1,Female,Medium Risk
50.17,43.78,96.16,52.51,3.46,3,Female,Low Risk
85.99,92.4,75.53,66.23,2.93,5,Female,High Risk
91.69,74.11,64.63,91.58,2.12,7,Female,High Risk
69.75,63.11,67.77,62.86,3.12,4,Female,Low Risk
78.21,46.77,76.11,73.6,3.92,3,Male,High Risk
61.38,96.81,76.5,50.9,2.35,7,Female,High Risk
81.11,71.81,84.37,53.94,3.38,7,Male,High Risk
50.61,56.98,61.22,80.4,2.4,1,Female,Low Risk
74.43,61.01,82.94,59.72,3.07,2,Female,Low Risk
82.21,56.24,88.93,84.71,2.19,5,Female,Low Risk
95.91,76.11,83.83,89.27,2.9,6,Male,Low Risk
69.07,95.8,74.09,92.52,3.51,1,Male,Medium Risk
88.26,91.4,99.58,56.69,2.7,4,Male,High Risk
79.88,67.62,70.24,72.78,3.33,8,Female,High Risk
96.35,89.59,55.33,97.35,3.59,7,Female,Medium Risk
69.92,65.39,91.08,88.6,3.85,4,Male,High Risk
65.95,55.14,60.61,55.85,2.47,7,Male,High Risk
94.36,99.0,85.66,75.13,2.8,2,Female,Medium Risk
52.46,58.23,58.95,96.12,2.3,8,Male,Medium Risk
56.82,59.42,50.84,72.0,3.98,2,Female,Medium Risk
54.12,99.38,57.99,91.87,3.85,5,Male,Low Risk
92.16,48.04,68.85,74.79,3.08,6,Male,Low Risk
50.53,85.63,55.33,55.34,3.68,5,Male,Low Risk
93.08,96.15,59.88,57.39,3.04,2,Female,Low Risk
72.56,70.71,88.23,52.33,3.25,2,Female,High Risk
50.2,40.15,88.49,59.77,2.18,4,Male,Medium Risk
70.08,62.5,90.87,94.68,3.51,2,Female,Low Risk
59.34,46.69,92.06,82.51,2.26,8,Female,Medium Risk
81.22,64.97,71.02,86.94,3.65,8,Female,Low Risk
83.97,87.4,93.38,81.08,3.56,3,Female,Medium Risk
74.38,66.32,76.3,69.33,3.42,7,Male,Medium Risk
52.03,65.92,73.53,60.84,2.07,1,Female,High Risk
82.81,73.41,85.93,96.28,2.61,2,Female,Low Risk
92.1,74.9,60.69,75.74,2.53,5,Male,Low Risk
86.02,91.38,89.47,74.05,2.72,6,Female,Low Risk
91.5,58.5,71.47,99.81,2.18,7,Female,Low Risk
60.03,89.3,56.36,69.2,3.87,7,Female,High Risk
94.44,73.96,55.97,92.71,3.11,6,Male,High Risk
66.11,58.03,58.25,93.12,2.61,6,Male,Low Risk
50.67,57.71,94.53,61.63,2.79,7,Female,Medium Risk
92.17,61.67,99.55,54.74,2.89,3,Female,High Risk
97.09,77.36,67.85,98.78,3.2,5,Male,Medium Risk
82.78,53.85,64.61,71.29,3.03,3,Male,Medium Risk
61.57,95.22,60.94,50.11,3.84,2,Male,Medium Risk
62.59,74.49,91.19,74.95,2.99,1,Female,Medium Risk
73.33,95.2,60.46,80.97,3.98,6,Female,Low Risk
94.89,42.78,96.2,88.8,3.7,8,Male,Low Risk
57.48,60.56,83.37,97.15,2.42,5,Female,High Risk
91.3,41.37,94.86,95.76,3.86,6,Female,High Risk
64.57,56.34,77.7,97.01,2.23,3,Female,Medium Risk
90.43,91.72,84.53,51.61,3.63,4,Female,Low Risk
96.01,42.2,80.97,85.59,2.76,2,Female,Medium Risk
71.37,66.17,91.56,61.29,3.76,1,Female,Medium Risk
68.25,47.05,91.79,59.38,3.74,2,Female,Medium Risk
90.11,65.01,79.49,90.02,3.61,4,Male,Medium Risk
76.47,90.33,81.63,70.86,3.58,1,Male,Low Risk
84.22,77.38,96.09,95.83,2.61,4,Male,Low Risk
81.14,84.21,96.49,52.12,2.16,2,Male,Medium Risk
57.64,60.95,83.21,90.11,2.81,3,Male,Medium Risk
92.24,96.66,50.39,56.84,2.35,7,Male,High Risk
59.79,82.56,55.22,58.83,3.39,2,Male,Low Risk
96.61,65.31,92.9,73.87,2.69,2,Male,Low Risk
62.53,65.59,54.24,69.78,3.95,2,Male,Medium Risk
86.69,95.12,60.68,74.31,3.28,5,Female,High Risk
64.23,74.58,61.53,97.0,3.64,4,Female,Low Risk
65.89,82.38,80.01,82.87,2.27,8,Male,Medium Risk
65.5,65.02,78.83,64.52,3.72,4,Female,Medium Risk
87.39,53.42,64.47,58.65,3.85,6,Female,High Risk
77.84,83.41,60.38,71.0,2.97,4,Male,Medium Risk
94.15,76.47,88.23,72.58,3.21,6,Male,Low Risk
65.37,70.08,96.77,80.06,3.53,5,Male,Medium Risk
84.6,77.44,52.64,63.3,2.35,3,Female,Medium Risk
87.65,52.5,56.66,88.38,3.01,6,Female,High Risk
57.57,87.64,82.11,54.92,2.8,2,Male,Medium Risk
70.03,96.89,90.22,78.02,2.29,3,Female,Low Risk
74.14,93.47,89.56,81.18,2.74,7,Female,Medium Risk
67.78,59.29,85.98,60.34,2.14,5,Female,Low Risk
66.11,64.36,94.37,91.3,2.05,4,Male,Low Risk
84.32,88.5,60.87,80.77,2.27,6,Female,Low Risk
60.79,75.71,55.36,82.29,3.93,8,Female,Low Risk
85.47,72.87,80.77,74.89,3.1,2,Female,High Risk
96.75,95.6,91.11,95.48,3.93,1,Female,Low Risk
78.26,72.16,79.1,84.7,2.86,7,Female,High Risk
80.57,70.9,98.15,69.09,2.62,1,Female,High Risk
53.45,42.52,89.78,61.93,3.01,3,Female,High Risk
93.22,44.17,85.04,53.55,2.88,4,Male,Medium Risk
64.27,40.45,53.01,58.27,2.21,8,Male,Medium Risk
80.75,94.79,55.39,99.63,3.28,1,Female,Medium Risk
98.96,64.5,89.24,70.34,2.43,3,Male,High Risk
79.78,68.11,59.91,94.93,3.24,5,Female,Medium Risk
86.24,90.72,51.44,58.53,3.3,3,Female,Medium Risk
72.27,76.55,95.54,71.27,2.3,7,Female,Low Risk
53.02,76.57,94.54,98.03,2.12,8,Male,High Risk
89.88,57.79,60.92,54.56,3.56,8,Female,High Risk
51.75,90.03,89.01,79.7,2.92,3,Female,High Risk
85.03,49.95,52.4,95.96,2.12,7,Male,High Risk
51.15,43.19,64.25,97.48,3.99,3,Male,Medium Risk
93.12,51.5,81.18,92.3,2.12,8,Female,Medium Risk
57.88,56.06,88.16,92.8,3.39,8,Male,Medium Risk
75.71,56.94,50.52,82.61,3.97,2,Male,Medium Risk
79.86,80.23,66.31,61.02,2.48,3,Female,Medium Risk
72.88,53.07,60.72,86.53,2.28,6,Female,Low Risk
67.04,80.6,99.94,98.92,2.24,3,Female,High Risk
73.39,45.47,83.55,76.3,2.61,8,Male,Low Risk
65.57,48.83,70.28,63.03,2.2,2,Male,Low Risk
71.91,70.53,53.78,78.67,3.38,2,Male,High Risk
67.95,95.31,79.93,84.53,2.12,5,Female,Low Risk
78.31,91.57,82.09,60.41,3.02,7,Male,Low Risk
61.9,98.13,90.82,85.96,3.99,4,Male,Low Risk
99.43,79.03,64.43,79.37,3.63,1,Female,Medium Risk
75.04,80.55,99.07,80.62,3.23,1,Female,Medium Risk
59.71,77.5,71.97,65.3,2.61,3,Female,High Risk
73.85,77.37,64.8,57.76,3.25,5,Male,High Risk
93.32,48.83,67.42,81.17,3.05,3,Female,Low Risk
51.09,72.62,75.98,79.31,2.85,1,Male,Low Risk
83.98,63.16,96.84,66.9,2.26,7,Male,High Risk
77.4,66.55,86.76,64.79,3.77,8,Female,Low Risk
58.48,71.42,78.86,67.36,2.9,7,Female,Low Risk
90.87,47.7,58.14,74.49,2.39,7,Female,High Risk
68.44,61.57,57.47,98.74,2.74,2,Female,Medium Risk
64.69,43.81,75.11,88.18,2.83,8,Female,Medium Risk
91.41,98.78,86.44,92.59,3.66,4,Male,Low Risk
81.93,47.11,87.55,75.28,3.47,8,Male,Low Risk
94.91,55.51,61.3,76.31,3.54,5,Male,High Risk
81.49,93.48,55.0,60.22,2.02,2,Female,Medium Risk
87.04,68.96,69.22,86.05,2.83,4,Male,Low Risk
91.82,48.14,95.91,71.08,2.96,5,Female,Low Risk
52.74,63.05,77.27,87.12,2.04,5,Female,High Risk
88.8,46.95,66.0,70.45,2.52,1,Male,Medium Risk
80.69,52.01,66.18,55.43,3.52,2,Male,Low Risk
53.48,43.12,56.6,58.65,2.27,5,Female,High Risk
75.43,66.29,73.66,90.58,3.07,6,Male,Medium Risk
54.12,88.4,89.57,62.93,2.43,7,Female,Low Risk
86.8,75.16,98.43,63.22,2.02,5,Male,High Risk
77.33,76.38,75.08,96.47,2.48,4,Male,Low Risk
97.68,52.04,58.36,82.88,3.95,1,Male,High Risk
59.16,60.63,84.15,55.72,3.6,3,Male,High Risk
80.3,90.71,87.84,57.18,3.92,7,Male,High Risk
60.58,45.27,53.58,63.62,2.98,1,Female,High Risk
80.7,91.48,92.51,79.7,2.22,3,Male,High Risk
86.13,69.02,91.47,87.64,3.1,2,Male,Low Risk
86.12,90.23,73.63,63.72,2.91,2,Male,High Risk
90.75,59.08,78.02,93.53,3.69,5,Female,Low Risk
92.68,60.33,85.67,55.46,2.2,6,Female,Medium Risk
53.86,85.1,83.84,60.38,2.98,2,Female,Medium Risk
67.16,87.1,50.83,98.52,2.3,8,Female,Medium Risk
84.36,53.78,56.12,56.74,2.65,5,Female,Low Risk
74.93,98.37,58.13,94.41,3.47,7,Male,Medium Risk
59.53,45.07,87.78,85.2,2.95,1,Male,High Risk
77.64,44.11,72.0,53.65,2.75,2,Male,Low Risk
70.37,75.73,77.28,74.19,2.79,8,Female,Medium Risk
69.5,83.36,88.63,75.95,2.92,1,Female,High Risk
90.49,97.65,67.05,96.61,3.57,1,Male,Medium Risk
70.38,64.3,87.44,71.06,3.78,6,Female,Medium Risk
51.32,41.52,72.11,72.34,3.91,2,Female,High Risk
52.9,76.17,68.86,55.62,3.57,1,Female,Low Risk
92.81,57.38,66.65,81.96,2.63,6,Male,Low Risk
98.03,65.98,98.25,60.54,3.38,6,Male,Medium Risk
84.42,69.31,88.6,53.88,2.88,2,Female,Medium Risk
68.22,43.87,51.01,99.85,2.51,6,Female,Low Risk
96.93,69.16,97.87,63.48,3.68,2,Female,High Risk
83.14,65.58,88.77,57.05,2.08,8,Female,Medium Risk
92.22,82.75,57.46,84.97,3.8,2,Male,High Risk
88.29,78.74,53.82,91.08,2.92,3,Female,Low Risk
68.96,51.11,65.41,53.2,3.27,1,Male,High Risk
73.94,52.37,81.21,55.27,3.32,8,Male,High Risk
59.31,55.06,80.83,54.51,3.79,4,Male,Low Risk
64.6,50.74,63.79,52.35,3.27,2,Female,Medium Risk
88.91,79.43,72.28,82.97,3.23,1,Male,Medium Risk
94.7,99.67,60.59,79.42,2.13,7,Male,Medium Risk
86.22,79.13,52.53,83.14,3.04,6,Female,Low Risk
73.26,76.4,75.85,75.28,2.3,5,Female,High Risk
54.33,64.6,67.35,90.88,3.47,2,Female,High Risk
52.85,58.75,77.14,77.33,3.02,6,Male,Low Risk
68.72,94.66,97.33,95.94,3.36,6,Female,Medium Risk
73.19,98.14,57.17,74.28,2.08,6,Male,Medium Risk
80.46,69.81,50.1,89.53,2.17,6,Male,Low Risk
50.32,57.41,53.84,70.37,3.43,6,Female,Medium Risk
99.49,86.21,73.14,71.76,2.14,2,Male,High Risk
68.2,47.95,85.35,92.45,2.14,7,Male,High Risk
92.4,85.94,79.04,55.38,2.02,4,Male,Medium Risk
76.75,89.14,74.74,78.25,3.91,3,Male,Low Risk
56.52,47.49,67.7,86.32,3.48,6,Female,High Risk
89.88,98.61,65.5,87.52,2.71,6,Male,High Risk
85.49,99.13,68.81,79.57,2.59,3,Female,Low Risk
76.37,96.2,80.58,72.4,2.7,7,Male,High Risk
75.73,69.76,58.39,63.04,3.55,8,Male,Medium Risk
54.37,54.76,88.57,95.47,3.32,7,Female,High Risk
82.79,74.92,78.76,68.49,2.37,8,Male,Medium Risk
95.56,65.2,63.46,89.95,2.35,2,Male,Medium Risk
54.66,52.36,75.06,51.58,2.2,1,Male,High Risk
63.18,65.42,98.14,61.61,3.32,5,Male,Medium Risk
95.12,79.83,51.02,67.28,3.53,5,Male,Low Risk
64.22,44.25,59.98,83.58,2.53,1,Male,Low Risk
82.7,60.01,72.42,65.97,2.04,2,Female,Medium Risk
76.74,41.07,81.92,52.07,2.16,5,Female,Medium Risk
79.82,84.97,60.61,58.69,3.94,7,Female,Medium Risk
70.79,78.44,96.57,62.96,2.59,3,Male,Medium Risk
65.0,43.76,82.13,58.8,3.54,1,Male,Low Risk
52.43,97.88,93.87,60.19,3.25,7,Male,Medium Risk
87.21,41.36,66.47,88.45,2.76,4,Female,Medium Risk
87.3,75.4,91.45,70.6,2.41,2,Male,High Risk
83.54,86.58,68.91,70.26,2.24,1,Female,High Risk
82.18,87.27,62.64,98.33,3.23,5,Male,High Risk
62.19,42.06,95.58,72.34,3.55,2,Male,Low Risk
51.12,94.38,54.61,96.38,3.29,3,Male,Low Risk
90.44,95.11,97.14,64.95,3.06,2,Female,Medium Risk
74.56,73.68,72.93,70.03,2.08,2,Male,High Risk
65.34,68.92,99.63,69.81,3.94,3,Female,High Risk
55.1,42.69,76.98,77.3,3.6,6,Male,Low Risk
53.14,73.72,87.87,79.21,2.59,3,Male,Low Risk
67.44,64.56,50.35,62.41,3.96,7,Female,High Risk
90.24,86.37,74.83,89.68,3.2,2,Male,Low Risk
95.94,64.23,86.87,74.83,3.16,8,Male,Medium Risk
94.84,81.01,89.14,50.35,3.5,3,Male,High Risk
96.0,46.08,57.9,79.57,3.62,6,Male,Low Risk
95.39,47.98,70.95,89.9,3.31,7,Female,Medium Risk
76.36,48.38,70.95,62.52,2.26,8,Female,Low Risk
60.97,42.73,55.18,51.89,2.68,8,Male,High Risk
89.9,72.48,72.15,90.36,3.86,1,Male,High Risk
60.69,87.64,90.35,98.81,2.45,3,Female,High Risk
63.36,76.62,65.01,53.83,2.74,3,Male,High Risk
61.66,74.5,71.63,96.9,2.86,2,Female,Medium Risk
75.75,80.84,98.05,67.96,2.88,7,Male,High Risk
66.09,60.38,51.59,97.07,3.23,1,Female,Medium Risk
57.71,61.72,79.58,82.44,3.89,4,Female,Medium Risk
72.66,58.86,87.17,94.51,2.48,4,Female,Low Risk
93.7,82.73,88.04,89.29,2.24,5,Female,Medium Risk
78.53,49.7,85.8,51.4,2.39,3,Male,Medium Risk
93.92,40.78,86.32,53.27,3.77,3,Male,High Risk
59.79,75.77,52.95,76.29,3.29,1,Female,High Risk
58.35,96.54,76.71,56.48,2.57,6,Female,High Risk
78.78,76.56,89.15,73.05,3.63,4,Female,High Risk
73.17,86.98,54.7,97.73,3.72,5,Female,High Risk
83.01,80.37,50.6,64.74,3.69,1,Male,High Risk
89.73,69.85,90.73,74.45,3.84,3,Female,Medium Risk
87.57,83.1,85.61,69.21,2.5,4,Female,Low Risk
97.11,89.45,70.61,81.49,3.51,7,Female,High Risk
69.91,53.48,97.02,59.69,2.92,5,Female,Low Risk
60.32,60.17,88.33,63.0,3.68,2,Female,High Risk
77.55,53.42,98.39,92.94,3.46,4,Female,Low Risk
55.54,67.13,96.47,90.57,3.55,5,Female,Medium Risk
64.44,93.1,74.06,89.46,3.31,1,Male,Low Risk
60.39,60.71,87.74,88.55,2.35,2,Female,High Risk
69.83,62.47,83.46,72.97,3.09,5,Female,High Risk
55.56,91.62,90.57,86.44,3.97,5,Female,High Risk
51.59,70.92,89.38,69.36,3.87,8,Male,Medium Risk
82.84,72.13,57.66,55.04,2.09,8,Male,Low Risk
80.51,91.65,61.69,69.67,2.33,8,Male,Low Risk
85.42,69.43,63.29,57.93,2.26,3,Female,Low Risk
83.02,80.89,90.92,69.54,3.45,6,Female,Medium Risk
55.71,45.14,90.54,64.87,3.64,4,Female,Low Risk
64.55,50.72,74.77,79.96,2.43,3,Male,Medium Risk
56.48,64.26,79.04,68.08,3.01,7,Female,High Risk
92.15,69.69,91.35,85.28,3.68,2,Male,Low Risk
87.35,97.94,65.63,75.61,3.47,6,Male,High Risk
60.08,98.24,52.51,95.97,3.08,5,Male,High Risk
67.07,91.07,74.13,54.55,3.18,3,Male,High Risk
98.33,58.94,95.69,84.39,3.02,8,Male,Medium Risk
79.71,97.84,89.52,83.62,2.6,6,Female,Medium Risk
90.06,81.36,68.33,97.53,3.13,7,Female,High Risk
63.23,63.58,53.24,68.58,3.38,4,Male,Low Risk
60.5,82.1,81.85,65.27,3.75,7,Female,Low Risk
89.2,40.99,91.72,58.62,3.27,2,Female,Low Risk
84.29,48.77,83.25,63.26,3.52,1,Male,Medium Risk
84.05,89.78,71.25,75.09,2.32,3,Male,Low Risk
77.63,78.73,56.17,91.89,2.92,8,Female,Low Risk
78.18,61.85,95.54,64.21,2.02,2,Female,High Risk
86.78,70.04,63.8,57.89,2.49,1,Female,High Risk
63.5,94.31,61.21,63.61,3.45,8,Female,Medium Risk
67.64,77.89,90.8,55.05,3.98,8,Male,High Risk
93.58,63.89,99.06,96.33,2.2,8,Female,High Risk
65.44,47.22,83.01,93.63,2.8,3,Male,Medium Risk
77.32,57.62,81.24,65.42,3.6,2,Male,High Risk
85.13,98.7,65.97,62.35,2.41,8,Female,High Risk
100.0,66.24,51.02,95.27,3.11,7,Female,Medium Risk
71.76,68.31,59.59,50.09,3.47,2,Female,Low Risk
71.4,69.92,79.22,80.03,3.23,6,Male,Low Risk
92.13,93.05,57.57,95.8,2.38,7,Male,Medium Risk
90.28,76.24,94.19,75.43,2.71,3,Male,Medium Risk
86.55,81.62,59.41,50.15,3.57,8,Male,Medium Risk
73.16,63.36,76.11,60.94,3.11,2,Female,High Risk
66.2,41.75,75.6,96.12,2.01,5,Male,High Risk
80.44,95.86,80.2,50.85,3.52,3,Male,Low Risk
93.81,96.95,66.37,69.74,2.07,2,Female,Medium Risk
94.19,96.95,93.68,89.49,3.49,6,Male,Low Risk
55.42,96.62,72.22,91.9,2.4,8,Male,Low Risk
71.42,88.91,85.01,73.88,3.92,1,Female,High Risk
73.24,81.08,81.8,61.62,2.74,8,Male,Medium Risk
98.88,90.67,55.86,79.99,2.65,1,Male,Medium Risk
83.9,76.03,81.13,63.19,2.3,5,Male,Medium Risk
70.36,48.06,77.54,62.76,2.61,3,Male,Medium Risk
51.3,63.47,94.93,90.38,3.75,6,Female,Low Risk
78.27,98.28,94.04,57.71,3.99,2,Male,Low Risk
54.8,61.07,57.55,50.28,2.74,2,Female,Low Risk
91.72,92.07,54.08,66.84,2.9,1,Male,High Risk
87.63,45.59,64.73,74.55,3.44,6,Female,High Risk
73.03,60.05,99.33,85.25,3.77,7,Female,High Risk
71.46,61.06,51.08,89.06,3.19,5,Female,High Risk
94.87,43.1,83.64,83.18,2.78,1,Male,Medium Risk
64.42,47.15,80.43,81.33,2.83,1,Male,Medium Risk
62.45,51.59,82.33,83.29,3.39,5,Male,Medium Risk
96.96,90.27,60.91,63.58,2.01,3,Female,Low Risk
90.46,43.8,61.34,69.12,3.24,2,Male,Low Risk
91.03,57.92,71.53,80.82,2.71,3,Male,High Risk
59.76,40.61,54.79,53.28,3.59,6,Male,Low Risk
57.16,81.74,53.73,64.77,2.19,7,Male,Medium Risk
51.3,77.22,54.42,70.32,3.18,8,Female,Medium Risk
61.85,78.7,78.65,76.67,2.96,4,Female,Low Risk
88.71,62.46,69.89,74.32,3.28,4,Male,High Risk
62.0,52.5,64.68,85.91,2.13,4,Male,Low Risk
86.46,83.22,65.79,73.67,3.16,5,Male,Low Risk
62.6,88.67,60.36,95.21,3.12,1,Female,Low Risk
69.76,48.32,70.58,69.02,3.12,7,Male,Low Risk
99.16,69.21,60.15,76.27,3.21,3,Female,Medium Risk
62.24,54.92,84.9,50.16,3.35,8,Female,High Risk
68.82,50.09,56.2,65.52,3.61,2,Male,High Risk
65.05,84.06,97.41,93.33,2.54,4,Male,High Risk
55.48,72.29,54.49,66.68,3.65,3,Male,High Risk
74.49,52.97,97.17,62.66,3.0,4,Female,Low Risk
68.93,58.6,91.66,77.18,2.15,7,Female,High Risk
84.74,98.0,84.04,53.94,2.12,4,Male,Low Risk
90.88,90.92,95.62,76.58,2.67,2,Female,Low Risk
77.21,92.8,56.96,65.18,3.57,8,Male,High Risk
51.61,67.6,58.82,69.16,3.42,6,Male,Medium Risk
80.95,77.43,62.61,89.57,3.58,6,Female,Medium Risk
52.77,62.61,62.24,83.1,3.03,7,Female,Medium Risk
80.82,44.66,65.54,72.31,2.88,6,Female,Medium Risk
84.25,64.06,78.78,78.88,2.29,5,Female,High Risk
59.89,75.64,51.41,88.34,2.66,1,Male,Low Risk
90.97,57.23,69.11,87.29,2.87,5,Male,Medium Risk
95.55,90.88,62.32,59.27,2.18,3,Male,Low Risk
90.65,49.07,80.33,65.05,2.44,5,Female,Low Risk
65.26,62.03,99.26,67.41,3.2,3,Male,High Risk
79.33,47.49,75.88,59.38,3.47,3,Female,High Risk
95.74,64.29,71.28,50.61,4.0,1,Female,Low Risk
66.03,42.38,68.41,58.7,3.87,2,Female,Low Risk
91.0,56.35,89.25,90.41,3.29,8,Male,Medium Risk
50.47,64.04,53.6,77.3,2.84,7,Female,High Risk
50.18,68.69,97.99,67.08,3.27,1,Female,High Risk
87.99,72.62,70.9,80.42,3.57,7,Female,High Risk
88.07,56.5,65.69,86.99,2.24,6,Female,High Risk
89.45,71.38,98.7,67.72,2.82,6,Female,Medium Risk
96.5,70.54,96.79,73.3,3.68,5,Female,Medium Risk
55.9,58.97,82.1,53.21,2.77,3,Female,High Risk
61.6,89.81,50.93,79.85,3.14,4,Female,High Risk
95.19,72.74,87.43,67.82,3.18,4,Female,Medium Risk
58.86,59.94,66.78,71.68,2.37,7,Female,Low Risk
84.11,96.84,69.41,71.13,2.72,3,Female,Medium Risk
76.52,90.71,57.94,81.62,2.67,7,Female,Low Risk
54.16,98.96,76.17,78.62,2.05,1,Male,Medium Risk
64.26,81.53,87.23,71.11,2.05,2,Male,High Risk
76.02,62.69,63.65,50.85,3.66,8,Female,High Risk
92.62,56.85,96.94,81.05,2.55,1,Female,Low Risk
85.38,79.8,59.74,93.98,3.04,3,Female,Medium Risk
81.09,98.85,53.31,88.48,2.6,3,Male,Medium Risk
74.8,77.6,82.22,99.08,3.88,2,Male,Low Risk
64.93,92.9,92.47,56.95,2.52,7,Male,Low Risk
55.96,59.75,97.66,61.13,2.86,5,Female,High Risk
70.45,64.42,88.36,76.96,3.75,5,Female,Low Risk
51.43,94.38,59.98,61.79,3.68,2,Female,Medium Risk
60.55,85.41,98.88,51.73,2.37,5,Female,Medium Risk
71.62,98.88,95.97,70.11,3.61,4,Male,Medium Risk
70.93,86.49,58.16,64.38,2.92,5,Female,Medium Risk
52.21,66.91,77.94,63.19,2.97,5,Male,High Risk
79.45,71.86,77.78,97.66,2.27,5,Male,Medium Risk
77.48,94.03,72.13,61.92,2.16,4,Female,Medium Risk
53.91,73.1,99.21,56.47,3.46,7,Male,Medium Risk
97.16,55.32,52.98,56.27,2.99,5,Male,High Risk
54.97,66.14,81.36,90.32,2.87,6,Male,High Risk
92.74,70.98,60.27,85.74,3.46,4,Male,High Risk
50.02,45.8,76.37,56.47,3.53,2,Female,Medium Risk
94.11,84.63,88.99,60.99,2.32,1,Female,Low Risk
50.99,46.56,62.34,87.37,3.22,2,Male,High Risk
87.89,64.3,69.67,63.73,2.27,1,Female,Medium Risk
68.08,88.28,97.54,99.08,3.5,8,Male,High Risk
86.91,68.05,88.07,77.03,3.31,2,Female,Low Risk
70.09,90.52,78.64,59.6,3.91,6,Female,High Risk
53.55,60.51,61.1,92.94,2.14,1,Female,High Risk
88.38,97.46,71.27,65.97,2.11,1,Female,High Risk
53.56,52.57,88.7,64.44,2.56,3,Female,Low Risk
96.11,42.3,91.03,66.37,2.52,1,Male,Medium Risk
52.55,92.35,62.23,88.41,2.49,1,Female,High Risk
73.97,85.13,83.1,58.66,3.81,3,Male,High Risk
86.15,53.92,54.75,69.09,2.5,5,Male,High Risk
69.66,99.08,51.16,51.54,2.54,5,Female,High Risk
60.86,70.14,77.43,91.33,3.52,3,Male,Low Risk
87.95,97.06,61.22,67.04,2.9,4,Female,Medium Risk
89.21,70.3,53.95,62.41,3.55,8,Male,Medium Risk
96.13,68.31,86.49,78.99,2.13,1,Male,High Risk
68.81,66.95,74.9,85.25,2.98,1,Female,Medium Risk
75.31,60.09,89.81,90.64,2.07,3,Female,High Risk
68.16,72.02,83.2,67.39,2.13,3,Female,High Risk
62.85,67.15,86.49,90.62,3.81,4,Female,Medium Risk
87.55,42.2,65.37,73.24,2.28,6,Male,High Risk
66.98,55.63,63.16,55.06,3.06,5,Female,Medium Risk
71.41,52.79,80.04,92.32,2.82,2,Male,Low Risk
70.18,92.05,60.0,77.38,2.69,6,Male,High Risk
85.63,75.93,90.77,80.12,3.8,7,Male,Low Risk
95.89,85.82,76.15,96.87,2.04,5,Male,High Risk
83.34,97.41,61.35,77.96,3.33,1,Male,Medium Risk
73.58,78.64,81.26,50.28,3.93,7,Male,Medium Risk
88.96,98.96,97.25,93.53,3.12,6,Female,Medium Risk
82.05,58.71,54.1,64.24,3.87,3,Male,High Risk
53.03,51.18,55.47,75.09,2.1,4,Male,Low Risk
54.78,64.2,92.19,60.24,2.84,5,Male,Low Risk
51.9,68.25,55.48,64.85,2.52,4,Female,High Risk
72.84,93.72,51.97,84.33,3.46,7,Female,Low Risk
91.29,73.6,67.4,71.48,3.96,5,Male,Medium Risk
65.65,57.53,73.34,81.36,2.51,8,Female,Low Risk
69.21,84.56,78.47,91.18,3.31,8,Male,High Risk
95.47,70.35,75.37,67.04,2.4,6,Female,Low Risk
91.85,49.73,95.66,78.42,3.13,1,Male,High Risk
83.25,74.61,88.43,88.88,2.93,8,Female,Low Risk
63.34,94.68,99.19,85.76,3.94,8,Female,Low Risk
55.85,90.56,73.82,76.99,3.22,2,Female,Medium Risk
50.8,75.21,54.22,69.17,2.7,4,Male,High Risk
55.35,62.62,97.78,70.38,2.23,4,Male,Low Risk
64.63,45.22,50.21,71.66,2.3,8,Male,Medium Risk
77.59,68.18,88.8,67.44,2.45,2,Female,Medium Risk
53.2,85.12,51.56,84.95,2.5,4,Female,Medium Risk
56.81,61.62,88.06,56.27,3.7,4,Male,Low Risk
59.05,54.13,96.9,98.37,3.12,5,Female,Medium Risk
81.6,95.88,69.46,88.95,3.05,5,Male,High Risk
80.79,89.29,62.05,64.91,2.23,2,Male,Low Risk
77.54,78.3,61.31,52.13,3.72,7,Male,Medium Risk
62.53,48.21,74.59,85.57,3.45,1,Male,Medium Risk
68.56,48.69,58.54,86.72,2.14,6,Female,High Risk
54.83,46.19,83.65,98.18,3.42,8,Female,Low Risk
61.32,76.98,68.42,62.69,3.09,8,Female,High Risk
94.89,46.93,66.16,54.14,2.16,6,Male,Medium Risk
98.98,90.56,73.06,95.76,2.92,8,Female,Low Risk
82.38,99.58,77.13,62.93,2.97,8,Male,High Risk
95.84,61.98,57.1,86.08,2.33,7,Male,Low Risk
82.14,67.22,85.39,53.03,3.89,4,Male,Medium Risk
51.66,82.7,94.15,88.03,3.7,1,Male,Medium Risk
99.84,96.23,63.9,56.35,3.34,8,Male,Medium Risk
54.95,93.65,59.02,84.78,2.92,2,Male,Low Risk
84.13,43.46,88.03,76.62,2.82,7,Female,High Risk
62.64,50.14,59.18,97.77,3.3,8,Female,High Risk
69.6,85.28,52.06,51.85,3.09,2,Female,Low Risk
82.3,81.33,80.96,64.6,2.12,5,Female,High Risk
71.82,47.99,61.99,53.48,3.03,4,Male,Low Risk
62.53,70.12,58.59,93.96,3.61,3,Male,High Risk
66.72,86.85,99.08,79.7,2.92,8,Female,Medium Risk
67.08,53.13,64.59,76.75,2.1,2,Female,Low Risk
97.97,92.28,95.17,56.57,3.57,7,Female,High Risk
89.93,43.18,58.91,74.45,2.4,4,Female,Low Risk
72.93,86.93,90.95,69.94,2.52,1,Female,Medium Risk
59.99,76.95,75.1,65.79,2.33,7,Female,Medium Risk
90.55,58.91,53.93,88.61,2.66,5,Female,Medium Risk
57.86,83.26,86.68,53.06,3.51,6,Female,Medium Risk
60.52,86.94,94.6,82.33,3.04,8,Male,Medium Risk
68.3,96.03,58.15,91.15,2.41,1,Male,Low Risk
94.02,62.07,86.28,95.37,3.76,2,Male,High Risk
56.59,81.16,72.25,87.3,3.76,8,Male,High Risk
56.11,76.16,87.69,64.12,3.74,2,Female,Low Risk
74.7,71.51,85.7,80.03,2.48,1,Male,Low Risk
63.82,93.42,51.33,57.07,2.9,2,Female,Medium Risk
78.44,40.19,58.94,55.85,3.97,7,Male,Medium Risk
72.58,56.93,73.55,81.93,3.54,4,Female,Low Risk
71.75,72.3,96.68,92.56,2.05,2,Female,Medium Risk
55.6,50.7,67.1,53.36,2.13,5,Male,Medium Risk
57.05,94.47,81.44,55.3,2.93,4,Male,Low Risk
91.05,78.86,50.6,78.28,3.82,7,Female,High Risk
94.29,68.67,85.56,60.91,3.08,8,Female,Medium Risk
61.73,88.88,80.15,80.59,3.0,3,Female,Low Risk
55.67,67.05,85.77,60.73,2.21,8,Male,Low Risk
52.67,73.52,95.23,55.82,3.31,2,Male,Low Risk
80.41,40.17,57.32,77.28,3.64,2,Female,Medium Risk
85.77,61.94,63.08,93.11,2.76,5,Male,High Risk
68.64,48.33,99.79,84.26,3.55,7,Female,Low Risk
83.98,81.38,57.81,90.94,3.93,5,Male,Medium Risk
85.65,68.74,86.03,63.32,2.41,6,Male,Low Risk
96.77,58.11,86.25,94.3,3.05,7,Male,High Risk
53.24,68.07,84.15,68.85,2.57,1,Male,Low Risk
59.61,52.58,61.37,92.62,3.59,1,Male,Medium Risk
53.43,95.51,60.76,73.56,3.16,1,Female,High Risk
93.4,43.24,83.32,63.39,3.27,5,Female,Medium Risk
89.63,91.93,59.31,63.01,3.6,1,Male,Low Risk
78.73,70.68,83.08,78.38,2.79,7,Female,High Risk
54.18,77.14,74.63,53.95,3.83,1,Female,Medium Risk
63.67,58.16,69.33,96.5,3.07,3,Male,Medium Risk
64.89,98.0,65.01,63.57,2.32,1,Female,High Risk
78.04,56.91,97.38,66.78,3.39,2,Male,Low Risk
62.9,75.33,75.4,61.67,3.59,6,Female,High Risk
53.65,99.61,78.06,50.15,2.63,5,Female,High Risk
86.54,92.87,97.46,84.63,3.71,4,Female,Medium Risk
64.95,72.18,82.69,79.53,3.81,6,Female,Low Risk
72.62,99.42,97.89,90.48,2.55,3,Female,Low Risk
56.38,82.08,55.32,52.05,3.97,5,Female,High Risk
90.13,52.52,92.33,96.43,2.28,7,Female,Medium Risk
78.28,64.34,66.77,66.54,2.4,8,Male,High Risk
95.08,60.07,90.52,95.65,2.37,5,Male,Low Risk
74.77,60.64,92.78,55.36,3.79,2,Male,Medium Risk
97.07,85.63,63.57,87.2,3.31,7,Male,Low Risk
94.59,75.06,70.44,78.97,2.3,6,Female,High Risk
78.82,42.29,86.3,67.91,2.88,6,Female,Low Risk
96.69,92.65,54.95,53.96,3.23,1,Female,Medium Risk
66.15,57.81,87.78,80.24,2.17,7,Male,Low Risk
68.28,99.82,55.52,51.32,3.76,8,Male,High Risk
52.27,97.25,95.72,75.06,3.61,2,Male,Medium Risk
79.46,96.43,63.82,80.21,3.01,1,Female,Low Risk
86.1,88.67,78.78,86.63,3.93,1,Male,Medium Risk
88.68,53.24,55.86,99.57,2.84,8,Female,High Risk
57.49,71.96,63.47,63.0,3.97,5,Male,Low Risk
72.21,53.46,70.2,66.12,3.34,6,Female,High Risk
58.84,55.58,74.35,67.06,3.27,1,Male,High Risk
83.11,76.66,50.0,86.58,2.33,3,Female,Medium Risk
57.9,42.45,94.43,96.59,3.76,3,Male,Medium Risk
95.21,98.17,50.38,98.72,2.85,6,Male,Low Risk
61.53,95.12,88.68,97.29,2.32,3,Female,Medium Risk
64.57,62.85,73.53,93.97,2.03,8,Female,Medium Risk
92.55,70.93,76.19,99.55,3.12,5,Male,Medium Risk
72.92,67.97,60.41,68.8,3.05,2,Female,Medium Risk
51.2,92.93,80.37,97.42,3.44,4,Male,Low Risk
74.73,81.32,76.86,88.05,3.78,1,Female,Low Risk
54.23,56.69,58.21,58.42,2.16,4,Male,Medium Risk
99.27,66.81,61.91,52.27,3.46,2,Female,High Risk
79.41,65.74,53.35,60.72,2.37,2,Male,Low Risk
62.83,97.56,53.31,88.94,3.72,8,Male,High Risk
78.19,50.52,50.69,81.58,3.64,5,Male,High Risk
53.84,45.37,61.02,61.22,3.08,3,Female,High Risk
89.99,92.84,83.98,87.1,3.42,3,Male,High Risk
96.27,93.8,65.81,57.07,2.63,8,Female,Low Risk
93.72,92.3,67.14,91.09,2.94,2,Female,Medium Risk
67.09,70.66,56.6,89.71,3.64,5,Female,Low Risk
66.29,79.58,78.77,98.63,2.92,5,Male,High Risk
51.75,73.8,67.11,57.51,2.72,6,Female,Medium Risk
82.57,44.17,83.82,95.33,2.99,7,Female,Low Risk
76.75,75.75,87.07,67.06,3.66,1,Female,Low Risk
72.97,40.82,79.23,70.8,2.67,8,Male,Low Risk
95.38,59.5,63.8,73.42,2.35,7,Female,High Risk
58.39,95.94,75.43,81.35,3.42,8,Female,Low Risk
50.48,58.24,62.6,99.74,3.65,3,Female,Medium Risk
53.67,96.39,95.15,80.0,2.2,2,Female,Medium Risk
61.17,55.01,88.32,96.34,2.48,8,Male,Medium Risk
51.66,58.87,74.65,62.75,2.28,8,Male,Medium Risk
75.14,77.7,98.27,69.92,2.7,6,Female,Low Risk
65.7,85.7,77.34,75.22,2.9,4,Female,Medium Risk
59.02,70.08,66.43,66.15,3.5,3,Female,High Risk
87.5,92.93,54.77,98.84,3.3,1,Female,Medium Risk
60.22,42.41,77.19,86.28,3.24,5,Male,Medium Risk
84.38,95.33,93.02,73.94,2.7,2,Male,High Risk
67.46,51.78,93.34,87.57,3.68,3,Male,High Risk
75.59,93.05,80.23,73.37,2.94,4,Male,High Risk
96.69,64.05,69.67,50.86,3.96,8,Female,Medium Risk
51.87,89.97,82.51,77.16,3.27,1,Female,Low Risk
75.01,80.3,88.11,81.26,2.25,8,Male,High Risk
92.72,50.56,70.58,99.06,3.35,1,Male,Medium Risk
79.4,95.08,73.81,52.04,2.65,6,Female,Low Risk
63.84,54.73,84.03,75.6,3.37,8,Female,High Risk
69.88,54.65,93.83,54.91,2.14,3,Female,Low Risk
84.01,88.85,89.55,57.45,2.35,4,Female,Medium Risk
94.54,46.35,51.12,80.52,3.71,1,Female,Low Risk
52.05,53.32,56.22,61.58,2.45,2,Male,High Risk
53.58,70.22,92.64,87.46,3.67,1,Male,High Risk
66.25,89.83,91.69,75.71,2.56,4,Female,High Risk
61.64,48.85,69.44,60.91,3.29,5,Female,Medium Risk
63.25,72.86,79.21,74.69,3.39,5,Male,Low Risk
61.06,82.67,95.29,50.04,3.03,6,Female,High Risk
59.79,91.64,95.58,93.14,2.61,3,Male,Medium Risk
56.53,96.13,89.15,50.63,2.43,4,Male,High Risk
96.7,87.08,60.48,50.35,2.07,6,Male,Low Risk
57.21,79.17,86.51,80.58,2.61,7,Male,Low Risk
60.22,66.02,55.05,98.68,3.31,1,Female,Medium Risk
62.31,46.73,94.7,92.8,3.88,7,Female,High Risk
96.65,82.58,57.46,62.6,3.74,1,Male,Medium Risk
87.79,99.56,83.12,59.83,3.53,5,Female,High Risk
89.48,84.21,80.51,81.31,3.58,6,Female,High Risk
55.24,41.0,88.84,91.13,3.33,5,Female,Medium Risk
91.82,69.78,77.58,68.1,2.52,2,Female,Low Risk
70.41,76.88,52.98,71.62,3.81,7,Male,Low Risk
63.14,81.38,85.29,55.77,3.34,7,Female,Medium Risk
78.79,83.18,69.16,57.64,3.12,5,Male,Medium Risk
91.11,73.49,66.01,78.42,2.22,2,Male,Low Risk
88.93,53.4,99.58,55.13,2.89,1,Female,Medium Risk
94.5,96.53,79.52,60.1,2.92,6,Male,Medium Risk
96.41,81.8,85.54,61.73,3.73,2,Female,Low Risk
61.91,54.21,76.32,72.2,3.09,6,Female,High Risk
71.19,59.34,88.5,52.28,2.76,7,Male,High Risk
50.73,95.32,87.6,74.99,3.95,6,Female,Medium Risk
93.97,93.25,82.86,96.43,2.22,7,Male,High Risk
57.73,64.31,99.89,51.22,2.85,2,Male,Medium Risk
93.07,42.3,72.99,81.55,2.08,7,Female,Medium Risk
66.47,42.91,85.31,91.79,3.48,8,Female,Medium Risk
68.41,57.04,89.89,65.62,3.84,3,Female,Low Risk
51.96,77.75,68.8,56.58,2.56,7,Male,High Risk
66.34,75.05,72.86,52.17,3.72,5,Female,Medium Risk
94.42,78.03,98.46,82.2,2.58,2,Male,High Risk
51.28,83.04,51.61,77.61,3.82,8,Male,Medium Risk
70.32,41.14,66.76,61.46,3.51,1,Female,Low Risk
51.57,46.31,74.31,91.58,3.61,6,Female,Medium Risk
68.55,61.57,50.07,86.78,2.04,8,Female,High Risk
58.63,49.29,94.96,63.82,3.93,4,Male,Medium Risk
62.61,44.52,64.31,87.67,3.45,8,Female,Medium Risk
93.88,78.46,62.89,62.25,2.61,2,Male,High Risk
71.8,88.92,91.02,83.76,3.66,8,Female,Medium Risk
63.69,85.16,63.9,55.93,2.56,8,Female,Medium Risk
79.47,89.02,82.88,84.61,3.75,5,Male,Low Risk
57.11,79.95,91.08,61.94,2.23,7,Male,Low Risk
62.97,84.12,89.62,78.62,3.41,6,Female,Low Risk
77.31,56.31,89.1,58.62,3.08,3,Female,Low Risk
61.88,99.58,54.43,86.3,2.19,1,Female,Low Risk
83.96,50.99,53.99,53.04,2.48,3,Female,Low Risk
74.57,52.87,65.34,58.27,2.02,8,Female,High Risk
88.6,57.34,51.8,59.21,2.94,4,Male,Medium Risk
97.41,98.52,75.02,52.07,2.6,2,Male,Low Risk
55.79,99.3,69.74,87.25,3.2,6,Male,Medium Risk
66.73,87.69,77.85,99.05,2.59,2,Male,High Risk
65.98,77.74,64.94,88.92,2.6,5,Female,Medium Risk
57.56,71.2,74.29,93.03,3.49,2,Male,High Risk
90.52,98.24,66.74,50.3,2.1,1,Male,High Risk
87.99,81.74,59.76,55.89,3.81,4,Male,Medium Risk
74.22,96.68,82.47,77.95,3.7,3,Female,Medium Risk
76.89,58.99,83.67,98.89,3.34,8,Male,Low Risk
52.98,60.03,91.46,83.04,3.19,8,Female,Low Risk
77.78,91.28,93.74,68.71,3.78,4,Male,Low Risk
89.57,48.99,85.22,57.31,2.37,6,Female,Low Risk
78.69,96.76,84.37,57.64,2.16,2,Male,Medium Risk
63.27,70.45,52.83,68.14,2.48,6,Female,Medium Risk
83.38,95.58,55.49,85.69,3.59,3,Male,High Risk
68.07,60.21,90.63,51.59,2.07,6,Female,Low Risk
77.24,82.96,61.65,92.61,3.17,5,Female,High Risk
74.38,68.97,67.78,97.08,3.99,4,Male,Low Risk
69.06,77.61,57.26,94.44,3.71,3,Female,Medium Risk
85.94,70.26,59.76,95.65,3.04,3,Female,Low Risk
94.19,98.03,88.77,50.77,2.13,7,Male,Medium Risk
50.26,81.53,63.09,98.89,3.66,3,Male,Low Risk
96.68,55.08,72.45,68.32,3.2,7,Female,High Risk
75.58,94.58,57.58,93.46,2.23,1,Male,High Risk
85.04,57.64,83.9,59.34,2.19,8,Male,Medium Risk
92.78,62.3,86.41,72.33,3.82,7,Male,Low Risk
73.36,46.13,68.08,52.21,3.34,4,Female,Medium Risk
91.75,94.0,89.24,52.0,3.66,6,Female,Low Risk
58.88,57.17,62.0,97.16,3.76,7,Female,Low Risk
57.96,55.54,84.6,90.53,3.14,3,Female,Low Risk
82.87,95.22,86.5,76.49,3.03,4,Female,Medium Risk
93.51,88.33,98.43,76.27,2.86,7,Female,Medium Risk
94.62,48.46,61.62,87.44,2.63,7,Female,High Risk
82.19,86.16,54.69,67.08,2.87,3,Male,Low Risk
76.27,94.78,63.15,88.09,3.55,5,Female,Low Risk
66.57,44.71,56.14,74.25,3.2,5,Female,Low Risk
99.0,89.51,58.48,81.9,3.79,7,Male,High Risk
65.98,72.85,66.71,98.24,2.89,5,Male,High Risk
87.21,80.15,70.7,73.57,3.21,2,Male,Low Risk
76.6,69.57,95.19,70.92,3.26,3,Female,High Risk
80.43,81.87,59.78,95.29,3.18,2,Male,Low Risk
69.67,42.05,98.59,95.13,3.41,4,Female,Medium Risk
98.24,85.76,90.51,99.62,2.47,2,Female,Medium Risk
78.58,42.0,94.07,77.54,3.02,4,Female,Low Risk
96.89,67.32,96.47,67.21,2.21,7,Male,High Risk
50.38,49.06,87.66,62.02,2.77,4,Male,Medium Risk
78.63,89.41,89.44,51.7,2.98,4,Female,Low Risk
85.86,58.82,71.89,86.34,3.3,6,Female,Low Risk
87.25,67.25,75.52,61.67,3.9,2,Female,Low Risk
95.25,65.73,96.62,80.33,3.2,6,Male,Low Risk
50.22,86.35,68.91,95.83,3.49,7,Female,High Risk
50.02,68.87,52.1,97.51,3.01,3,Male,High Risk
73.61,87.34,88.14,50.22,3.27,2,Female,Medium Risk
51.46,44.41,78.66,65.85,2.14,3,Male,Medium Risk
98.73,51.5,90.74,91.87,2.51,3,Female,Medium Risk
61.1,73.09,53.78,76.82,2.72,4,Male,Low Risk
73.63,96.83,81.06,90.38,2.94,8,Male,High Risk
53.06,44.49,62.39,92.67,2.09,2,Male,Medium Risk
76.1,42.59,95.16,72.13,2.28,3,Male,High Risk
69.0,49.39,55.5,67.95,2.55,8,Male,High Risk
52.23,78.47,92.15,72.77,3.94,5,Male,Medium Risk
66.76,63.94,54.43,82.64,2.66,3,Female,Low Risk
69.57,89.53,51.25,68.36,2.96,5,Female,High Risk
99.5,44.32,61.75,88.75,2.39,2,Female,Medium Risk
60.39,51.78,66.65,95.2,3.22,7,Female,Low Risk
77.24,58.0,81.33,64.12,2.56,6,Male,High Risk
99.37,77.6,56.59,98.25,2.41,2,Female,Medium Risk
89.6,81.11,71.87,81.14,3.03,6,Male,Low Risk
99.67,47.45,60.21,93.91,2.01,6,Male,Medium Risk
98.41,96.63,92.77,55.2,2.02,2,Male,High Risk
74.48,60.46,52.25,62.57,2.44,3,Female,Medium Risk
84.82,82.79,67.8,66.05,2.07,1,Male,Medium Risk
55.52,71.45,81.57,65.14,2.22,3,Female,High Risk
72.06,53.37,95.65,58.59,2.68,3,Female,High Risk
90.45,90.77,93.4,93.41,3.61,7,Female,High Risk
75.27,89.09,94.76,70.93,3.14,4,Female,High Risk
85.13,63.76,53.14,98.16,3.03,4,Female,High Risk
87.29,75.32,92.05,79.17,2.59,3,Male,Medium Risk
62.67,55.47,89.0,56.92,3.86,5,Male,Medium Risk
93.78,81.39,95.12,77.3,2.79,7,Female,Low Risk
72.99,58.54,65.58,99.68,2.17,6,Male,Medium Risk
60.51,90.64,95.59,78.26,3.23,8,Female,Low Risk
93.27,53.04,70.13,50.09,2.23,4,Male,Medium Risk
70.89,40.89,81.7,96.65,2.69,3,Male,High Risk
87.52,56.11,71.21,61.74,3.01,7,Male,Medium Risk
77.4,51.46,71.38,84.43,3.75,1,Male,Low Risk
69.09,70.5,77.33,75.75,2.99,5,Male,High Risk
90.49,52.22,67.8,66.27,3.4,2,Male,High Risk
79.22,85.79,89.64,64.13,3.99,3,Male,High Risk
69.53,54.48,81.68,96.44,2.26,7,Male,Medium Risk
55.48,82.42,84.49,95.6,2.55,3,Male,High Risk
94.77,74.71,61.55,75.66,2.79,8,Male,High Risk
51.77,99.17,98.48,62.92,2.84,6,Male,High Risk
93.16,99.99,83.01,55.12,2.82,5,Male,Low Risk
68.0,92.17,59.86,57.83,3.82,4,Male,Medium Risk
81.97,85.6,87.52,76.11,3.43,4,Female,Medium Risk
96.11,63.19,58.69,65.39,3.22,4,Male,Medium Risk
57.59,85.2,53.17,52.1,2.62,8,Male,Medium Risk
78.35,97.4,76.38,72.76,3.65,2,Male,High Risk
88.22,41.4,77.68,87.31,3.91,7,Male,Medium Risk
87.88,72.27,59.45,94.58,3.64,5,Male,High Risk
76.28,53.08,67.42,79.26,2.0,5,Male,Medium Risk
81.24,73.47,97.29,86.16,3.27,4,Female,Medium Risk
87.88,67.99,64.25,68.2,2.1,4,Female,High Risk
92.05,74.55,57.78,74.81,2.52,6,Female,High Risk
88.09,73.06,99.63,86.48,2.12,8,Male,High Risk
67.7,97.61,65.12,86.38,3.21,1,Male,High Risk
99.84,73.13,84.01,71.23,3.37,1,Male,Medium Risk
71.73,90.77,61.58,77.18,2.23,3,Female,Low Risk
51.22,59.19,77.51,96.19,2.77,3,Male,Medium Risk
68.13,66.29,69.31,81.6,2.91,5,Male,Medium Risk
56.39,68.22,98.08,82.13,2.74,5,Female,Medium Risk
56.07,56.72,71.64,89.23,2.24,2,Female,Medium Risk
64.08,62.79,79.21,55.76,2.84,2,Male,Low Risk
52.67,75.91,97.24,76.14,3.5,1,Male,Low Risk
84.43,74.81,99.46,97.97,2.14,8,Male,Low Risk
53.7,78.19,55.08,68.08,2.16,3,Male,Low Risk
60.16,61.11,91.72,64.75,2.71,1,Female,High Risk
54.64,58.95,69.11,80.06,3.88,8,Male,Medium Risk
53.16,76.7,79.74,61.06,3.34,1,Male,Low Risk
63.39,47.97,68.75,77.8,3.36,3,Female,Medium Risk
78.59,55.18,70.06,57.78,2.72,7,Male,Low Risk
98.23,42.53,57.94,78.99,3.19,2,Male,High Risk
93.78,44.36,78.64,80.12,2.02,6,Female,Medium Risk
93.8,54.6,77.34,70.92,3.27,6,Female,Low Risk
58.8,41.17,59.47,69.14,3.83,6,Male,Medium Risk
63.25,54.72,77.09,62.27,3.23,3,Female,Low Risk
53.82,79.3,98.66,66.55,3.75,4,Female,High Risk
88.92,43.67,85.72,74.92,3.45,4,Male,Low Risk
53.49,66.2,74.05,62.38,2.24,4,Female,Low Risk
77.83,94.79,95.8,89.14,3.8,5,Male,Medium Risk
62.39,87.48,78.77,85.45,2.13,2,Male,High Risk
62.17,58.33,56.75,63.47,3.07,2,Male,High Risk
99.54,95.49,77.38,54.87,2.28,7,Male,Low Risk
87.84,59.78,59.05,50.01,2.02,7,Female,Low Risk
91.85,44.35,88.38,79.84,2.84,5,Male,High Risk
78.6,99.64,98.36,60.57,2.59,1,Male,High Risk
93.55,92.2,68.04,50.63,2.97,8,Male,Low Risk
82.27,67.96,71.75,67.95,3.15,7,Male,Low Risk
97.31,79.98,71.07,98.1,2.09,6,Female,High Risk
64.07,80.27,64.26,84.5,2.25,4,Female,High Risk
79.77,51.67,89.71,92.89,3.12,6,Female,Low Risk
84.51,52.0,80.89,57.24,2.69,4,Male,Medium Risk
69.65,68.17,53.2,53.66,3.46,6,Female,Low Risk
93.99,94.69,91.94,50.58,3.3,1,Female,Medium Risk
98.99,40.6,59.35,97.78,3.69,8,Male,Low Risk
74.69,86.95,98.96,65.01,3.38,6,Female,Medium Risk
69.53,43.45,68.83,72.98,2.86,6,Male,Low Risk
73.6,68.69,80.82,69.73,3.35,3,Female,Medium Risk
92.64,78.27,53.89,86.52,2.55,8,Female,High Risk
82.27,81.21,67.23,65.5,2.61,6,Female,High Risk
52.24,43.51,90.12,76.77,3.58,3,Female,Low Risk
77.11,65.12,73.86,99.78,2.89,2,Male,Medium Risk
50.87,75.03,95.23,72.2,3.6,8,Male,Medium Risk
88.93,43.96,78.76,77.56,3.64,5,Female,Medium Risk
66.42,48.11,96.43,75.13,3.72,8,Male,High Risk
73.6,79.82,99.13,90.16,3.83,8,Female,High Risk
89.93,71.3,72.69,63.34,2.86,6,Female,High Risk
52.32,49.71,78.26,58.52,2.64,2,Female,Medium Risk
57.93,72.11,91.75,87.7,3.16,8,Female,Low Risk
69.9,94.76,61.08,70.78,2.74,7,Female,Low Risk
61.5,40.94,93.08,95.69,3.2,7,Female,Low Risk
66.9,78.56,79.6,82.21,3.41,3,Male,Medium Risk
99.91,44.42,86.28,78.22,3.38,6,Male,Low Risk
91.27,40.39,53.99,53.52,2.75,6,Female,High Risk
94.2,49.04,88.31,86.52,2.33,8,Male,High Risk
96.85,65.37,65.54,84.3,2.86,1,Female,High Risk
67.05,88.14,90.26,82.0,2.29,2,Male,Medium Risk
64.85,56.91,75.46,63.4,3.78,4,Male,High Risk
61.7,77.54,63.73,97.34,2.69,4,Male,High Risk
91.51,64.67,97.64,66.08,2.31,1,Female,Medium Risk
83.98,54.06,88.25,57.61,2.05,3,Male,Medium Risk
61.81,70.85,99.28,99.36,3.29,4,Female,Medium Risk
68.85,87.85,68.22,87.31,3.27,8,Female,Medium Risk
75.34,89.95,82.46,70.74,2.68,4,Female,High Risk
76.41,90.79,80.58,96.8,2.14,7,Male,High Risk
94.44,60.31,84.38,54.56,2.82,7,Male,High Risk
69.03,87.61,51.92,54.38,2.62,5,Male,High Risk
95.43,52.73,64.59,84.12,3.35,2,Female,Medium Risk
72.07,84.31,95.47,58.9,3.21,3,Female,Low Risk
87.32,96.9,71.19,95.86,2.73,6,Male,Medium Risk
96.51,40.82,98.03,92.02,2.44,2,Female,Medium Risk
95.38,66.42,60.68,65.32,3.98,3,Male,Low Risk
52.85,78.87,99.87,94.44,2.91,4,Male,High Risk
60.29,82.11,84.88,52.14,3.38,5,Male,High Risk
73.85,50.57,88.82,77.43,2.28,2,Male,Medium Risk
71.58,98.33,69.84,96.78,2.97,4,Female,Medium Risk
82.04,76.92,95.35,92.77,2.06,3,Male,Medium Risk
97.24,49.86,77.27,67.8,3.01,2,Male,Low Risk
55.62,41.23,84.05,59.14,3.93,6,Male,High Risk
72.59,87.0,54.74,60.53,2.77,2,Male,Medium Risk
59.62,44.78,81.58,75.73,2.08,4,Male,High Risk
94.71,48.46,93.95,79.84,2.06,8,Male,Low Risk
98.23,74.49,58.91,51.64,2.78,8,Male,Low Risk
73.94,76.21,86.89,70.68,2.32,2,Female,High Risk
55.2,81.21,51.27,91.52,2.05,6,Female,High Risk
89.26,63.61,96.31,72.22,3.51,5,Female,High Risk
84.86,86.43,99.15,58.46,2.92,5,Female,High Risk
67.73,98.46,67.71,97.74,2.58,8,Male,High Risk
94.37,56.27,55.35,63.31,3.8,4,Female,Medium Risk
98.79,82.18,82.93,89.92,2.23,3,Female,Low Risk
77.89,95.71,51.49,59.69,3.91,4,Female,Medium Risk
78.29,81.18,74.12,71.16,2.63,5,Male,High Risk
64.88,80.87,63.59,74.52,3.78,1,Female,High Risk
79.23,53.43,73.67,75.03,3.21,1,Female,High Risk
71.98,72.11,50.91,75.82,3.65,2,Male,High Risk
65.11,73.75,52.58,61.25,3.97,6,Female,Low Risk
53.36,82.01,50.8,75.8,2.58,8,Male,High Risk
62.64,99.81,80.96,74.09,3.92,7,Female,Low Risk
59.89,42.02,78.0,60.44,2.78,7,Male,Medium Risk
77.1,43.91,61.66,99.41,2.77,7,Female,Medium Risk
80.08,44.68,82.33,93.28,2.68,2,Female,Medium Risk
80.43,84.58,94.21,94.38,3.08,1,Female,Low Risk
69.41,48.18,63.87,84.28,2.31,5,Male,Medium Risk
71.06,77.35,91.6,57.99,3.11,2,Female,High Risk
91.71,59.48,83.13,78.4,3.08,7,Male,High Risk
73.81,67.44,51.69,91.07,3.52,7,Male,Low Risk
99.39,52.94,68.76,51.94,3.67,8,Male,High Risk
71.98,91.97,75.39,74.79,2.88,4,Male,Medium Risk
82.48,75.17,86.58,69.81,2.6,7,Female,Medium Risk
52.52,96.67,64.36,60.61,2.52,6,Female,High Risk
82.67,74.48,99.14,68.91,2.39,7,Female,High Risk
92.57,47.43,84.23,99.17,2.12,4,Male,High Risk
97.12,50.25,68.64,86.16,2.68,7,Female,Low Risk
99.87,99.34,54.85,64.98,2.54,6,Male,Medium Risk
64.11,83.53,59.07,80.27,3.93,5,Male,Low Risk
78.77,42.96,74.38,62.33,3.12,2,Male,Low Risk
72.54,82.23,74.73,80.54,2.69,6,Female,High Risk
78.19,64.73,88.39,94.81,3.16,4,Female,Medium Risk
57.87,58.43,86.31,77.84,2.28,2,Male,Low Risk
92.81,49.24,60.06,86.67,2.89,2,Female,Medium Risk
95.48,90.39,79.75,72.67,3.25,4,Female,Medium Risk
72.48,43.83,51.03,76.21,2.98,8,Male,Low Risk
64.02,57.39,69.93,84.75,2.8,1,Male,High Risk
57.04,58.38,88.21,90.62,3.99,7,Female,Low Risk
84.19,49.65,69.98,82.97,3.76,6,Male,High Risk
65.61,70.49,91.78,98.87,3.25,4,Male,Medium Risk
95.48,40.7,98.81,90.99,3.14,5,Female,High Risk
83.55,58.06,80.36,88.86,3.24,3,Female,Low Risk
82.28,96.02,57.25,92.26,2.4,4,Male,Medium Risk
77.97,58.63,68.98,64.06,2.79,7,Female,Medium Risk
52.29,61.63,50.47,71.6,2.08,7,Male,Low Risk
96.6,68.39,80.14,78.22,2.95,2,Male,Low Risk
81.4,73.7,91.08,73.12,3.09,2,Female,Low Risk
99.7,88.52,81.5,92.37,2.46,4,Male,High Risk
76.87,51.42,89.3,51.35,3.93,3,Male,Low Risk
85.51,92.3,90.0,60.46,3.82,8,Male,Medium Risk
52.81,85.45,92.55,94.09,3.44,4,Female,Medium Risk
81.59,83.36,63.33,52.96,3.07,3,Female,Low Risk
88.23,45.21,93.56,61.35,3.74,8,Female,High Risk
88.93,41.3,82.7,67.56,2.26,3,Male,High Risk
88.51,75.64,64.49,87.54,3.58,7,Male,Medium Risk
61.31,91.79,99.36,78.01,2.25,7,Female,Low Risk
98.77,75.07,97.51,97.73,3.59,7,Female,Medium Risk
99.76,52.79,78.72,61.39,2.55,5,Female,Medium Risk
53.78,45.43,92.16,93.61,3.75,7,Male,Medium Risk
96.82,81.98,63.07,64.15,3.89,6,Female,Medium Risk
64.47,83.31,70.8,62.27,2.3,2,Male,Low Risk
84.46,50.35,59.2,74.92,2.93,2,Female,High Risk
66.91,41.69,76.01,53.56,3.96,3,Male,Low Risk
98.39,64.5,74.8,69.22,2.97,2,Male,Low Risk
55.08,74.96,60.64,67.78,3.73,1,Female,Medium Risk
74.89,82.36,83.64,58.01,3.18,8,Male,High Risk
71.4,88.6,55.89,93.04,2.75,3,Female,High Risk
66.3,76.63,53.08,69.29,2.57,2,Male,Low Risk
82.28,46.65,69.25,99.1,2.41,1,Male,High Risk
56.55,80.95,70.49,94.99,3.52,8,Female,Medium Risk
85.83,99.05,65.99,59.74,2.77,5,Male,Medium Risk
99.03,94.34,62.9,75.26,3.02,2,Female,Medium Risk
90.23,92.3,66.94,80.09,2.98,1,Female,Low Risk
93.0,58.13,58.17,90.95,3.15,4,Female,Low Risk
67.98,85.05,70.17,94.28,3.73,6,Male,Medium Risk
66.24,91.07,95.23,81.2,3.96,4,Male,Medium Risk
75.85,80.7,61.22,51.76,2.82,1,Male,Low Risk
52.29,55.03,84.22,74.06,3.66,3,Female,High Risk
97.27,97.23,57.09,94.24,3.53,7,Female,High Risk
57.19,67.05,67.7,85.7,3.15,7,Male,Low Risk
95.15,47.79,66.06,93.51,3.91,7,Male,Low Risk
54.18,46.59,96.85,83.7,2.4,8,Female,Medium Risk
91.13,78.85,71.4,52.2,2.22,3,Male,High Risk
57.6,66.26,84.52,98.4,3.71,8,Female,Low Risk
51.91,45.67,80.12,95.9,2.88,2,Male,Medium Risk
85.97,84.42,57.05,56.33,3.69,7,Female,Low Risk
64.01,87.96,96.98,55.63,3.79,4,Male,Low Risk
85.72,83.52,67.29,76.95,2.12,3,Male,Low Risk
77.75,52.14,52.24,87.85,3.77,3,Female,Low Risk
55.44,81.39,65.02,69.11,2.9,7,Female,High Risk
96.61,40.64,66.78,56.82,3.02,4,Female,Low Risk
72.62,58.31,54.64,75.53,3.25,5,Male,High Risk
86.72,63.93,81.0,66.88,3.85,3,Female,Low Risk
75.05,90.11,67.34,67.59,2.04,7,Female,High Risk
80.22,63.42,81.46,82.25,2.95,6,Male,Medium Risk
65.14,40.68,50.34,94.28,3.38,1,Female,High Risk
60.02,61.14,99.1,77.93,3.45,8,Female,Low Risk
77.13,69.94,58.53,84.38,3.39,2,Female,High Risk
72.01,96.94,82.97,83.0,2.27,3,Male,Medium Risk
69.51,96.46,85.79,77.56,2.6,6,Male,Low Risk
83.63,50.85,58.58,65.54,2.72,6,Male,Low Risk
84.53,51.11,55.59,68.89,3.61,3,Female,High Risk
52.3,49.8,57.63,65.79,2.56,5,Male,Medium Risk
66.94,87.34,62.34,95.87,2.42,1,Female,High Risk
70.59,40.36,58.41,91.33,3.91,2,Female,Low Risk
54.84,47.63,83.7,78.97,2.02,3,Female,Low Risk
61.8,72.28,71.04,95.61,4.0,8,Male,Medium Risk
52.58,54.85,76.89,94.32,3.35,2,Male,High Risk
99.81,45.54,52.37,96.38,3.66,4,Female,Medium Risk
86.83,61.59,93.06,61.09,2.59,6,Female,Low Risk
54.37,56.45,58.53,85.88,2.03,6,Male,High Risk
51.01,70.67,68.01,80.46,3.48,3,Male,Medium Risk
85.96,98.75,53.6,86.69,3.67,3,Male,Medium Risk
71.96,47.46,56.84,63.17,3.48,8,Female,Low Risk
89.34,62.36,83.29,84.74,2.29,4,Male,Low Risk
96.17,95.92,84.63,70.49,3.51,5,Male,Medium Risk
79.97,92.61,83.85,91.7,3.54,3,Male,Medium Risk
59.36,63.66,77.61,89.77,3.32,6,Female,Medium Risk
89.11,81.94,97.63,60.57,3.53,2,Male,High Risk
97.79,45.27,75.36,59.19,3.69,1,Female,High Risk
79.01,82.75,72.47,85.89,3.23,7,Female,Medium Risk
84.1,98.37,62.38,77.52,2.18,2,Female,High Risk
66.87,72.25,54.94,77.86,2.98,5,Male,Low Risk
69.08,69.91,77.41,87.63,2.16,1,Male,High Risk
86.73,51.24,65.74,92.75,2.82,2,Male,High Risk
96.39,78.03,76.2,61.95,2.81,2,Female,Medium Risk
81.45,75.43,60.31,77.78,2.13,4,Male,High Risk
89.49,79.12,91.91,91.45,2.7,7,Female,Medium Risk
58.58,41.56,99.98,93.64,2.22,8,Male,Medium Risk
60.6,72.92,66.12,64.37,3.62,5,Male,Low Risk
76.6,75.7,92.12,55.21,3.9,6,Male,Low Risk
58.83,52.45,93.65,61.64,2.14,4,Male,Low Risk
81.75,52.5,99.8,97.27,3.91,1,Female,High Risk
64.58,56.57,67.14,73.12,3.05,7,Female,Low Risk
89.58,82.7,87.8,70.93,2.6,6,Female,Medium Risk
90.41,76.38,61.44,50.65,2.15,4,Female,Medium Risk
73.19,90.75,81.24,52.55,3.0,7,Male,Medium Risk
59.04,57.74,85.24,83.43,3.59,8,Female,High Risk
82.34,94.72,87.06,79.49,3.41,5,Female,Low Risk
99.64,84.62,60.36,78.78,2.1,3,Female,High Risk
81.13,63.7,92.44,55.52,2.15,8,Male,Medium Risk
51.79,45.72,71.05,67.6,2.81,3,Female,High Risk
50.86,55.42,60.82,90.62,2.59,1,Female,Low Risk
66.02,97.41,77.13,58.75,2.46,3,Male,Low Risk
59.79,58.62,93.17,94.13,2.56,4,Male,High Risk
90.65,59.79,98.35,56.07,3.61,1,Female,Low Risk
92.24,51.38,87.41,58.46,3.86,6,Female,Low Risk
62.93,88.41,50.28,73.89,2.81,8,Male,Medium Risk
66.28,56.54,56.74,97.26,3.81,8,Female,Medium Risk
61.81,59.82,53.81,66.48,2.64,5,Male,Medium Risk
95.42,64.86,55.06,82.91,2.95,1,Female,High Risk
75.13,66.02,69.15,79.43,2.45,6,Female,Low Risk
82.81,64.68,66.92,57.48,3.28,8,Female,Medium Risk
70.77,70.22,55.68,62.41,3.96,1,Female,Medium Risk
81.55,88.87,94.11,96.51,3.21,2,Female,Low Risk
69.29,89.16,80.77,59.24,2.72,2,Male,High Risk
66.98,87.9,89.82,84.75,3.3,1,Male,High Risk
81.72,46.07,68.58,98.23,2.25,8,Female,High Risk
79.55,87.98,70.51,55.98,3.78,7,Female,High Risk
64.68,47.22,65.88,69.96,3.01,3,Female,High Risk
57.47,47.48,71.92,61.2,2.9,2,Male,Low Risk
68.43,96.87,80.52,61.08,3.17,7,Male,High Risk
70.76,89.16,74.65,55.95,3.25,7,Male,Medium Risk
81.43,73.14,91.9,82.48,2.14,5,Male,High Risk
95.73,92.5,95.01,87.32,3.37,6,Male,Medium Risk
51.81,99.36,73.48,83.84,2.48,4,Male,Low Risk
62.18,76.64,61.99,96.23,3.43,2,Male,High Risk
59.69,76.77,97.26,57.28,3.65,1,Male,Low Risk
75.11,85.27,86.75,65.99,3.61,3,Female,Low Risk
71.49,53.93,82.01,67.23,3.11,4,Male,Medium Risk
86.45,50.03,87.27,61.6,3.04,6,Male,High Risk
62.12,85.57,53.8,57.11,2.29,7,Male,Low Risk
79.72,60.69,53.38,74.34,3.55,6,Male,Low Risk
94.19,48.1,57.66,91.72,2.54,8,Female,High Risk
95.53,58.89,57.37,97.73,2.99,2,Male,Medium Risk
97.94,61.52,71.03,56.47,2.57,6,Female,High Risk
88.66,97.91,57.87,91.16,2.27,6,Female,High Risk
95.3,81.88,92.73,91.23,3.26,3,Female,Low Risk
61.73,71.85,78.9,69.45,2.11,8,Male,Medium Risk
59.88,98.13,68.41,55.5,3.5,8,Male,Medium Risk
50.32,94.19,53.48,99.5,2.64,7,Male,Medium Risk
85.34,70.72,79.55,82.78,2.0,3,Female,High Risk
96.87,94.34,55.83,99.11,3.02,3,Female,High Risk
59.35,64.26,87.16,74.18,2.09,1,Female,Medium Risk
81.85,53.83,90.14,69.76,2.55,6,Female,Medium Risk
87.32,53.96,77.2,62.36,3.41,6,Male,High Risk
96.38,79.74,57.48,99.18,2.13,8,Male,High Risk
82.34,70.06,89.34,62.66,3.68,6,Male,Medium Risk
98.51,79.54,65.39,51.19,2.01,5,Female,Low Risk
67.23,81.16,61.13,75.62,2.49,3,Female,Low Risk
67.5,41.34,73.53,68.85,3.48,4,Male,High Risk
77.15,43.24,96.13,63.07,2.63,8,Male,Medium Risk
69.18,71.96,64.87,81.73,2.2,2,Female,Low Risk
50.07,51.46,95.28,68.21,2.72,8,Male,Medium Risk
86.59,77.95,52.68,70.11,2.54,7,Male,Low Risk
87.59,73.13,54.18,51.15,3.69,4,Female,Low Risk
87.35,75.15,84.93,79.45,2.63,7,Female,High Risk
67.25,58.15,59.53,56.1,3.58,1,Female,High Risk
76.11,78.39,65.83,60.69,3.78,1,Male,High Risk
68.0,89.77,56.82,85.86,2.87,7,Female,High Risk
50.8,99.88,66.61,65.66,3.82,6,Male,Low Risk
78.12,90.31,64.02,58.16,2.75,4,Male,Low Risk
56.19,73.45,86.82,78.87,3.93,6,Female,High Risk
54.0,51.61,85.1,60.75,2.18,8,Male,Medium Risk
87.77,80.89,97.75,63.55,3.37,5,Female,Medium Risk
50.48,96.26,86.22,81.07,2.99,1,Female,Medium Risk
97.95,52.71,84.74,86.99,2.78,1,Male,Medium Risk
75.76,55.36,84.71,86.98,3.27,4,Male,Low Risk
99.15,48.94,94.15,74.11,3.41,1,Female,High Risk
52.9,84.2,64.81,72.71,2.01,5,Female,High Risk
79.18,64.39,65.0,89.38,2.33,5,Female,High Risk
67.47,43.76,87.06,59.65,3.43,5,Female,Medium Risk
92.17,92.5,61.44,57.61,3.33,2,Female,Medium Risk
68.06,73.46,95.6,83.23,3.93,5,Female,Medium Risk
63.02,59.87,76.74,70.48,3.52,5,Male,Medium Risk
92.88,60.64,65.01,85.5,3.9,2,Male,Low Risk
68.73,57.42,88.8,62.83,3.41,6,Male,Medium Risk
50.84,67.33,65.62,66.24,2.6,8,Male,High Risk
69.51,60.22,98.16,94.83,2.21,3,Female,Low Risk
82.73,72.88,99.15,71.08,3.56,1,Male,Low Risk
62.72,86.41,83.34,79.55,3.29,5,Male,High Risk
71.6,80.47,55.68,55.33,2.1,1,Female,High Risk
52.84,57.67,63.16,58.94,2.72,4,Male,Low Risk
79.4,71.72,75.77,51.79,3.91,1,Female,High Risk
87.81,90.41,92.57,71.22,3.0,7,Female,High Risk
70.67,44.09,59.24,99.45,2.87,6,Female,Medium Risk
71.01,44.7,55.22,93.69,2.92,8,Female,High Risk
54.41,73.37,53.72,81.65,2.42,2,Female,High Risk
60.1,78.35,75.35,93.05,2.74,1,Male,Medium Risk
57.73,52.68,94.24,79.71,2.74,1,Male,Low Risk
74.08,84.71,52.12,68.44,2.1,1,Male,Low Risk
76.46,78.78,60.62,58.68,3.54,3,Female,Low Risk
97.45,95.4,84.66,82.65,2.83,3,Male,High Risk
53.66,50.14,91.29,59.65,3.64,4,Male,High Risk
79.99,85.08,90.37,70.87,3.7,2,Male,Low Risk
76.32,45.02,89.25,91.29,2.42,1,Male,Medium Risk
75.81,73.92,56.49,56.46,3.31,1,Female,High Risk
93.66,73.11,69.86,56.45,2.94,1,Male,High Risk
60.28,63.3,99.24,61.22,3.76,1,Female,High Risk
52.04,90.67,99.44,77.6,2.43,3,Female,Medium Risk
83.61,40.26,80.12,62.59,3.36,6,Male,High Risk
67.26,71.21,85.46,75.16,3.22,6,Female,Low Risk
50.88,53.03,97.56,65.1,2.59,4,Female,High Risk
62.57,84.61,72.5,75.31,2.27,7,Female,Low Risk
65.47,42.58,56.84,63.88,3.3,5,Female,Low Risk
80.84,89.89,83.45,99.0,3.48,2,Female,Medium Risk
58.63,90.29,98.01,74.64,2.63,6,Female,Low Risk
70.65,89.97,84.86,87.18,3.29,7,Female,Low Risk
74.12,49.15,90.17,85.03,2.79,8,Male,High Risk
72.96,77.82,71.14,74.53,3.43,8,Male,Medium Risk
98.7,40.86,54.82,61.94,2.4,1,Female,Medium Risk
52.28,90.88,58.44,75.54,3.78,8,Female,Medium Risk
97.55,83.38,99.13,84.05,2.57,6,Male,Medium Risk
79.1,71.87,74.66,73.0,2.74,4,Male,Medium Risk
89.79,83.84,50.6,54.1,2.12,5,Male,Medium Risk
71.52,45.66,97.77,50.9,2.22,6,Male,Medium Risk
72.69,71.72,74.89,66.39,3.03,4,Female,Medium Risk
93.97,57.48,91.81,57.51,2.54,8,Female,Medium Risk
94.8,98.36,77.42,95.31,3.67,3,Male,Low Risk
61.93,91.43,55.09,58.79,2.03,5,Male,Medium Risk
59.96,84.0,80.78,69.71,2.76,4,Male,Low Risk
74.81,96.02,99.87,85.6,2.67,7,Male,Medium Risk
95.01,60.81,51.74,90.77,2.04,6,Female,Medium Risk
66.12,94.05,92.09,73.89,2.25,3,Male,Medium Risk
82.6,59.51,61.77,59.06,2.83,7,Male,High Risk
85.41,83.97,69.69,63.54,2.99,4,Male,Low Risk
88.93,84.19,68.64,70.95,2.81,4,Female,High Risk
78.2,41.1,94.94,68.23,3.06,8,Female,Medium Risk
70.12,61.66,75.22,67.43,3.19,7,Female,High Risk
98.35,41.17,72.36,56.59,2.02,6,Male,High Risk
80.57,99.83,90.9,95.67,2.93,5,Male,Low Risk
86.43,47.33,52.45,51.49,3.93,3,Male,Medium Risk
67.25,72.57,54.32,72.0,3.04,8,Female,Low Risk
83.5,87.43,51.08,99.02,3.36,1,Female,High Risk
62.89,52.08,84.4,82.99,2.62,2,Male,High Risk
62.25,69.1,76.28,67.77,3.55,5,Male,High Risk
85.74,76.45,93.8,57.3,3.55,8,Female,Medium Risk
76.07,49.61,74.93,98.19,3.04,3,Male,Low Risk
84.16,86.71,61.09,50.7,3.95,7,Male,Medium Risk
63.47,57.96,90.26,84.07,2.25,4,Male,Medium Risk
79.94,52.66,64.72,94.01,2.03,7,Female,Low Risk
72.2,73.5,96.78,51.26,3.54,8,Male,High Risk
79.85,64.62,62.52,86.26,3.61,3,Male,Medium Risk
64.54,95.22,58.39,99.94,2.24,7,Male,Medium Risk
85.77,92.8,74.67,81.98,2.53,7,Male,High Risk
90.3,69.0,52.53,70.73,2.04,2,Female,High Risk
63.0,61.56,51.82,93.72,2.59,6,Female,High Risk
65.03,59.53,74.8,77.71,3.55,8,Female,Low Risk
83.06,56.05,60.76,87.47,3.04,2,Male,Medium Risk
84.78,72.67,50.47,79.39,2.7,8,Female,Low Risk
85.2,88.3,64.8,51.91,2.74,1,Male,Medium Risk
84.13,58.65,73.87,60.66,2.0,1,Female,Medium Risk
69.64,51.41,69.71,53.94,2.6,2,Male,Low Risk
69.74,68.53,56.77,55.33,3.29,5,Female,Low Risk
62.74,44.14,78.98,50.77,3.95,5,Female,High Risk
57.84,82.08,85.52,71.06,3.69,7,Female,High Risk
84.63,71.1,83.78,58.93,2.05,7,Male,Low Risk
54.66,69.78,69.69,92.78,3.8,4,Male,Low Risk
96.89,58.03,56.88,87.5,3.57,1,Male,Low Risk
91.33,94.28,74.97,78.66,3.56,8,Female,Medium Risk
92.88,45.43,94.52,74.45,2.92,4,Male,High Risk
95.33,92.19,73.44,62.79,2.8,1,Male,High Risk
70.43,62.6,59.78,73.75,2.61,2,Male,Low Risk
92.34,92.84,54.65,82.06,2.13,5,Male,Medium Risk
57.9,83.73,97.2,89.11,2.46,7,Male,High Risk
51.08,46.25,87.15,54.08,2.49,5,Male,Low Risk
89.24,89.89,65.65,85.42,2.97,2,Female,High Risk
53.74,80.93,64.77,87.14,3.49,4,Female,Low Risk
99.43,41.94,94.76,77.95,2.95,4,Male,Medium Risk
83.74,48.02,58.88,60.72,2.12,3,Female,High Risk
87.67,78.14,76.75,76.96,3.92,7,Female,Medium Risk
62.29,79.76,85.68,75.14,3.89,7,Male,High Risk
83.69,84.8,69.82,73.79,3.57,8,Male,Medium Risk
52.16,83.21,52.0,73.03,3.98,7,Female,Medium Risk
91.89,79.57,61.39,55.54,3.09,1,Male,High Risk
58.48,85.97,95.09,59.14,3.93,4,Female,Low Risk
84.87,74.51,76.16,54.87,2.15,2,Female,Medium Risk
61.22,55.65,90.77,62.12,2.73,4,Female,High Risk
53.42,94.74,77.78,63.17,2.45,5,Male,High Risk
74.07,41.09,97.18,62.25,2.39,1,Female,High Risk
58.46,61.99,95.46,60.55,2.28,7,Male,Low Risk
86.47,83.73,74.14,86.77,3.24,8,Male,High Risk
61.88,65.63,65.91,90.93,3.56,8,Male,Medium Risk
67.12,41.49,80.08,66.36,3.16,8,Male,Low Risk
78.37,43.96,83.74,65.26,2.29,6,Male,Medium Risk
64.25,78.92,74.92,92.2,3.62,3,Female,Medium Risk
68.9,97.89,91.11,81.2,3.27,1,Male,Low Risk
90.78,73.11,59.17,64.67,2.78,5,Male,Low Risk
58.96,70.41,66.72,85.68,3.35,7,Male,High Risk
54.11,59.1,84.32,67.23,2.52,5,Male,Medium Risk
66.42,55.4,62.33,79.33,2.69,5,Male,Low Risk
71.22,41.26,71.99,99.63,3.83,7,Female,Medium Risk
77.13,56.38,98.19,65.08,2.58,5,Male,Low Risk
68.62,66.95,81.29,96.53,2.94,8,Male,Low Risk
89.5,51.88,97.45,66.03,3.78,2,Female,Low Risk
51.97,45.24,86.12,77.01,3.42,3,Male,High Risk
71.59,83.06,86.23,73.0,2.12,6,Female,High Risk
69.11,93.68,79.59,89.16,2.29,5,Female,Medium Risk
82.38,96.21,57.11,53.05,2.02,5,Female,High Risk
98.31,77.08,75.99,81.36,3.26,4,Female,Low Risk
75.52,43.17,62.63,88.03,2.9,3,Male,Medium Risk
99.34,84.45,99.93,73.61,2.27,1,Male,Medium Risk
65.11,46.61,63.35,55.26,3.92,3,Female,Low Risk
51.54,80.18,61.53,62.24,3.06,3,Female,Medium Risk
58.28,86.76,81.19,83.98,2.48,7,Male,Medium Risk
69.76,83.55,75.55,94.77,3.0,7,Female,High Risk
65.82,97.11,51.07,71.08,3.36,7,Female,Medium Risk
54.85,84.29,56.48,78.02,2.15,6,Female,Low Risk
71.63,81.59,90.55,61.42,2.55,8,Male,Low Risk
66.91,55.7,74.18,70.61,3.61,3,Female,Medium Risk
56.13,95.49,57.3,66.84,2.92,6,Male,High Risk
64.81,50.77,73.26,82.78,3.09,5,Male,Low Risk
94.32,94.29,62.66,99.23,2.87,7,Male,Low Risk
65.1,58.76,61.18,90.67,2.09,5,Female,Medium Risk
85.7,47.81,97.89,59.61,2.33,7,Female,Low Risk
80.6,89.6,68.1,78.88,2.89,2,Male,Medium Risk
71.36,40.15,52.32,53.32,2.42,6,Male,Medium Risk
61.95,89.93,98.52,62.35,2.1,6,Male,Low Risk
68.45,55.74,89.74,58.61,3.69,8,Female,High Risk
79.61,93.08,62.72,66.78,3.96,1,Female,Medium Risk
67.54,81.49,70.44,83.94,3.59,4,Male,High Risk
60.74,79.97,93.11,74.97,3.71,3,Male,Medium Risk
55.82,61.92,67.87,96.65,2.48,1,Female,Medium Risk
93.99,43.56,78.37,60.64,3.92,6,Male,High Risk
72.02,89.8,76.74,68.21,2.39,1,Female,Medium Risk
81.26,50.25,70.06,66.49,3.9,2,Female,High Risk
74.52,62.34,81.98,61.8,3.99,4,Male,Low Risk
93.63,76.02,73.66,99.66,3.42,8,Male,High Risk
77.35,68.94,51.06,69.36,3.96,6,Female,Low Risk
74.04,51.92,90.72,97.03,3.14,6,Female,Medium Risk
96.23,48.44,55.66,69.52,2.52,3,Female,Low Risk
85.98,47.39,73.2,60.2,2.87,8,Female,Low Risk
55.58,91.78,79.0,55.96,3.19,8,Female,High Risk
58.89,41.89,85.28,92.78,2.15,7,Male,High Risk
89.36,98.62,70.54,51.6,3.24,4,Female,Medium Risk
91.79,51.91,86.78,98.22,3.96,2,Female,Medium Risk
77.26,46.62,56.57,70.91,2.38,5,Female,High Risk
77.72,74.62,82.67,62.37,3.59,1,Male,High Risk
81.6,44.8,91.32,80.87,3.82,8,Male,Medium Risk
71.96,76.15,94.47,56.65,3.89,3,Female,Low Risk
84.01,91.04,78.98,53.61,3.92,6,Female,Low Risk
55.42,42.87,65.64,91.39,3.04,5,Male,High Risk
98.06,87.99,58.17,71.23,3.95,2,Male,Medium Risk
87.51,63.67,67.28,75.91,3.51,4,Male,High Risk
81.56,49.57,77.0,58.83,2.32,8,Male,Medium Risk
65.82,50.57,59.82,53.07,2.95,1,Female,Low Risk
58.05,95.13,97.63,68.39,3.44,8,Male,Low Risk
70.47,46.64,94.86,75.31,2.49,3,Female,Medium Risk
83.08,92.01,51.65,88.27,3.28,8,Female,High Risk
81.69,72.65,78.1,75.05,3.33,8,Male,Medium Risk
69.13,42.34,89.47,89.13,2.33,8,Male,Low Risk
80.66,67.87,62.27,55.77,3.13,6,Male,High Risk
90.69,89.05,76.19,53.2,3.54,6,Male,High Risk
51.31,83.57,70.3,57.94,3.0,5,Female,Low Risk
72.53,69.33,59.83,88.6,2.02,5,Female,Low Risk
87.93,91.6,80.74,87.97,2.02,1,Female,Low Risk
77.31,47.22,99.68,57.07,2.71,4,Male,Medium Risk
82.57,94.6,68.26,51.55,3.85,2,Female,Medium Risk
75.83,90.79,77.62,84.26,2.46,7,Male,Medium Risk
99.59,82.5,66.39,92.76,3.27,4,Female,Low Risk
52.73,89.07,93.85,87.71,2.44,4,Male,Low Risk
74.55,72.63,93.23,60.14,2.64,4,Female,Low Risk
54.57,80.51,58.94,79.19,3.7,7,Female,High Risk
57.99,73.64,95.0,87.87,3.46,1,Male,Low Risk
69.15,61.33,57.58,62.79,2.19,7,Female,Medium Risk
57.78,74.13,54.77,76.39,2.86,1,Female,High Risk
98.18,55.45,82.65,65.72,2.06,7,Male,High Risk
97.34,66.42,69.3,61.28,2.96,2,Male,Low Risk
66.81,56.85,76.54,98.48,3.32,8,Male,Medium Risk
81.99,47.37,82.63,95.63,2.24,4,Male,Low Risk
76.69,59.31,52.64,72.28,2.58,8,Male,Low Risk
90.78,91.12,64.65,56.84,2.8,1,Female,High Risk
81.37,62.86,73.05,86.4,3.84,7,Male,Low Risk
50.01,84.88,63.33,62.79,3.99,2,Female,High Risk
88.16,50.51,52.45,58.43,2.09,7,Female,Medium Risk
87.34,65.47,54.33,69.08,3.52,8,Male,Medium Risk
75.49,46.89,90.09,76.49,2.74,6,Female,Low Risk
95.15,48.32,95.57,54.87,2.78,2,Female,Medium Risk
95.42,77.05,57.61,78.59,3.51,4,Male,Low Risk
76.2,76.45,62.46,50.77,3.84,3,Female,Low Risk
80.4,52.8,82.61,94.59,3.9,4,Male,Medium Risk
99.83,68.47,97.71,96.04,3.15,3,Male,Medium Risk
64.94,91.8,64.98,86.65,2.71,2,Male,Low Risk
66.23,50.45,92.76,73.33,3.58,6,Female,High Risk
59.14,41.15,75.3,62.74,2.5,8,Female,Low Risk
94.79,79.12,97.83,87.21,3.13,6,Female,Low Risk
87.22,43.21,56.81,96.59,2.72,1,Female,High Risk
55.28,98.8,98.68,57.93,3.31,6,Male,Low Risk
99.09,76.58,72.05,73.29,2.48,5,Female,High Risk
86.55,68.22,97.65,65.76,2.38,2,Male,Low Risk
92.53,65.8,72.93,67.84,3.84,8,Female,High Risk
52.41,74.38,76.5,70.29,2.2,8,Female,Low Risk
75.25,45.44,90.24,97.59,3.01,1,Female,Medium Risk
84.93,95.8,86.13,62.93,2.44,8,Female,Low Risk
77.15,77.54,80.98,74.63,2.08,6,Female,High Risk
83.33,51.04,70.85,97.57,2.07,2,Male,High Risk
90.89,73.75,89.62,73.8,2.35,4,Female,High Risk
68.72,48.0,97.41,93.18,3.73,6,Female,Low Risk
92.43,41.05,50.49,52.94,2.56,7,Female,High Risk
58.15,77.83,79.39,97.65,3.9,3,Female,Low Risk
63.54,78.91,93.3,59.38,3.16,2,Male,Low Risk
52.17,75.02,82.66,99.0,2.87,8,Female,Low Risk
68.22,51.01,90.04,58.78,3.16,1,Male,High Risk
69.0,76.21,94.75,72.22,3.03,4,Female,Low Risk
90.26,43.39,87.55,65.43,3.52,5,Male,High Risk
82.66,76.55,85.85,71.66,2.56,4,Male,Low Risk
71.84,73.24,98.24,62.53,2.71,6,Male,Low Risk
82.61,79.32,93.18,98.27,3.79,3,Male,High Risk
52.64,93.73,90.77,65.29,3.89,4,Male,High Risk
59.01,91.02,54.32,82.66,3.79,5,Female,Medium Risk
81.35,98.84,61.95,56.87,2.84,7,Male,Medium Risk
82.07,98.57,77.84,91.22,3.56,1,Female,Low Risk
88.71,86.34,85.48,77.13,2.95,2,Male,Medium Risk
70.15,97.39,65.16,98.97,3.0,3,Male,Low Risk
86.13,92.04,54.67,71.17,2.41,5,Female,Medium Risk
84.2,83.65,65.55,59.77,3.18,8,Male,Low Risk
98.17,44.52,88.55,67.3,2.37,6,Male,Low Risk
60.76,42.94,93.87,86.85,2.66,6,Male,Low Risk
77.58,90.26,95.65,82.96,3.71,6,Male,High Risk
80.09,69.38,68.94,88.92,2.41,8,Female,Medium Risk
99.93,88.88,68.63,53.67,2.14,8,Male,High Risk
60.06,58.78,70.34,79.02,2.14,3,Male,High Risk
76.16,63.86,68.79,96.61,3.88,4,Female,Medium Risk
67.31,82.01,83.31,55.4,3.01,3,Female,Low Risk
76.29,94.92,67.92,54.72,2.82,6,Male,High Risk
61.61,45.27,51.02,85.83,3.62,7,Male,Medium Risk
52.38,91.69,71.95,65.76,3.67,5,Female,Medium Risk
78.63,87.58,61.21,82.93,2.66,2,Male,High Risk
66.79,58.93,51.44,77.27,3.39,2,Female,Medium Risk
59.1,61.31,73.54,99.3,3.54,3,Male,Low Risk
66.2,42.79,60.3,94.45,3.31,6,Female,High Risk
52.46,40.94,72.64,83.9,2.3,8,Female,Low Risk
97.52,68.62,63.89,63.08,3.75,1,Female,Medium Risk
79.06,45.73,80.19,63.1,3.08,7,Male,Low Risk
90.74,51.64,99.54,94.11,2.56,3,Male,High Risk
71.16,90.81,77.36,79.27,2.85,6,Male,Low Risk
95.17,74.26,82.34,89.46,2.08,4,Male,High Risk
74.17,78.02,95.96,72.49,2.26,2,Female,Medium Risk
78.7,51.25,68.7,55.15,3.53,2,Female,High Risk
74.59,89.72,58.33,66.63,2.0,7,Female,Low Risk
86.66,92.08,64.14,58.06,2.83,2,Male,Low Risk
78.33,71.4,70.14,89.09,3.05,1,Male,High Risk
63.58,94.75,82.25,85.03,2.11,6,Male,High Risk
57.28,90.69,50.23,54.42,3.95,6,Female,High Risk
80.31,83.88,92.67,81.07,2.45,7,Male,High Risk
74.46,84.04,53.8,93.71,2.61,6,Male,Medium Risk
54.8,46.32,95.03,84.87,2.61,8,Female,Medium Risk
69.78,56.25,97.47,75.56,2.46,7,Female,Low Risk
75.74,44.01,99.51,65.59,2.0,6,Male,Low Risk
91.34,40.52,90.48,94.35,3.46,1,Female,Medium Risk
53.81,49.5,57.09,71.14,3.93,5,Male,High Risk
67.42,92.83,85.31,92.77,2.45,3,Female,Medium Risk
91.13,54.39,60.17,89.15,3.33,3,Female,Medium Risk
82.42,98.21,94.86,90.81,3.48,6,Female,Medium Risk
64.5,75.84,65.83,99.49,3.7,4,Male,Medium Risk
92.27,54.24,66.34,87.44,2.85,2,Male,Low Risk
74.66,69.83,95.88,51.7,2.61,1,Male,Low Risk
74.92,53.15,50.66,60.27,2.65,4,Female,High Risk
98.83,99.04,59.7,51.76,3.43,8,Female,High Risk
97.36,90.84,71.1,59.5,3.63,4,Female,Low Risk
67.93,41.57,85.04,53.07,2.36,6,Female,Low Risk
57.03,96.87,82.38,75.08,2.74,1,Male,High Risk
66.28,83.26,83.47,51.41,3.8,3,Male,Low Risk
51.52,44.94,94.0,73.63,3.61,2,Male,Low Risk
51.04,80.24,56.05,94.94,3.97,3,Female,Medium Risk
69.78,78.82,76.11,87.43,3.51,4,Female,High Risk
97.05,53.13,86.27,97.2,2.79,8,Male,Low Risk
93.57,85.51,81.81,61.33,3.18,2,Female,Low Risk
75.57,45.22,72.42,76.55,3.32,5,Male,High Risk
78.26,69.37,50.86,65.93,2.16,4,Female,Low Risk
50.3,40.6,53.02,74.69,3.09,3,Female,Low Risk
60.78,98.12,55.95,77.85,3.42,3,Male,Low Risk
51.24,85.09,67.16,51.81,2.33,6,Male,High Risk
87.73,49.53,55.88,61.66,3.56,3,Female,Low Risk
57.28,60.5,71.3,85.24,3.17,1,Male,High Risk
93.45,49.63,58.93,88.65,3.9,4,Male,Medium Risk
82.17,86.0,88.96,78.47,2.08,7,Female,Medium Risk
61.47,43.53,93.57,63.54,2.53,7,Female,Medium Risk
57.89,90.42,69.48,70.25,3.2,8,Female,Medium Risk
81.38,96.53,75.57,54.8,2.59,2,Male,Low Risk
95.04,80.6,97.67,97.66,3.43,3,Female,Medium Risk
85.92,52.78,76.78,93.43,3.52,6,Female,Medium Risk
67.43,61.61,99.75,53.28,2.21,6,Female,High Risk
79.37,68.63,57.11,58.32,3.03,3,Female,High Risk
65.54,76.28,93.11,79.05,3.02,1,Female,High Risk
99.96,80.12,74.86,61.62,2.74,6,Male,Low Risk
87.44,73.25,51.14,96.72,3.87,7,Female,Low Risk
80.72,61.08,98.61,87.78,3.66,2,Female,Low Risk
71.16,93.46,98.25,63.66,3.39,4,Male,High Risk
80.91,44.88,69.16,50.31,3.43,5,Female,Low Risk
67.08,67.98,97.71,89.97,2.92,1,Female,High Risk
51.44,86.53,57.05,71.2,3.84,8,Male,Low Risk
69.75,43.65,84.01,82.12,3.39,8,Female,Medium Risk
96.52,82.32,59.6,64.35,3.46,6,Male,High Risk
81.32,89.18,62.33,57.14,3.72,4,Female,Medium Risk
54.2,79.65,88.97,83.77,2.55,5,Male,High Risk
94.25,40.78,68.87,72.52,3.61,8,Male,Medium Risk
63.44,50.81,50.36,61.76,2.39,3,Female,Medium Risk
62.19,60.53,70.71,56.88,2.69,3,Male,Low Risk
64.85,54.02,61.4,79.02,2.67,2,Male,Low Risk
78.86,97.76,84.17,86.28,3.96,5,Female,Medium Risk
77.23,79.1,59.72,64.19,3.71,3,Female,Medium Risk
74.57,57.82,92.11,86.76,3.4,8,Male,Low Risk
85.88,95.78,63.35,59.16,3.45,3,Female,Medium Risk
65.83,84.44,69.65,66.92,3.12,7,Male,High Risk
89.1,57.08,64.9,87.24,3.89,6,Male,Low Risk
58.77,62.73,82.2,83.01,2.99,8,Female,High Risk
89.13,51.97,55.06,63.53,2.76,8,Female,High Risk
83.19,98.26,73.9,56.11,2.33,8,Male,High Risk
84.16,71.04,66.72,52.12,3.57,2,Female,High Risk
74.08,93.76,94.21,91.9,3.47,4,Female,High Risk
83.35,60.79,53.67,53.76,2.77,8,Male,High Risk
53.99,91.65,91.48,55.74,2.05,3,Male,Medium Risk
92.58,43.23,58.38,61.89,3.68,7,Male,High Risk
52.78,98.93,54.43,72.28,2.02,8,Male,High Risk
57.44,94.72,60.12,89.49,3.41,1,Male,Medium Risk
78.84,61.79,55.13,62.37,3.94,1,Male,High Risk
86.97,86.48,76.05,77.18,2.88,4,Female,High Risk
53.81,85.14,99.41,54.52,2.47,5,Male,Medium Risk
96.04,94.08,51.72,73.23,3.41,2,Female,High Risk
98.68,58.44,73.06,58.88,3.63,7,Female,High Risk
80.3,67.93,69.3,60.56,3.09,6,Male,Medium Risk
74.06,91.9,66.98,68.34,3.93,7,Female,Low Risk
87.07,86.71,66.59,88.07,2.1,1,Male,Medium Risk
66.42,63.61,94.75,87.2,3.01,1,Female,Low Risk
74.66,90.74,50.95,70.75,3.44,4,Male,Medium Risk
95.81,42.82,88.75,55.93,3.73,5,Male,Medium Risk
97.78,86.92,62.65,64.03,2.36,5,Male,High Risk
96.35,52.41,69.16,75.27,3.6,4,Male,Low Risk
63.12,57.17,71.01,93.47,3.11,8,Female,High Risk
61.62,69.59,65.24,98.41,2.79,7,Female,Medium Risk
64.88,66.98,54.68,81.87,2.26,1,Female,Medium Risk
72.07,71.23,55.72,67.53,3.73,7,Female,Medium Risk
65.71,72.69,64.91,84.67,2.31,7,Female,Low Risk
68.71,59.89,91.09,66.81,2.62,2,Male,Low Risk
81.03,50.51,56.73,81.27,2.58,1,Male,High Risk
88.13,86.11,87.13,62.19,3.74,5,Male,High Risk
86.78,64.0,64.44,63.35,3.35,6,Male,Low Risk
90.72,70.35,94.17,53.76,3.59,7,Male,Medium Risk
51.61,78.68,71.42,71.01,2.5,1,Female,Medium Risk
52.39,94.58,58.59,80.91,3.25,7,Male,Low Risk
89.47,82.45,99.29,89.44,3.14,2,Male,Medium Risk
76.65,42.73,58.83,90.52,3.67,8,Female,Low Risk
78.91,90.31,78.38,99.62,3.81,3,Female,Medium Risk
52.63,99.36,78.46,54.39,2.02,1,Male,Medium Risk
62.77,68.35,68.64,74.66,3.35,4,Male,Medium Risk
81.92,98.18,97.57,76.07,2.1,3,Female,Low Risk
92.96,72.84,92.19,90.23,3.1,7,Male,Medium Risk
95.85,67.58,91.49,63.32,2.58,4,Male,Medium Risk
75.02,59.88,98.71,53.47,2.61,4,Male,Low Risk
77.27,79.45,72.86,65.69,2.71,4,Female,Medium Risk
91.65,53.79,54.86,99.2,3.24,1,Male,Medium Risk
76.88,46.3,88.27,94.97,2.67,5,Male,Low Risk
75.84,41.63,69.04,69.76,3.47,7,Female,Medium Risk
95.25,57.54,59.52,93.81,2.81,3,Female,High Risk
89.5,63.75,74.16,51.64,2.14,2,Female,Medium Risk
95.45,73.12,96.29,65.71,3.57,5,Male,Low Risk
60.91,57.56,58.57,86.34,2.57,7,Female,Medium Risk
76.22,99.04,92.43,61.07,2.87,8,Male,Low Risk
92.12,57.5,70.91,59.92,3.37,8,Female,Medium Risk
55.56,66.46,56.84,93.09,2.66,1,Male,Low Risk
89.73,46.2,92.42,80.8,2.11,4,Female,High Risk
59.15,55.64,98.48,99.45,2.75,2,Male,High Risk
90.41,42.9,64.56,56.73,3.89,7,Male,Medium Risk
80.6,73.57,65.18,67.81,3.28,3,Female,Medium Risk
59.66,85.06,69.53,65.56,3.34,7,Female,Medium Risk
73.67,51.74,90.71,94.01,3.26,5,Male,High Risk
84.1,62.07,50.52,62.76,2.4,8,Female,Low Risk
81.69,41.0,61.2,67.67,2.84,6,Male,Medium Risk
71.36,90.37,85.29,57.14,3.5,5,Female,Medium Risk
94.97,86.8,70.28,88.77,2.2,7,Female,Low Risk
75.96,43.8,66.51,61.89,2.56,2,Male,Low Risk
75.29,61.89,93.61,53.42,2.55,7,Female,Medium Risk
53.11,97.32,95.87,71.76,2.86,7,Female,Medium Risk
96.11,63.52,97.4,69.57,3.96,1,Male,Medium Risk
58.86,71.57,63.63,58.88,2.14,3,Male,Low Risk
76.42,61.31,95.63,56.68,3.04,2,Female,Low Risk
90.18,75.77,86.85,94.83,2.36,7,Male,Medium Risk
60.77,98.69,57.71,53.39,3.94,4,Female,High Risk
76.37,99.85,80.51,54.97,2.23,3,Female,High Risk
62.03,86.48,51.32,62.25,2.81,5,Male,Medium Risk
87.98,64.26,85.42,97.64,3.48,2,Male,Medium Risk
78.22,69.67,86.68,54.27,3.41,5,Male,Medium Risk
92.8,61.4,89.47,90.8,2.85,8,Male,High Risk
94.73,99.13,58.63,94.6,2.69,7,Male,Low Risk
82.44,82.47,81.41,68.89,2.8,5,Male,Low Risk
86.27,66.94,58.94,64.69,2.53,5,Female,Medium Risk
77.46,40.73,97.33,83.87,2.41,1,Female,High Risk
69.22,71.23,83.75,85.13,2.97,5,Male,Medium Risk
82.41,99.04,54.77,89.0,2.54,4,Female,Medium Risk
95.41,71.38,59.35,91.53,2.57,4,Female,Low Risk
70.83,50.95,83.17,63.42,3.31,3,Female,Medium Risk
65.72,41.33,73.83,84.35,3.94,7,Female,Medium Risk
69.42,61.28,86.81,56.75,3.21,6,Male,Medium Risk
71.77,95.09,64.04,75.54,2.15,8,Female,Medium Risk
53.68,99.79,82.9,80.64,2.15,5,Female,Low Risk
74.92,96.72,58.85,58.09,3.9,5,Male,High Risk
74.72,83.77,77.19,53.83,2.59,2,Male,Medium Risk
79.42,73.49,97.89,59.74,2.18,1,Male,High Risk
68.14,75.44,81.41,71.03,3.2,6,Male,High Risk
80.66,72.34,52.5,94.39,3.25,3,Female,Medium Risk
93.91,82.42,99.44,76.6,3.3,8,Male,High Risk
97.77,65.13,57.84,87.42,2.53,6,Female,High Risk
79.18,80.15,85.9,58.71,2.03,5,Female,Low Risk
52.13,47.3,76.63,55.3,3.93,2,Male,Medium Risk
98.46,55.94,64.72,61.98,2.5,7,Male,High Risk
85.29,90.16,58.87,65.69,3.35,1,Male,Medium Risk
66.8,94.22,58.89,77.41,3.41,7,Male,High Risk
57.36,72.34,92.92,94.06,3.22,3,Male,High Risk
57.17,41.9,93.65,71.3,2.63,6,Male,Medium Risk
58.39,95.62,73.26,75.94,2.54,3,Female,High Risk
52.28,82.12,55.18,50.23,3.2,5,Female,Low Risk
95.11,64.84,94.21,51.67,3.73,3,Female,High Risk
77.04,75.9,74.35,54.19,3.89,7,Female,Low Risk
85.0,65.79,71.94,84.95,2.21,2,Male,Low Risk
91.41,67.92,70.37,74.31,2.31,3,Male,Low Risk
89.58,93.21,68.25,59.65,3.89,4,Female,Medium Risk
94.13,49.67,76.3,79.63,3.47,2,Female,Low Risk
98.36,46.22,80.23,77.23,3.77,6,Female,Low Risk
71.95,40.16,73.32,54.44,2.41,1,Male,High Risk
97.52,58.84,94.83,82.02,3.18,1,Male,Medium Risk
86.16,48.84,65.88,88.36,3.4,5,Male,High Risk
53.53,53.2,78.92,64.33,3.36,5,Female,Medium Risk
84.09,40.67,65.0,84.37,2.82,4,Female,Medium Risk
84.34,53.63,87.67,59.99,2.03,6,Male,High Risk
95.29,59.96,55.11,87.84,3.17,7,Male,Low Risk
68.65,41.89,59.43,95.59,2.51,1,Female,High Risk
79.25,76.47,90.06,72.09,2.9,1,Female,Low Risk
50.61,74.13,59.16,62.23,3.92,1,Male,High Risk
66.6,45.82,81.29,69.96,2.8,7,Female,Medium Risk
53.11,75.7,98.51,62.5,3.68,1,Male,High Risk
76.09,99.92,76.14,50.06,2.38,3,Male,High Risk
90.87,96.67,59.37,82.52,3.34,6,Female,Low Risk
60.32,40.16,66.03,52.13,3.95,2,Female,High Risk
76.37,87.72,91.17,60.52,2.2,2,Female,Medium Risk
60.2,61.22,67.58,86.12,2.02,4,Male,Low Risk
56.03,43.82,86.18,83.29,2.87,3,Female,High Risk
75.55,57.76,88.87,53.67,2.19,1,Female,Low Risk
53.96,59.3,75.06,83.0,3.5,1,Male,High Risk
79.37,71.39,89.16,96.53,3.83,5,Male,High Risk
51.57,79.67,65.85,53.73,2.87,5,Female,High Risk
55.34,84.94,75.81,70.78,2.52,4,Male,Low Risk
77.5,54.75,84.33,86.47,2.87,1,Male,High Risk
79.57,59.31,58.4,83.39,3.45,4,Male,Low Risk
51.45,58.5,63.68,61.33,2.02,3,Female,Low Risk
78.67,61.76,82.6,58.15,3.18,2,Female,Medium Risk
91.93,99.98,82.77,89.21,3.23,1,Male,Medium Risk
86.12,86.68,74.67,97.81,3.28,6,Male,Low Risk
56.56,98.5,89.78,88.38,2.48,7,Male,Medium Risk
79.62,81.59,74.1,98.16,3.43,3,Female,High Risk
83.61,64.38,94.07,80.25,2.18,1,Male,Medium Risk
51.86,63.38,86.8,96.45,2.4,7,Male,Low Risk
92.77,69.31,65.73,84.52,3.75,6,Female,Low Risk
95.31,65.01,69.76,95.44,3.48,5,Male,High Risk
92.52,89.7,83.38,58.08,2.03,4,Female,High Risk
91.23,67.9,94.72,90.78,2.5,5,Female,Low Risk
87.25,57.74,58.94,59.84,2.43,2,Female,High Risk
81.67,86.49,75.73,51.37,2.54,5,Male,Low Risk
83.93,91.27,55.94,75.88,2.5,1,Male,High Risk
90.32,65.23,63.97,65.91,2.13,6,Female,Low Risk
83.12,80.07,84.3,52.18,2.92,5,Male,Low Risk
66.39,43.53,53.89,99.02,3.47,1,Female,High Risk
68.8,71.77,83.12,83.32,3.21,2,Male,High Risk
94.85,42.7,95.04,95.09,3.35,7,Female,Medium Risk
50.86,41.75,98.47,99.95,2.16,6,Female,High Risk
84.94,76.78,60.83,69.6,3.9,5,Male,Medium Risk
97.74,58.2,87.44,62.74,3.68,4,Male,Medium Risk
85.31,84.55,96.32,59.19,3.61,4,Male,High Risk
99.7,93.76,54.57,75.76,3.65,6,Male,Medium Risk
84.38,48.36,70.7,80.3,3.87,4,Female,Low Risk
51.72,83.47,95.97,73.62,3.09,5,Female,Medium Risk
91.35,70.87,60.14,69.36,2.4,5,Male,High Risk
64.23,46.73,96.69,58.41,3.23,6,Male,Medium Risk
72.3,79.1,76.36,72.09,3.49,5,Female,Low Risk
65.6,76.57,54.99,54.26,3.48,7,Male,Medium Risk
63.43,70.94,72.49,93.25,3.04,1,Male,High Risk
71.57,95.59,66.31,52.35,2.14,2,Male,High Risk
68.94,71.26,64.11,69.03,2.74,7,Male,Low Risk
81.67,99.43,77.07,55.01,3.84,7,Female,Low Risk
90.66,70.55,74.18,88.75,3.17,4,Female,Low Risk
64.85,46.95,74.1,65.64,3.08,1,Male,High Risk
60.69,68.23,54.41,55.66,2.54,6,Female,Medium Risk
83.34,50.94,90.12,76.57,2.74,8,Male,Low Risk
83.52,75.83,74.07,95.81,3.79,4,Male,Medium Risk
95.06,81.59,91.05,95.43,3.33,1,Male,High Risk
50.8,68.11,91.23,62.48,3.57,5,Female,Medium Risk
92.65,45.86,65.86,85.98,2.91,6,Female,Low Risk
76.05,68.12,50.22,51.51,3.26,8,Female,High Risk
81.07,44.89,95.56,56.59,2.5,6,Female,Medium Risk
54.57,80.93,88.03,74.97,3.41,8,Female,Medium Risk
71.63,87.42,55.36,61.44,2.86,8,Male,Medium Risk
61.37,97.74,85.09,89.91,2.89,4,Male,Medium Risk
62.71,48.93,51.0,96.55,3.3,5,Female,Medium Risk
75.2,71.95,51.39,50.22,3.87,4,Female,High Risk
90.62,74.05,76.29,61.65,2.13,8,Female,High Risk
87.19,95.35,54.8,71.98,3.65,8,Male,Medium Risk
79.55,77.64,98.22,78.15,2.58,3,Female,High Risk
76.97,48.73,94.69,95.8,2.89,1,Male,Medium Risk
71.37,66.18,82.49,94.59,2.04,3,Male,Medium Risk
98.64,79.29,53.19,81.86,2.6,1,Female,High Risk
78.01,82.02,66.24,62.87,3.01,2,Male,Medium Risk
62.7,91.78,68.59,89.16,2.11,7,Male,Medium Risk
61.5,50.83,74.04,60.13,2.98,6,Female,High Risk
80.57,97.09,58.45,98.26,3.85,4,Male,Medium Risk
76.14,43.55,78.88,50.29,2.21,2,Female,Low Risk
50.38,99.03,71.79,78.49,3.53,2,Male,Medium Risk
91.5,91.47,97.36,54.42,2.82,6,Female,Medium Risk
85.21,79.62,96.81,70.38,3.31,6,Female,High Risk
83.09,84.1,78.27,81.75,2.52,1,Male,High Risk
53.44,44.36,82.22,84.48,2.32,3,Female,High Risk
68.1,42.49,56.89,89.28,2.32,5,Male,Low Risk
96.77,46.11,61.17,79.67,2.14,1,Male,Medium Risk
93.13,45.24,95.04,62.57,2.37,5,Female,High Risk
64.28,72.84,84.96,94.46,3.33,2,Male,Low Risk
57.85,52.93,59.47,90.56,3.76,5,Female,High Risk
72.45,91.61,78.51,58.0,3.63,3,Male,High Risk
67.79,66.74,96.74,91.33,3.37,1,Male,Medium Risk
84.11,81.73,67.26,98.63,2.22,8,Female,High Risk
98.32,79.17,59.29,81.86,2.58,6,Male,Medium Risk
68.15,59.19,97.1,64.09,2.62,8,Male,Medium Risk
53.11,54.59,73.06,80.33,2.5,3,Male,Medium Risk
94.88,60.55,70.86,67.13,3.03,7,Male,Low Risk
51.9,87.8,63.38,83.8,3.07,3,Male,Low Risk
97.64,75.18,94.58,77.24,2.71,7,Male,Low Risk
83.23,55.21,92.28,96.47,2.71,1,Male,Low Risk
97.08,89.07,70.15,80.9,3.66,6,Male,Medium Risk
59.98,43.29,51.53,60.7,3.58,3,Female,Medium Risk
52.03,81.95,72.33,86.26,2.62,8,Male,Medium Risk
74.41,66.35,59.04,65.04,3.83,7,Male,Low Risk
72.53,83.88,57.14,63.62,3.91,6,Female,Medium Risk
66.57,95.65,69.65,69.59,2.65,4,Female,High Risk
97.88,85.0,54.95,50.6,2.71,4,Female,Low Risk
91.13,66.52,97.87,98.46,3.01,4,Male,Low Risk
83.08,49.06,52.38,76.62,3.88,5,Female,Low Risk
58.14,88.38,70.07,88.67,3.75,3,Female,High Risk
86.72,67.64,58.14,62.89,2.21,1,Male,High Risk
86.35,44.52,84.44,87.33,2.79,8,Male,High Risk
71.25,83.14,53.94,78.36,3.11,1,Female,Medium Risk
96.24,57.51,77.34,71.21,3.01,5,Female,High Risk
58.35,42.93,88.66,98.53,2.39,1,Male,Medium Risk
63.37,94.17,97.5,74.69,3.72,7,Male,High Risk
53.16,68.99,84.93,82.87,3.35,4,Male,High Risk
89.77,56.86,54.97,50.77,3.68,8,Male,Low Risk
81.09,82.98,54.43,65.07,3.72,3,Male,Low Risk
65.75,93.15,86.58,94.43,3.5,1,Female,High Risk
58.19,40.02,60.77,87.95,2.88,1,Male,Medium Risk
52.01,81.27,72.36,76.84,3.22,2,Male,High Risk
58.34,86.02,98.83,95.01,2.32,2,Male,High Risk
72.66,52.6,91.0,74.31,3.35,2,Male,Low Risk
62.36,69.38,92.33,78.33,2.36,3,Male,Low Risk
62.95,45.36,93.04,69.11,3.39,4,Female,Low Risk
93.78,84.8,80.98,81.0,2.46,6,Male,Medium Risk
75.76,90.85,87.2,65.95,2.24,4,Female,Low Risk
86.46,46.49,67.95,69.27,2.33,8,Male,High Risk
51.79,88.99,99.92,98.32,2.0,4,Female,High Risk
68.26,86.29,63.98,55.57,3.44,3,Female,High Risk
73.96,60.81,79.5,55.26,3.46,7,Male,Low Risk
59.32,81.42,64.1,52.17,3.03,7,Male,High Risk
56.01,40.0,55.6,66.0,2.32,3,Male,High Risk
93.52,95.91,78.38,69.91,2.17,2,Male,Medium Risk
96.97,73.02,67.67,54.73,2.04,1,Male,High Risk
53.94,77.22,79.16,77.46,2.33,5,Female,High Risk
67.45,79.88,77.93,79.17,3.78,5,Male,High Risk
97.91,73.68,77.11,87.55,2.48,6,Male,High Risk
54.16,91.41,56.17,98.8,2.71,1,Female,Low Risk
82.18,76.58,72.01,80.97,2.21,6,Male,Medium Risk
98.61,94.47,90.6,55.58,2.44,2,Female,High Risk
98.91,74.94,65.76,54.43,3.04,6,Male,High Risk
73.56,50.27,72.19,88.88,3.22,1,Female,Low Risk
58.14,94.81,74.69,82.52,2.49,8,Male,Medium Risk
60.1,80.9,93.14,58.1,2.12,1,Female,Low Risk
94.48,81.95,82.78,62.67,2.78,5,Female,Medium Risk
95.58,99.13,55.01,87.51,2.47,7,Male,High Risk
80.39,44.51,93.26,78.31,2.44,2,Male,Low Risk
88.31,65.72,91.6,79.25,3.92,8,Male,Medium Risk
87.0,54.35,87.68,60.5,3.23,3,Female,High Risk
83.09,77.83,73.3,81.45,3.11,8,Female,Medium Risk
91.36,88.41,87.88,88.53,2.83,8,Female,High Risk
84.27,97.98,73.94,94.26,2.86,6,Male,High Risk
76.7,67.28,86.83,86.84,3.08,5,Male,Low Risk
61.85,87.17,94.01,78.82,3.39,6,Female,Low Risk
87.19,95.02,94.53,83.66,3.4,6,Male,High Risk
73.67,81.0,72.73,74.26,2.34,3,Female,Medium Risk
64.74,54.56,92.97,61.34,3.0,2,Male,Low Risk
90.1,76.47,55.07,94.11,2.82,1,Male,High Risk
84.84,98.2,55.09,76.63,3.74,4,Female,Medium Risk
96.87,99.25,77.41,79.72,3.26,6,Male,Low Risk
58.27,78.54,82.59,99.51,3.07,4,Male,Medium Risk
82.46,93.22,57.65,99.25,2.23,2,Male,Low Risk
62.21,52.02,73.61,79.32,3.21,4,Male,Low Risk
95.18,54.76,54.72,51.7,2.23,6,Male,Low Risk
54.97,97.17,80.1,69.81,2.67,3,Female,Medium Risk
82.81,48.11,92.75,96.86,2.29,4,Male,Low Risk
89.55,51.47,86.88,64.42,3.38,2,Female,High Risk
67.75,65.23,68.91,99.96,2.41,2,Male,High Risk
97.71,75.38,99.69,54.22,2.78,7,Male,High Risk
92.54,76.23,83.15,78.41,3.79,7,Female,Medium Risk
64.73,57.52,90.76,75.77,2.41,3,Female,High Risk
50.38,95.24,83.48,62.77,3.02,4,Male,Low Risk
64.83,94.91,99.47,97.43,2.84,4,Male,Medium Risk
64.07,63.52,91.07,80.96,2.04,7,Female,High Risk
94.5,66.06,75.97,61.51,3.59,1,Female,Low Risk
98.36,82.15,68.34,69.2,2.14,5,Female,Low Risk
53.52,79.78,84.11,86.06,2.95,2,Female,Medium Risk
73.56,62.94,79.51,64.88,3.12,1,Male,High Risk
77.42,64.85,81.47,93.98,3.26,2,Male,Low Risk
54.65,60.88,67.15,58.28,3.38,8,Male,Low Risk
68.87,54.12,71.44,63.23,2.51,8,Male,Medium Risk
65.85,67.49,77.9,57.24,2.02,1,Male,High Risk
76.8,81.19,91.96,55.21,3.45,8,Female,Medium Risk
83.06,84.52,88.15,65.02,3.07,7,Female,Low Risk
85.17,86.73,55.93,99.96,3.67,7,Female,High Risk
56.84,62.48,62.28,54.72,3.64,5,Male,High Risk
90.65,85.88,51.33,60.65,3.69,1,Female,Low Risk
83.93,40.39,50.4,63.58,2.97,2,Male,High Risk
94.45,68.62,61.22,80.96,2.67,4,Male,Low Risk
72.47,87.63,89.97,87.27,3.58,2,Male,High Risk
94.69,77.8,95.24,87.6,2.9,6,Female,Medium Risk
93.29,68.44,69.59,50.43,2.37,7,Male,High Risk
71.92,78.68,78.16,82.59,3.71,3,Male,Low Risk
69.06,94.42,85.3,81.54,3.77,3,Female,Low Risk
96.64,73.98,97.65,75.88,2.93,7,Male,Low Risk
85.76,87.99,95.65,68.96,2.15,6,Female,Low Risk
96.41,98.84,52.86,89.87,2.78,3,Male,High Risk
89.85,82.33,62.41,67.19,3.61,8,Female,High Risk
80.46,74.4,52.46,61.5,3.8,7,Male,Medium Risk
55.79,42.25,80.83,65.5,2.41,3,Male,Medium Risk
64.57,62.47,85.52,71.98,2.13,7,Female,Low Risk
98.44,73.93,65.41,60.7,3.75,5,Male,Medium Risk
65.97,87.83,92.69,80.38,2.78,4,Female,Low Risk
54.66,66.29,72.64,94.21,3.08,4,Male,Low Risk
85.38,97.6,99.92,79.77,3.94,2,Female,High Risk
86.7,56.31,50.02,72.33,2.13,6,Male,Low Risk
64.27,84.67,55.47,89.84,3.3,7,Male,Medium Risk
64.88,65.14,65.09,87.4,2.15,1,Male,Low Risk
73.44,69.16,51.28,68.35,2.75,2,Female,High Risk
51.09,88.15,89.12,80.21,3.61,2,Female,Medium Risk
89.47,57.77,52.64,86.49,2.87,7,Female,High Risk
65.85,45.81,87.45,62.27,3.99,7,Female,Low Risk
92.69,71.22,52.63,68.31,3.12,2,Female,Low Risk
90.13,71.73,62.64,55.29,2.64,2,Male,High Risk
83.07,87.83,92.06,99.38,2.44,4,Male,Low Risk
66.24,98.1,97.55,54.29,2.7,1,Male,Medium Risk
75.82,43.32,70.73,58.43,2.75,8,Male,Low Risk
72.24,75.5,98.5,73.99,2.14,2,Male,High Risk
66.94,80.88,81.34,93.26,2.74,8,Female,Medium Risk
92.41,99.15,70.79,67.79,2.93,4,Male,Low Risk
74.18,96.56,90.14,88.43,3.45,2,Female,High Risk
91.64,82.75,64.77,83.8,3.31,3,Male,Medium Risk
55.26,71.31,63.29,81.93,3.42,2,Female,Medium Risk
57.05,49.69,82.83,92.25,2.02,7,Female,High Risk
98.87,63.05,69.52,50.71,2.44,6,Female,High Risk
79.39,75.11,56.8,96.46,3.32,6,Male,Low Risk
75.49,83.51,53.35,91.46,2.97,2,Male,High Risk
76.16,78.12,89.39,96.89,2.01,5,Male,High Risk
60.76,82.85,83.8,89.68,3.61,3,Male,Medium Risk
85.94,65.75,70.59,93.93,3.55,1,Female,Low Risk
54.24,83.66,94.81,60.15,3.1,2,Female,Low Risk
78.67,48.62,70.54,65.96,2.13,8,Female,Low Risk
78.54,49.76,85.51,65.76,3.53,1,Female,High Risk
95.71,49.77,95.46,55.46,3.17,3,Male,Medium Risk
76.31,93.45,92.04,86.48,3.56,2,Female,Low Risk
56.85,44.56,75.56,56.81,3.5,5,Male,Low Risk
78.64,88.09,84.03,52.63,3.61,4,Female,Medium Risk
54.57,54.01,70.68,88.77,3.04,5,Female,High Risk
60.19,68.11,82.36,95.23,2.28,7,Female,Medium Risk
51.56,94.96,62.88,88.21,3.34,5,Male,High Risk
75.66,75.16,71.74,91.27,3.24,8,Male,Low Risk
54.23,52.61,60.48,79.78,3.48,4,Female,High Risk
73.47,57.05,51.91,94.39,2.34,7,Female,High Risk
96.65,95.23,79.43,74.84,2.39,4,Female,Medium Risk
85.99,65.63,93.22,99.42,3.78,6,Male,Medium Risk
53.87,75.22,51.28,55.17,3.5,4,Male,Medium Risk
61.21,67.6,59.8,90.46,3.82,2,Male,Medium Risk
83.68,62.71,73.01,82.07,3.52,1,Female,Low Risk
94.74,53.4,83.29,79.03,3.19,6,Male,Medium Risk
51.65,81.17,58.56,86.29,3.31,6,Female,Medium Risk
90.62,83.09,52.83,92.01,3.78,1,Male,High Risk
78.09,56.49,75.95,93.14,3.16,8,Female,Medium Risk
77.3,87.34,90.94,58.77,3.26,6,Female,Medium Risk
97.89,91.27,51.76,59.85,2.31,4,Male,Medium Risk
87.38,95.24,67.47,50.81,2.95,5,Female,Low Risk
92.51,49.67,83.18,56.59,3.43,3,Female,Medium Risk
67.7,58.24,56.54,63.19,2.54,8,Female,Low Risk
77.72,91.62,61.8,86.05,2.4,4,Male,Medium Risk
80.77,51.91,76.77,73.79,2.63,7,Female,Medium Risk
66.08,40.21,97.66,87.9,2.48,7,Male,Low Risk
78.51,92.25,64.37,74.33,2.43,5,Male,High Risk
61.83,59.59,74.38,77.78,2.85,8,Female,Medium Risk
57.17,64.87,70.0,55.55,3.82,8,Male,Medium Risk
68.7,66.78,94.87,88.83,3.01,5,Female,High Risk
86.96,90.9,53.59,87.91,2.38,8,Male,Medium Risk
95.81,60.27,78.31,65.38,2.15,6,Female,Medium Risk
72.89,93.54,92.31,66.43,3.39,2,Male,Low Risk
82.14,77.02,99.41,60.98,2.77,2,Female,Low Risk
55.15,71.64,84.94,90.69,3.64,8,Female,High Risk
95.22,59.54,69.0,87.35,3.32,6,Female,Medium Risk
78.43,54.62,70.59,80.46,3.59,6,Female,High Risk
89.02,77.44,67.58,61.94,2.54,1,Male,High Risk
89.72,66.81,80.18,58.59,3.38,1,Male,Low Risk
62.82,94.63,86.97,52.51,2.53,3,Female,High Risk
76.46,69.5,90.97,52.28,3.88,3,Male,High Risk
98.02,70.71,70.83,59.36,3.27,3,Female,Low Risk
54.48,65.0,85.84,55.03,2.65,3,Female,Low Risk
84.15,87.36,95.81,77.81,2.54,5,Male,Low Risk
98.11,65.49,96.04,67.9,2.38,5,Male,Low Risk
65.03,56.16,85.2,72.25,3.39,1,Female,Low Risk
93.07,91.72,81.85,79.7,2.44,2,Male,High Risk
96.68,75.81,76.58,82.96,3.19,6,Female,Medium Risk
87.35,75.49,59.16,82.41,2.53,7,Male,Medium Risk
61.57,76.65,56.18,63.04,3.32,2,Male,High Risk
66.7,83.13,74.29,90.48,3.63,4,Male,Low Risk
51.79,58.78,57.97,95.89,3.56,5,Male,Medium Risk
91.57,42.03,78.85,65.8,3.52,3,Male,High Risk
92.48,88.64,82.29,50.85,2.38,3,Female,High Risk
81.64,47.73,76.28,94.96,2.18,4,Male,High Risk
67.63,83.31,51.82,96.18,3.4,2,Male,Low Risk
53.84,44.94,52.89,52.55,2.74,3,Female,Medium Risk
87.65,62.52,55.67,50.25,2.86,2,Female,Medium Risk
86.33,43.78,57.68,90.82,2.06,6,Female,Medium Risk
95.63,71.33,99.49,65.07,2.52,4,Male,Medium Risk
86.53,79.19,67.22,95.73,2.07,7,Male,Low Risk
91.43,50.29,64.6,60.84,3.76,2,Female,Medium Risk
87.3,62.3,52.61,93.06,2.49,6,Female,Low Risk
81.53,95.81,81.77,53.43,3.11,8,Female,Low Risk
71.35,66.54,82.61,63.03,2.08,8,Female,Low Risk
95.11,88.15,58.77,98.66,3.33,2,Male,Low Risk
82.55,95.63,95.96,61.56,2.65,8,Male,Low Risk
69.92,98.46,90.02,56.65,3.8,2,Male,Medium Risk
54.17,93.9,61.52,92.85,3.78,3,Male,Low Risk
64.54,59.04,74.29,55.89,2.65,1,Male,Low Risk
77.19,97.75,72.92,54.87,3.8,8,Female,Low Risk
63.78,88.74,67.43,66.17,3.99,5,Male,Low Risk
61.06,90.23,90.88,81.77,3.65,2,Female,Medium Risk
76.37,40.91,55.46,85.54,3.69,2,Female,High Risk
58.49,97.25,70.77,94.06,2.5,2,Female,Medium Risk
90.02,86.69,71.4,77.05,3.15,1,Male,Low Risk
74.22,86.08,73.44,69.67,2.13,6,Female,High Risk
78.69,44.89,93.07,67.94,2.19,8,Male,Medium Risk
57.37,53.95,60.91,92.35,4.0,7,Female,Medium Risk
66.23,97.74,55.15,86.19,2.65,7,Male,Medium Risk
70.5,70.04,80.89,95.27,3.5,4,Female,Low Risk
90.41,63.87,58.69,98.2,3.61,3,Male,Medium Risk
88.51,90.4,53.75,65.0,3.72,1,Female,Low Risk
61.15,45.24,71.33,76.48,4.0,6,Female,Medium Risk
80.81,65.02,60.98,81.59,2.48,2,Female,Low Risk
62.17,62.54,68.06,58.19,2.08,6,Female,High Risk
99.41,60.99,62.99,52.67,2.82,1,Male,High Risk
97.61,58.46,54.63,93.39,2.26,1,Male,Low Risk
78.16,52.6,78.02,76.78,2.04,1,Male,Low Risk
84.95,50.37,51.35,78.54,2.72,4,Female,Low Risk
90.07,78.42,98.32,77.75,3.57,5,Female,Medium Risk
86.05,95.16,67.07,87.75,3.13,3,Female,Medium Risk
84.99,70.53,84.76,57.28,2.63,4,Female,Medium Risk
97.93,57.88,90.52,80.7,3.31,4,Female,High Risk
79.82,49.55,63.96,73.47,2.46,8,Female,Medium Risk
81.82,89.81,87.44,94.85,2.03,5,Male,Medium Risk
92.46,98.29,91.62,75.98,3.53,4,Male,Medium Risk
83.49,60.95,62.07,97.15,3.25,1,Male,Medium Risk
86.65,57.46,99.62,67.66,3.52,1,Male,Low Risk
61.71,76.09,51.03,98.34,2.08,8,Male,Medium Risk
68.56,86.52,60.85,93.76,3.67,6,Male,Low Risk
57.37,67.32,89.0,79.21,3.24,2,Male,Medium Risk
75.29,77.8,59.71,67.69,3.13,4,Male,Medium Risk
72.79,82.99,84.91,68.8,3.25,2,Female,High Risk
99.86,97.64,92.78,88.64,3.73,3,Female,High Risk
80.56,49.9,97.96,79.03,3.17,7,Female,Medium Risk
89.32,99.84,73.71,70.08,3.16,1,Female,Medium Risk
66.7,63.53,98.56,81.8,3.98,6,Female,Low Risk
91.58,83.39,70.58,86.66,3.51,3,Female,Medium Risk
80.75,74.34,60.91,51.15,2.88,8,Female,Low Risk
84.85,69.2,75.7,54.49,3.41,6,Male,Low Risk
64.72,81.88,82.49,54.72,2.78,7,Male,High Risk
77.43,63.75,72.9,61.6,2.46,7,Female,Medium Risk
81.7,47.57,78.35,71.35,3.19,8,Male,Medium Risk
79.45,69.33,70.82,90.18,3.86,5,Male,High Risk
95.76,71.31,76.24,67.55,3.86,8,Male,High Risk
94.91,52.11,97.63,50.87,2.68,1,Male,Low Risk
98.55,96.14,74.99,74.17,3.06,3,Male,Low Risk
83.37,53.65,62.66,99.83,2.42,5,Female,Low Risk
98.6,64.55,87.94,67.45,3.99,7,Male,Medium Risk
91.62,49.3,66.88,98.06,3.96,3,Female,Medium Risk
63.54,72.15,90.81,55.07,3.3,6,Female,Medium Risk
71.37,58.46,52.84,58.65,3.61,5,Female,Medium Risk
61.92,69.36,66.61,86.21,3.43,5,Male,Medium Risk
50.21,53.48,54.72,75.06,3.19,1,Female,High Risk
59.4,43.23,54.27,88.26,2.11,8,Female,Low Risk
50.2,86.75,82.92,93.18,2.91,2,Female,Low Risk
85.99,78.47,69.27,62.55,3.35,6,Female,Low Risk
71.28,60.44,93.57,84.14,3.36,6,Male,Low Risk
65.63,42.85,75.82,80.38,2.75,8,Female,High Risk
88.09,91.93,64.77,93.08,3.88,5,Female,High Risk
91.62,50.19,86.04,71.51,2.33,5,Female,Low Risk
98.76,95.84,81.2,52.59,3.0,1,Female,Low Risk
82.1,68.72,89.98,78.71,3.38,2,Male,Medium Risk
73.08,60.42,82.18,97.94,3.39,6,Female,High Risk
65.26,84.51,58.35,50.73,3.3,7,Female,Low Risk
61.12,92.61,83.52,62.01,2.55,4,Female,High Risk
60.65,62.24,69.58,65.8,2.31,4,Female,Medium Risk
70.46,64.44,73.16,88.29,3.27,2,Female,High Risk
99.59,65.99,96.08,66.16,3.2,3,Female,Low Risk
50.04,95.34,68.0,61.95,2.36,1,Male,Medium Risk
59.86,81.55,80.6,82.43,3.41,2,Female,Low Risk
59.42,54.86,68.17,52.32,2.91,8,Male,High Risk
85.86,51.1,54.74,58.53,3.34,8,Male,Medium Risk
67.62,53.82,72.68,70.4,3.67,4,Female,Low Risk
72.86,55.81,79.85,67.78,2.34,5,Male,High Risk
57.43,53.81,70.38,67.36,2.04,4,Female,Medium Risk
70.25,79.51,69.53,55.43,3.56,5,Male,Medium Risk
55.16,46.96,91.02,68.04,3.22,1,Female,Low Risk
76.65,63.24,51.48,89.9,3.4,5,Male,High Risk
54.9,77.5,64.78,70.69,3.68,2,Male,Medium Risk
89.53,57.45,90.59,79.31,3.61,5,Female,Low Risk
78.33,43.92,96.03,58.18,3.92,3,Male,Medium Risk
86.2,44.91,70.61,53.49,3.07,8,Male,High Risk
70.93,47.56,94.44,94.0,2.98,2,Male,Low Risk
69.07,90.15,59.95,66.57,2.8,8,Male,Medium Risk
54.91,79.47,61.07,67.52,2.31,1,Male,High Risk
76.19,43.87,92.31,93.88,3.15,2,Female,Medium Risk
75.73,63.46,95.16,85.39,2.55,3,Male,Low Risk
73.41,56.72,61.14,87.81,3.84,1,Male,High Risk
87.03,74.68,52.97,84.1,3.17,4,Female,Medium Risk
91.63,71.37,54.52,55.29,3.19,3,Female,Low Risk
87.54,68.87,63.07,97.9,2.71,1,Female,High Risk
57.19,58.87,88.07,95.46,2.1,7,Male,High Risk
81.1,48.27,75.5,61.81,2.06,5,Male,Medium Risk
54.02,84.54,72.78,90.2,2.85,2,Male,Low Risk
84.73,92.79,79.21,70.47,2.17,1,Male,High Risk
69.09,96.65,94.51,84.19,3.21,2,Female,Low Risk
56.62,43.52,54.52,58.28,3.76,5,Female,Medium Risk
93.1,84.39,84.74,76.93,3.77,1,Male,High Risk
80.7,83.59,96.34,56.33,3.32,4,Male,Medium Risk
67.74,96.83,60.67,76.81,2.42,7,Male,Low Risk
51.54,55.17,91.89,62.18,3.73,7,Male,High Risk
76.87,84.53,84.9,72.62,3.77,3,Female,Medium Risk
96.16,43.28,50.72,83.4,2.39,1,Female,Medium Risk
79.82,77.87,61.58,93.85,3.47,5,Male,High Risk
98.58,61.05,80.29,58.26,2.57,1,Female,High Risk
56.82,86.13,75.12,94.66,3.61,2,Male,High Risk
78.42,91.8,76.4,69.5,3.99,6,Male,High Risk
89.91,61.89,61.6,92.19,2.06,8,Female,High Risk
76.28,71.54,83.75,75.63,3.79,1,Male,Low Risk
54.55,47.04,63.32,93.11,3.25,7,Female,Low Risk
79.14,65.01,69.47,83.14,3.95,7,Male,High Risk
80.59,61.65,68.45,75.44,2.93,8,Female,Medium Risk
86.44,50.99,83.6,65.63,3.69,7,Male,High Risk
88.06,93.67,54.51,98.45,2.12,4,Female,High Risk
88.54,48.89,60.28,90.04,2.67,1,Male,High Risk
83.17,78.14,60.02,69.06,2.13,3,Male,Medium Risk
60.79,93.41,55.42,58.34,3.95,1,Female,Low Risk
70.21,94.72,60.38,88.98,3.63,6,Male,Medium Risk
88.81,87.59,80.35,99.5,3.71,7,Female,Medium Risk
97.67,50.57,86.61,63.95,3.88,2,Female,High Risk
53.95,89.05,83.02,95.79,2.17,7,Male,High Risk
76.78,56.59,73.76,56.27,2.77,1,Male,Low Risk
65.63,95.34,52.62,97.61,2.14,4,Male,High Risk
61.27,82.55,97.95,87.27,2.42,5,Male,Low Risk
75.29,87.12,58.4,67.33,2.46,1,Female,High Risk
80.3,45.1,83.42,65.23,2.94,1,Male,Medium Risk
50.49,74.97,95.64,82.17,2.54,3,Male,Low Risk
89.01,89.27,84.89,79.68,2.2,4,Male,High Risk
90.99,91.7,60.9,95.95,2.33,6,Female,Medium Risk
98.28,41.72,65.79,88.31,2.29,5,Male,Low Risk
59.03,96.35,51.51,77.02,3.95,7,Female,High Risk
79.73,42.6,80.64,96.38,3.52,2,Male,Low Risk
71.33,76.87,80.65,79.64,3.94,1,Female,High Risk
66.74,81.6,86.28,92.48,2.88,6,Male,High Risk
78.28,46.44,50.55,92.05,2.56,5,Male,High Risk
89.12,42.88,90.89,95.96,3.6,2,Female,Low Risk
51.15,87.09,86.94,53.38,2.65,6,Male,High Risk
98.47,63.08,57.04,79.19,2.6,4,Male,High Risk
90.49,46.43,67.38,73.42,2.47,4,Male,Medium Risk
87.56,85.76,81.93,74.53,2.26,5,Female,Medium Risk
88.02,90.95,74.79,73.0,2.51,7,Male,Medium Risk
69.45,75.24,55.75,91.87,2.71,8,Female,High Risk
87.58,49.67,54.37,65.92,3.35,2,Female,Low Risk
69.34,40.91,89.07,73.14,2.13,4,Female,Medium Risk
94.94,82.05,57.8,60.03,2.42,8,Male,Medium Risk
58.86,73.01,58.6,62.59,3.62,5,Female,High Risk
64.62,79.05,91.55,83.02,2.29,4,Female,Medium Risk
77.57,88.79,80.61,55.85,2.69,4,Male,Low Risk
65.96,66.05,80.24,59.39,3.73,6,Female,High Risk
71.21,47.47,73.97,76.4,2.31,8,Female,High Risk
74.62,96.4,78.45,52.19,2.17,6,Male,High Risk
92.82,72.72,80.09,56.35,2.97,4,Male,Low Risk
76.16,76.92,98.39,93.17,2.6,8,Female,Low Risk
68.12,96.0,61.15,92.31,3.13,3,Male,High Risk
62.39,95.9,60.73,67.39,3.61,8,Male,High Risk
70.43,74.33,52.86,67.4,2.27,6,Male,High Risk
75.79,57.86,82.91,96.83,3.16,2,Female,High Risk
87.31,99.83,77.45,51.29,3.01,5,Female,Medium Risk
56.05,80.85,55.56,79.01,2.29,5,Male,Low Risk
61.08,64.51,68.23,79.87,3.25,7,Female,High Risk
68.98,73.59,58.93,89.39,2.55,2,Male,Low Risk
68.02,64.95,66.57,97.59,2.98,2,Male,Medium Risk
69.59,93.3,97.56,67.79,2.16,2,Male,Low Risk
89.68,68.95,84.17,71.89,2.92,7,Male,Medium Risk
66.21,89.41,50.38,83.56,2.61,2,Male,High Risk
75.09,90.41,62.63,98.36,3.64,1,Female,Low Risk
81.2,89.46,50.52,94.54,2.11,7,Female,High Risk
61.61,83.33,85.74,83.35,2.84,5,Female,Medium Risk
85.93,91.29,73.47,92.84,2.92,1,Female,Low Risk
77.36,63.23,99.7,54.26,3.45,7,Male,High Risk
72.34,46.88,86.68,68.86,3.15,4,Male,Medium Risk
90.49,90.55,75.9,50.65,3.33,4,Female,Low Risk
62.17,69.89,90.24,58.87,3.55,5,Female,Low Risk
94.16,47.64,85.24,81.52,3.72,4,Male,Low Risk
78.05,46.92,62.19,94.28,2.63,2,Male,High Risk
80.46,49.55,76.51,81.64,3.08,7,Male,Low Risk
93.75,85.06,77.8,83.21,3.68,1,Female,Low Risk
90.88,82.65,72.56,55.19,3.98,2,Male,Low Risk
80.08,52.23,58.96,83.24,3.78,4,Male,Low Risk
87.66,90.82,61.17,72.72,2.74,6,Female,High Risk
71.67,56.88,64.05,82.57,2.39,8,Female,High Risk
77.37,87.58,50.51,66.31,2.98,1,Female,Medium Risk
53.1,69.33,95.85,79.07,3.48,2,Male,Low Risk
54.49,83.89,84.3,71.2,2.99,7,Male,Medium Risk
91.47,62.88,84.48,77.93,2.97,5,Female,Low Risk
52.98,60.83,78.62,57.35,3.68,2,Male,Low Risk
58.47,90.48,84.47,69.79,2.72,6,Male,Low Risk
89.79,42.12,99.09,68.71,3.72,4,Male,Low Risk
50.06,98.48,69.26,86.82,2.81,1,Female,Low Risk
64.12,78.89,85.63,85.32,2.66,5,Female,Low Risk
79.2,65.95,67.98,95.44,2.91,1,Male,Low Risk
79.77,77.68,92.71,81.6,3.52,5,Male,High Risk
88.86,47.36,92.9,65.73,2.25,8,Male,High Risk
75.3,70.84,95.11,89.16,2.39,7,Male,High Risk
75.47,99.11,50.27,74.85,3.9,1,Female,High Risk
86.27,54.12,64.91,59.67,2.35,4,Female,High Risk
74.93,83.34,56.7,87.37,3.14,7,Male,Low Risk
80.42,66.1,72.7,56.63,3.16,7,Male,Medium Risk
94.89,79.15,74.77,58.91,2.98,8,Female,High Risk
70.07,52.29,62.8,87.94,3.29,5,Male,Low Risk
69.26,68.23,86.17,88.51,2.46,3,Female,Medium Risk
50.18,98.81,63.49,89.54,3.11,1,Male,High Risk
80.67,51.72,92.69,64.67,2.74,1,Female,Low Risk
51.49,78.19,58.88,93.33,3.32,2,Male,Medium Risk
75.21,74.54,68.36,86.13,2.28,5,Male,Low Risk
90.21,73.9,81.11,91.7,3.14,6,Female,High Risk
77.5,76.91,80.27,85.43,2.37,3,Female,Medium Risk
63.48,70.13,53.9,78.98,2.56,4,Male,Low Risk
89.31,41.02,92.31,55.47,2.44,2,Male,High Risk
63.49,94.01,79.9,85.55,2.37,8,Female,Low Risk
86.65,89.62,93.49,84.52,3.65,3,Female,High Risk
80.51,50.45,93.38,65.62,2.57,5,Male,Medium Risk
58.5,64.8,77.3,86.79,3.85,3,Male,Low Risk
95.26,86.23,95.54,77.52,3.94,8,Female,Low Risk
60.03,98.8,92.42,77.97,3.14,7,Female,High Risk
99.48,97.07,97.91,68.38,2.29,1,Female,High Risk
50.37,93.96,92.52,55.84,2.75,7,Female,Low Risk
63.17,49.5,91.06,60.85,3.6,1,Female,High Risk
59.99,94.87,73.47,88.44,2.73,2,Male,Medium Risk
50.7,92.71,60.6,63.57,2.17,8,Male,Low Risk
86.62,62.62,95.54,50.11,3.11,5,Female,Medium Risk
84.67,63.67,86.13,99.85,3.69,5,Male,High Risk
89.62,67.59,64.09,60.53,3.59,3,Male,Medium Risk
62.83,79.37,67.05,82.77,2.35,2,Female,Low Risk
72.22,55.65,84.3,96.35,3.35,5,Male,Medium Risk
82.96,41.38,73.89,79.99,2.44,6,Male,Low Risk
71.99,48.47,54.07,89.95,2.44,6,Male,Medium Risk
84.87,66.41,57.07,98.82,3.75,7,Female,High Risk
81.7,56.92,87.28,93.02,2.5,1,Female,High Risk
55.73,85.87,66.43,77.9,2.53,3,Male,Medium Risk
89.05,46.4,75.38,68.19,2.0,4,Male,High Risk
86.03,95.05,88.33,74.12,3.74,8,Male,Medium Risk
82.79,93.72,87.56,92.09,3.59,1,Male,Low Risk
57.75,94.53,58.35,92.67,3.25,2,Male,Low Risk
63.4,84.38,54.92,92.29,3.5,5,Male,High Risk
69.66,46.42,79.56,79.86,2.3,1,Female,Low Risk
64.0,66.29,87.08,73.85,2.92,4,Male,Low Risk
61.39,47.88,57.45,65.57,2.7,4,Male,High Risk
90.27,99.26,68.6,50.17,2.19,6,Female,High Risk
81.91,59.98,93.51,88.22,2.97,2,Male,Medium Risk
78.27,75.12,97.21,63.85,3.84,1,Male,Medium Risk
61.3,86.76,72.7,66.48,2.08,3,Male,High Risk
95.9,95.24,53.98,92.17,2.58,1,Male,High Risk
59.56,85.33,62.88,52.61,2.42,6,Female,High Risk
89.75,80.47,61.65,96.38,2.48,7,Male,Low Risk
98.33,67.96,61.95,50.07,3.82,4,Female,Low Risk
86.35,76.32,74.69,96.96,2.94,2,Male,Medium Risk
99.64,45.65,79.16,72.74,2.93,2,Male,Low Risk
82.55,93.04,56.13,55.11,3.52,3,Female,Medium Risk
60.87,72.63,94.47,83.71,2.31,2,Male,Low Risk
60.19,42.41,81.0,94.79,2.97,6,Female,High Risk
66.23,95.19,79.86,71.9,2.86,6,Female,Medium Risk
50.36,69.36,99.36,84.57,3.19,6,Female,High Risk
84.08,92.12,81.41,98.97,4.0,2,Male,Medium Risk
63.43,91.41,96.45,62.04,3.54,2,Male,High Risk
90.76,88.95,64.31,91.02,2.8,6,Male,High Risk
67.96,43.68,62.01,64.76,3.66,2,Male,High Risk
74.0,54.82,75.83,71.32,2.34,8,Female,Medium Risk
98.28,92.53,75.43,64.09,2.06,2,Male,Low Risk
62.11,93.94,61.32,72.3,2.41,8,Male,Medium Risk
86.06,67.48,84.98,50.25,2.68,4,Female,Low Risk
87.76,66.4,51.48,65.17,3.02,1,Female,Medium Risk
61.05,50.51,84.53,72.26,3.23,5,Male,Medium Risk
75.05,98.1,72.86,81.61,3.82,8,Female,High Risk
67.51,52.79,84.45,81.87,3.02,8,Female,Low Risk
88.6,51.46,73.85,79.19,3.0,2,Female,High Risk
81.12,79.64,98.87,64.65,2.1,5,Female,Low Risk
73.8,54.57,66.73,97.37,2.07,7,Female,Medium Risk
88.97,96.33,99.13,69.6,3.1,5,Male,Medium Risk
61.76,40.65,53.25,60.84,2.88,4,Male,High Risk
87.68,40.35,84.19,77.73,3.68,8,Male,Medium Risk
93.27,70.29,72.71,87.45,2.32,2,Male,Low Risk
93.93,69.28,91.11,50.61,2.05,6,Male,Low Risk
89.18,49.8,89.48,63.82,2.9,5,Male,Low Risk
70.4,69.67,90.01,91.25,2.47,2,Male,High Risk
99.09,64.7,54.74,75.35,2.1,3,Female,Medium Risk
68.98,93.42,91.12,70.42,3.45,7,Male,High Risk
81.93,40.56,60.7,96.55,2.22,6,Male,Low Risk
58.05,98.58,51.28,54.48,3.22,3,Male,High Risk
99.02,77.46,60.89,80.78,2.56,3,Female,Medium Risk
85.2,49.11,73.96,67.11,2.35,5,Male,Low Risk
87.67,42.81,87.11,53.54,2.76,3,Male,Medium Risk
53.29,72.29,60.93,60.69,3.6,4,Female,Medium Risk
88.17,54.09,55.65,81.4,2.78,4,Male,High Risk
88.74,58.07,82.3,51.41,3.5,5,Male,Medium Risk
83.59,54.71,99.19,79.61,2.25,2,Female,Low Risk
64.6,79.01,80.04,97.84,3.55,1,Male,Medium Risk
74.48,73.21,84.55,89.75,2.47,2,Female,High Risk
55.52,44.68,78.06,67.28,3.35,2,Male,High Risk
73.58,71.59,89.12,56.91,3.13,2,Male,Medium Risk
62.19,87.47,98.79,73.25,3.86,2,Male,Medium Risk
67.45,44.87,77.21,69.65,2.77,6,Female,High Risk
58.13,93.38,70.84,98.59,2.13,1,Female,Medium Risk
61.5,74.7,93.02,99.49,2.04,6,Female,Medium Risk
53.83,97.04,98.49,70.53,3.65,3,Male,Low Risk
96.0,48.89,56.46,57.44,3.05,7,Male,High Risk
76.52,99.61,78.91,95.53,3.55,2,Female,Low Risk
69.84,78.66,89.62,89.68,2.47,7,Female,Medium Risk
76.75,74.05,76.67,75.56,2.69,4,Male,Medium Risk
81.41,70.92,70.46,68.27,2.06,5,Male,Low Risk
96.09,41.42,82.76,72.41,3.92,5,Male,High Risk
58.93,96.38,63.51,95.09,3.34,6,Male,Medium Risk
64.78,78.64,67.46,59.23,3.87,6,Female,High Risk
98.79,45.5,99.61,90.34,2.53,4,Male,Medium Risk
68.56,41.26,81.82,50.91,3.22,2,Male,Medium Risk
51.13,43.05,93.65,96.03,3.36,7,Male,High Risk
57.38,76.56,90.39,75.01,2.64,8,Male,Medium Risk
51.32,76.84,82.61,61.34,3.7,7,Male,Medium Risk
99.5,69.98,92.04,50.14,3.89,1,Male,Low Risk
63.94,58.41,64.36,77.98,3.77,3,Male,High Risk
96.18,71.9,81.86,62.22,3.48,5,Female,High Risk
99.79,70.98,79.53,81.56,2.55,3,Female,Medium Risk
79.99,41.16,81.12,64.06,2.56,1,Female,High Risk
51.66,56.95,58.43,54.4,3.93,6,Male,Low Risk
54.08,43.19,63.86,75.25,2.02,7,Female,High Risk
74.08,94.01,64.33,78.22,3.43,5,Male,Medium Risk
70.31,83.51,80.1,72.63,3.41,3,Male,Low Risk
80.31,99.77,98.63,72.9,3.25,8,Male,Low Risk
71.94,58.13,97.7,79.48,3.98,6,Male,Medium Risk
96.7,92.71,61.36,76.32,2.62,1,Female,Low Risk
76.74,76.18,65.24,56.63,2.68,8,Male,Low Risk
84.69,67.19,51.8,59.85,2.16,3,Male,Medium Risk
94.82,53.35,69.94,57.09,2.89,8,Female,Low Risk
57.34,84.3,91.73,84.66,2.52,7,Female,Low Risk
61.49,94.25,95.79,76.43,2.69,2,Female,Medium Risk
55.37,54.12,61.82,71.49,3.67,8,Male,Medium Risk
56.98,50.52,63.29,89.92,3.87,6,Female,Low Risk
75.63,81.77,61.04,66.29,2.37,1,Male,High Risk
66.06,98.62,67.51,78.41,2.75,3,Male,High Risk
71.16,85.0,90.24,53.72,3.86,7,Female,High Risk
99.12,57.07,82.34,87.22,2.12,2,Female,High Risk
57.84,65.2,89.3,84.76,2.18,2,Female,High Risk
77.04,63.06,79.15,90.12,2.33,1,Male,Low Risk
54.94,91.13,62.89,94.22,3.19,4,Male,Medium Risk
65.92,86.28,61.4,87.9,2.3,7,Male,High Risk
76.38,75.34,50.45,92.22,3.94,7,Male,Low Risk
97.33,56.5,89.05,67.28,2.89,5,Male,Medium Risk
69.56,96.28,92.36,67.17,3.0,1,Male,Medium Risk
53.25,79.2,88.41,97.22,2.49,2,Female,Medium Risk
69.41,98.23,53.72,95.73,2.94,2,Male,Low Risk
57.29,74.81,88.11,77.42,3.32,8,Female,High Risk
61.5,89.27,52.29,68.33,3.5,1,Female,High Risk
80.9,88.79,55.28,93.3,3.51,4,Female,High Risk
53.37,60.24,72.02,66.17,3.16,5,Female,Low Risk
73.24,97.84,73.81,57.68,3.81,3,Female,Medium Risk
80.47,41.32,90.81,81.97,3.63,1,Male,High Risk
71.09,86.12,83.98,52.13,3.51,5,Male,High Risk
50.96,97.93,57.67,68.96,2.11,7,Male,Medium Risk
99.28,60.33,61.31,90.38,2.01,5,Male,Low Risk
68.36,78.89,64.28,64.76,2.42,8,Female,Medium Risk
88.93,73.73,56.18,96.57,3.33,6,Female,Low Risk
66.28,85.69,64.38,97.79,2.82,2,Female,Low Risk
73.75,91.97,86.43,90.79,2.8,8,Male,High Risk
69.42,76.18,62.07,99.38,3.77,3,Male,Medium Risk
67.13,88.95,91.77,76.54,3.79,1,Male,High Risk
51.09,58.74,73.48,78.46,3.82,8,Male,Low Risk
68.0,53.72,66.15,91.81,2.63,2,Female,Medium Risk
94.47,65.84,70.62,74.64,3.38,6,Female,High Risk
84.52,80.66,85.47,70.34,2.54,8,Male,Low Risk
57.27,51.23,75.84,80.74,2.38,6,Male,Low Risk
79.56,80.82,50.36,82.88,2.37,8,Female,High Risk
94.61,63.65,96.12,87.54,2.68,2,Female,High Risk
85.0,87.73,53.3,83.41,2.86,4,Female,Medium Risk
57.43,42.21,96.93,87.29,3.66,5,Female,Medium Risk
93.39,80.08,51.41,83.73,2.24,1,Male,Low Risk
65.08,78.99,88.55,74.02,3.47,1,Female,Medium Risk
72.7,96.46,76.73,56.75,3.06,1,Female,Medium Risk
76.31,82.8,75.29,89.27,2.58,2,Female,Low Risk
92.53,87.78,53.64,51.54,2.99,7,Female,Medium Risk
96.58,94.28,61.94,99.63,2.6,4,Male,Medium Risk
96.48,80.5,88.88,91.42,3.19,3,Male,Medium Risk
50.4,57.41,94.56,83.55,2.87,6,Male,Low Risk
96.09,92.19,76.46,98.33,2.33,2,Male,High Risk
52.72,84.85,67.67,80.62,2.23,7,Male,High Risk
63.29,65.47,53.0,52.82,3.09,3,Male,High Risk
75.75,82.63,84.11,77.97,3.8,6,Female,Low Risk
74.0,92.06,63.92,63.86,2.69,6,Female,Medium Risk
80.24,98.54,52.75,68.47,3.47,4,Female,Medium Risk
73.97,97.14,83.29,72.98,3.32,5,Female,Low Risk
96.72,59.52,74.29,88.73,3.86,1,Male,Low Risk
62.03,65.3,50.6,75.15,3.64,8,Female,Low Risk
63.7,46.57,55.55,73.73,3.13,3,Male,High Risk
96.04,54.85,84.96,65.1,3.31,2,Female,Low Risk
53.84,92.95,53.18,76.99,3.8,3,Female,High Risk
80.48,61.65,93.3,62.42,2.8,5,Female,High Risk
84.09,77.23,65.57,63.05,2.65,1,Male,Medium Risk
75.28,79.96,54.43,87.86,2.02,3,Female,Medium Risk
84.71,86.91,87.99,67.13,3.65,5,Male,High Risk
58.64,50.97,76.22,52.57,3.6,2,Male,Medium Risk
92.63,58.29,65.33,67.18,2.21,4,Female,Low Risk
57.0,66.9,70.3,81.93,3.15,7,Male,Medium Risk
70.04,61.89,51.07,90.7,2.93,6,Male,Medium Risk
53.76,98.97,83.13,98.1,2.24,2,Female,Medium Risk
77.26,90.1,68.29,87.31,3.96,1,Female,Low Risk
83.49,68.78,85.7,71.44,2.43,6,Female,High Risk
97.06,92.76,81.41,64.96,2.13,7,Female,Medium Risk
86.97,60.86,82.56,56.48,3.19,2,Female,High Risk
77.06,87.15,89.64,81.38,3.48,8,Female,Low Risk
96.63,53.42,81.56,75.49,2.06,2,Male,High Risk
73.92,86.34,70.94,83.89,3.32,2,Female,Medium Risk
78.06,67.39,69.5,61.86,3.06,8,Female,Medium Risk
79.8,46.45,55.98,66.18,2.21,2,Male,Low Risk
70.5,56.4,88.97,64.6,2.35,6,Female,High Risk
91.92,64.14,88.06,89.88,3.14,1,Male,Medium Risk
59.26,84.96,62.31,58.56,2.59,7,Female,High Risk
77.74,44.38,93.13,80.42,3.88,5,Female,Low Risk
86.11,79.57,79.45,52.57,3.64,3,Male,Medium Risk
95.2,82.96,73.93,77.48,3.97,8,Female,Medium Risk
94.2,79.24,50.87,53.2,2.52,4,Male,Medium Risk
75.44,85.64,69.14,58.79,3.94,8,Female,Medium Risk
82.16,50.69,82.03,55.65,2.86,7,Female,High Risk
69.71,75.23,54.49,67.34,2.7,3,Male,Medium Risk
73.41,96.47,72.98,67.19,2.1,3,Female,Low Risk
95.31,76.65,99.67,91.32,2.11,4,Female,Medium Risk
96.54,76.68,85.83,61.28,3.38,7,Male,Low Risk
94.77,84.19,77.34,54.32,2.92,6,Female,High Risk
56.92,59.99,76.65,80.18,2.45,1,Male,Low Risk
92.5,82.03,52.19,84.37,3.23,4,Female,Medium Risk
97.42,94.97,97.87,64.74,2.51,1,Male,Medium Risk
68.06,40.65,96.41,80.14,3.16,6,Female,Medium Risk
75.93,92.21,84.12,88.8,2.72,3,Male,Low Risk
88.95,53.12,54.95,67.38,3.65,1,Male,Low Risk
78.1,67.36,60.39,76.27,3.64,6,Female,Medium Risk
99.67,91.14,59.2,57.33,2.95,6,Female,Medium Risk
72.79,89.43,75.98,51.18,2.7,5,Male,High Risk
85.7,93.52,60.39,99.07,2.73,4,Female,High Risk
89.63,96.43,84.79,64.99,3.61,5,Male,Medium Risk
74.71,66.83,77.26,63.95,2.66,8,Female,Medium Risk
92.85,79.38,50.88,98.66,2.42,3,Female,Medium Risk
77.31,63.43,87.2,86.41,2.17,4,Male,Low Risk
70.58,61.04,59.44,79.26,2.93,3,Male,Low Risk
55.39,65.9,91.24,84.97,2.96,5,Female,High Risk
69.67,84.58,67.75,85.5,3.68,7,Female,Low Risk
86.7,70.09,66.93,88.17,2.44,6,Female,High Risk
96.06,88.84,50.59,53.36,2.76,3,Female,Low Risk
62.58,84.71,99.39,70.64,3.62,4,Female,High Risk
67.76,41.23,80.6,64.76,3.65,8,Male,Low Risk
57.7,77.81,71.14,53.53,2.77,4,Female,Medium Risk
84.54,66.19,54.83,70.63,2.92,3,Female,Medium Risk
98.01,67.4,84.96,80.81,2.61,4,Male,Low Risk
82.05,89.1,64.14,58.92,3.87,8,Male,High Risk
80.85,72.86,99.41,65.25,2.24,6,Male,High Risk
77.67,93.14,97.53,81.96,3.87,7,Female,Medium Risk
54.42,82.77,86.76,78.97,3.37,6,Male,Low Risk
86.48,73.17,98.55,93.44,3.06,4,Male,Medium Risk
80.1,85.27,55.28,89.56,2.07,8,Male,High Risk
83.07,42.3,64.0,98.28,2.95,8,Male,Medium Risk
94.94,41.63,62.66,79.86,2.82,3,Female,Medium Risk
89.2,45.0,53.6,84.92,2.32,5,Female,Medium Risk
89.05,66.25,98.61,93.03,3.31,4,Female,Low Risk
96.36,54.13,53.0,92.0,3.94,4,Male,Medium Risk
99.5,99.06,92.83,85.94,3.12,4,Male,High Risk
79.06,72.54,88.41,75.01,3.43,4,Male,High Risk
55.44,79.74,68.79,63.66,2.14,3,Male,Medium Risk
72.96,56.73,50.94,93.86,2.84,5,Male,Low Risk
89.38,59.31,50.3,88.83,2.23,5,Male,High Risk
51.39,60.13,60.2,91.9,3.23,1,Female,Low Risk
52.84,81.92,74.69,57.04,3.88,4,Female,High Risk
53.36,68.42,72.9,65.74,3.32,4,Male,Medium Risk
86.55,71.06,79.26,71.24,2.15,1,Female,High Risk
75.06,75.52,88.6,91.92,2.71,5,Male,Low Risk
68.44,86.13,68.87,94.64,3.1,8,Male,Low Risk
55.28,45.42,58.02,64.24,2.81,8,Female,High Risk
86.61,86.61,90.0,84.32,3.67,2,Male,Low Risk
66.05,73.79,66.63,53.89,3.63,6,Female,High Risk
63.27,80.15,64.34,70.48,3.22,2,Male,Low Risk
82.62,59.65,88.22,74.33,2.75,5,Male,Low Risk
77.95,64.56,96.71,88.28,2.51,7,Female,Low Risk
68.12,53.87,95.75,94.6,2.21,4,Male,Low Risk
82.07,98.76,56.87,66.86,2.71,2,Male,Low Risk
63.56,69.82,75.16,76.39,2.83,3,Male,Low Risk
89.74,99.76,54.64,82.37,3.35,8,Female,High Risk
61.47,69.39,98.05,66.43,3.32,3,Male,High Risk
57.94,53.19,60.76,99.28,2.14,1,Male,Medium Risk
89.12,70.45,59.87,93.79,2.79,5,Male,Low Risk
85.39,42.38,94.44,64.82,2.36,5,Female,Medium Risk
59.13,94.29,98.39,75.4,2.31,2,Female,High Risk
55.81,89.11,84.88,61.54,3.65,4,Female,Low Risk
91.92,83.55,56.05,75.73,2.08,5,Female,Low Risk
88.83,76.59,74.29,84.17,2.84,2,Female,Medium Risk
66.36,74.79,90.83,54.28,2.34,2,Male,High Risk
82.91,99.8,78.62,93.51,3.76,6,Female,High Risk
56.21,56.68,56.63,79.69,3.11,6,Female,High Risk
75.35,86.78,58.59,99.48,2.46,5,Male,Low Risk
50.94,74.88,93.21,51.28,3.0,2,Female,Low Risk
69.58,98.55,76.35,91.57,3.46,1,Male,High Risk
53.74,89.67,85.29,89.6,3.92,1,Female,Medium Risk
73.76,99.91,68.65,56.64,2.44,6,Male,Low Risk
71.08,75.3,76.62,66.77,3.77,5,Male,High Risk
72.22,52.27,98.86,94.24,3.87,8,Female,Medium Risk
52.27,70.22,66.49,75.92,3.83,4,Female,Low Risk
68.08,82.67,83.74,70.06,3.27,7,Male,Low Risk
87.82,86.46,58.63,95.27,3.26,8,Male,Medium Risk
68.45,40.03,56.09,54.67,2.81,1,Male,Low Risk
85.76,70.3,89.18,73.66,3.5,1,Male,High Risk
68.47,54.11,92.21,82.62,3.06,8,Male,High Risk
71.16,92.49,83.42,80.43,3.35,6,Male,High Risk
78.19,49.17,57.91,63.21,2.86,6,Male,Medium Risk
97.53,79.99,62.03,78.17,3.46,5,Female,High Risk
55.44,55.96,95.56,85.43,3.65,6,Male,High Risk
51.65,61.39,64.44,79.24,2.29,3,Female,Medium Risk
80.4,96.43,90.94,84.22,3.67,7,Female,Medium Risk
97.45,54.43,64.3,62.8,3.08,8,Male,High Risk
99.49,45.7,96.97,91.64,3.69,8,Male,High Risk
74.21,44.16,95.72,72.48,2.86,2,Female,Medium Risk
73.4,70.28,52.16,99.36,2.76,1,Male,High Risk
82.25,78.5,88.52,51.16,3.83,8,Male,Medium Risk
77.78,59.64,58.47,69.02,2.5,3,Female,Low Risk
81.7,81.42,60.76,59.02,3.69,8,Female,High Risk
93.7,43.66,72.99,77.78,2.97,4,Female,High Risk
87.32,91.44,78.82,62.16,3.03,3,Male,High Risk
74.84,88.99,66.29,86.87,2.62,5,Male,High Risk
73.09,99.13,78.77,94.09,3.15,4,Female,Low Risk
81.98,96.19,58.53,60.54,2.65,4,Male,Medium Risk
72.79,61.37,51.12,58.03,2.08,8,Female,Medium Risk
72.89,63.96,78.56,93.77,2.54,6,Male,Low Risk
50.82,84.76,75.87,68.06,2.01,8,Female,High Risk
58.7,48.04,84.48,71.73,3.96,3,Male,High Risk
74.43,58.84,82.49,61.05,3.93,5,Female,Low Risk
91.13,47.11,94.87,71.27,2.79,1,Male,Low Risk
63.94,67.29,72.97,61.57,3.46,7,Male,Medium Risk
76.13,73.12,50.42,83.3,2.69,6,Female,Medium Risk
67.25,52.67,81.53,74.94,3.34,3,Male,Low Risk
55.24,41.6,83.76,89.4,3.61,1,Male,High Risk
97.91,83.16,76.07,65.64,3.89,3,Female,High Risk
92.73,41.2,84.47,75.28,2.8,6,Male,High Risk
53.92,98.4,66.18,62.98,3.57,1,Male,Medium Risk
85.99,53.3,57.44,96.72,2.53,6,Male,High Risk
67.38,79.83,83.23,76.1,3.98,3,Female,Medium Risk
99.74,66.09,62.26,58.67,2.05,4,Female,Low Risk
65.12,43.58,72.82,63.64,3.21,7,Female,Medium Risk
61.94,68.33,74.58,54.15,3.32,2,Female,High Risk
78.39,71.01,73.86,51.39,3.38,7,Female,Medium Risk
91.76,91.28,79.92,76.3,2.24,4,Male,Low Risk
59.63,83.94,51.47,66.86,3.88,6,Male,High Risk
85.47,44.76,99.48,98.19,2.36,7,Female,High Risk
53.07,52.55,85.82,58.57,3.25,6,Male,Medium Risk
95.95,58.71,71.27,89.7,2.45,6,Male,High Risk
54.05,46.98,59.57,65.8,2.61,1,Male,Low Risk
95.71,67.41,54.01,61.18,3.09,5,Male,Medium Risk
74.54,99.06,83.61,98.48,2.83,6,Female,High Risk
72.4,70.88,65.85,90.13,2.32,7,Female,Low Risk
98.67,84.51,61.47,81.53,2.34,7,Male,Medium Risk
99.52,80.98,69.0,84.86,2.84,7,Male,High Risk
82.51,90.99,79.65,99.57,3.51,4,Female,High Risk
56.36,52.94,83.59,79.66,3.8,2,Male,Medium Risk
75.31,85.23,82.26,55.1,2.17,6,Male,High Risk
76.46,92.88,93.16,53.24,2.79,8,Male,High Risk
75.72,50.29,60.94,83.33,2.2,6,Female,High Risk
78.47,60.81,81.84,82.88,2.03,6,Female,High Risk
50.94,98.21,55.06,87.41,3.32,8,Male,Low Risk
85.56,86.85,77.4,55.44,3.2,1,Male,Low Risk
85.62,56.96,79.2,97.25,2.33,6,Male,Low Risk
55.77,73.84,60.81,77.56,2.47,4,Male,Medium Risk
78.51,64.26,69.58,82.48,2.05,3,Male,Low Risk
78.42,69.4,91.36,51.74,3.67,5,Male,High Risk
84.12,61.31,57.42,98.05,3.95,7,Female,High Risk
54.27,56.76,71.73,78.13,2.27,6,Female,Medium Risk
81.33,80.49,96.64,78.17,2.46,1,Male,Medium Risk
64.04,86.71,75.21,97.18,3.74,4,Female,Medium Risk
75.35,92.44,86.26,96.47,3.85,6,Male,High Risk
88.67,49.32,91.34,61.01,2.84,8,Male,High Risk
85.28,89.37,60.19,96.55,2.1,1,Female,Medium Risk
55.95,55.29,60.91,86.83,2.08,3,Female,Low Risk
79.56,65.64,87.93,50.95,3.15,2,Male,Medium Risk
98.46,94.09,87.67,61.99,2.79,6,Male,High Risk
57.84,67.27,53.01,70.65,2.06,4,Female,Low Risk
92.65,51.82,66.12,79.14,3.17,1,Female,High Risk
85.13,49.59,69.93,85.07,2.02,8,Male,High Risk
88.7,68.38,91.45,60.51,3.57,1,Male,High Risk
64.1,85.76,71.09,91.84,2.61,6,Male,Low Risk
64.39,99.83,96.3,92.29,2.08,1,Female,Low Risk
95.3,87.24,99.83,81.75,3.18,2,Male,Medium Risk
67.99,92.62,89.04,96.05,2.8,1,Female,High Risk
53.15,84.87,83.32,90.65,3.95,7,Male,High Risk
80.03,93.73,69.59,61.08,3.09,5,Female,High Risk
56.24,44.58,53.35,89.93,2.55,7,Female,Low Risk
89.83,95.8,78.66,97.66,3.42,5,Female,Medium Risk
82.09,63.78,68.09,56.88,2.54,1,Female,High Risk
93.74,95.3,67.54,98.93,3.81,8,Male,Medium Risk
89.24,44.54,84.39,51.25,2.75,8,Female,Medium Risk
55.61,82.91,73.18,76.11,3.1,6,Female,Low Risk
69.05,84.14,87.6,88.69,2.1,8,Female,Low Risk
88.73,99.81,69.91,89.52,2.85,5,Male,High Risk
70.87,86.13,57.54,86.73,3.66,4,Male,Low Risk
98.62,62.95,73.07,76.47,3.61,5,Male,Medium Risk
86.79,73.43,97.55,82.55,2.45,7,Male,High Risk
50.77,61.99,90.08,85.0,2.45,1,Male,Low Risk
94.0,51.76,60.29,74.73,3.63,6,Male,Medium Risk
55.04,54.91,69.57,79.78,3.86,3,Female,High Risk
57.03,53.32,96.39,92.32,2.19,6,Female,Medium Risk
86.72,72.93,56.18,65.64,2.9,6,Female,Medium Risk
93.25,94.37,62.7,76.16,2.67,6,Male,High Risk
76.82,94.76,63.11,50.42,3.74,4,Female,Medium Risk
64.45,43.29,78.55,84.37,2.17,2,Female,Medium Risk
67.57,44.79,70.54,59.77,2.42,7,Male,High Risk
67.14,54.71,53.99,74.05,3.5,1,Female,Low Risk
66.33,55.3,81.46,60.51,2.1,2,Male,High Risk
62.15,45.69,54.95,51.18,2.99,3,Female,High Risk
80.44,63.31,80.32,74.16,2.88,2,Male,High Risk
95.02,75.26,75.35,71.24,2.67,1,Male,Medium Risk
65.35,74.69,74.68,71.26,2.79,7,Male,Medium Risk
59.33,72.61,53.37,60.44,3.06,7,Female,Medium Risk
91.93,60.32,81.96,97.36,2.32,1,Female,High Risk
87.09,82.39,71.57,50.18,3.14,3,Male,Low Risk
96.54,89.59,70.56,94.58,3.61,1,Male,High Risk
58.28,60.78,79.82,86.85,3.52,3,Female,High Risk
57.21,45.13,80.31,58.6,2.31,3,Female,High Risk
77.07,57.78,50.75,73.61,2.3,1,Male,High Risk
80.72,48.24,56.26,99.44,2.54,5,Female,Medium Risk
74.01,68.04,61.83,82.18,2.72,7,Female,High Risk
79.95,49.36,83.9,56.37,2.82,3,Female,High Risk
59.02,67.77,78.84,72.88,3.36,1,Male,Low Risk
73.98,53.26,87.88,73.41,2.11,8,Male,High Risk
82.9,84.32,87.03,90.11,2.07,5,Female,Low Risk
71.64,41.65,92.66,95.81,2.78,7,Male,Low Risk
83.97,73.28,68.84,54.11,3.39,3,Female,High Risk
72.56,50.17,67.25,65.7,2.39,7,Female,Medium Risk
66.68,40.06,91.55,64.92,3.28,5,Male,Medium Risk
65.18,92.15,61.88,99.8,2.52,7,Male,High Risk
70.55,80.29,73.06,77.96,3.77,4,Male,Low Risk
51.15,45.94,59.72,93.99,3.79,6,Female,Medium Risk
83.43,79.84,95.69,71.3,2.59,4,Female,Low Risk
92.26,76.7,70.39,86.14,2.46,5,Male,Low Risk
67.73,68.4,60.62,64.33,2.82,3,Male,High Risk
52.3,65.16,84.6,95.59,2.48,1,Male,High Risk
99.34,93.22,62.23,72.76,3.34,2,Female,High Risk
63.18,54.71,97.18,90.19,3.65,1,Female,Low Risk
56.33,63.9,68.38,62.79,3.35,7,Female,Low Risk
68.49,59.75,83.23,84.68,3.65,2,Male,Medium Risk
86.93,86.27,67.26,70.26,2.79,2,Male,High Risk
64.7,94.99,90.36,51.57,2.31,7,Female,High Risk
78.74,90.99,94.85,70.65,3.48,7,Male,Low Risk
70.78,87.86,89.4,77.5,2.72,3,Male,Low Risk
55.89,99.21,92.42,57.59,3.34,5,Male,High Risk
66.51,81.83,55.09,59.2,2.54,8,Male,High Risk
86.24,85.06,96.2,73.24,2.16,1,Female,High Risk
80.6,98.97,81.22,67.14,3.99,5,Male,High Risk
55.99,40.42,93.46,72.04,2.31,4,Female,Low Risk
58.17,78.04,84.22,73.04,3.98,3,Female,Medium Risk
82.04,84.34,60.09,57.0,3.95,3,Male,Medium Risk
90.67,95.07,80.48,59.06,3.59,8,Female,Medium Risk
67.47,93.03,54.55,92.41,3.32,4,Female,Medium Risk
79.77,90.52,84.79,58.14,3.16,1,Male,High Risk
58.53,96.75,70.45,83.3,3.73,6,Female,Low Risk
65.57,72.24,57.59,70.93,2.58,4,Female,Low Risk
51.01,40.42,98.96,98.41,2.94,1,Female,Medium Risk
88.41,40.66,95.05,53.31,3.24,2,Female,High Risk
70.05,72.68,94.68,91.52,2.82,7,Female,High Risk
90.81,66.12,89.44,74.57,2.85,3,Female,High Risk
85.42,67.07,84.6,50.27,2.66,1,Female,Medium Risk
91.44,64.02,82.75,63.18,3.13,5,Female,Medium Risk
64.28,95.06,55.3,70.38,3.7,8,Male,Medium Risk
59.26,61.55,95.03,65.71,2.4,7,Male,Low Risk
98.6,91.37,94.06,68.12,3.87,5,Male,Medium Risk
85.87,94.17,87.39,95.83,3.38,7,Female,Medium Risk
91.7,69.97,96.37,68.05,3.65,3,Female,High Risk
50.66,66.82,77.65,70.94,3.11,4,Female,Low Risk
67.72,85.66,72.38,88.06,3.56,6,Male,Medium Risk
87.14,82.48,98.4,89.69,2.03,4,Male,High Risk
53.9,59.71,73.21,54.2,3.64,1,Male,Medium Risk
78.37,46.15,82.07,85.2,2.08,8,Female,Medium Risk
71.45,55.89,68.65,74.13,3.78,4,Male,Low Risk
50.88,47.86,81.82,56.69,3.98,3,Male,Low Risk
61.8,57.68,86.0,63.24,2.59,8,Female,Medium Risk
64.24,55.71,81.23,52.25,2.42,1,Male,Low Risk
55.59,78.26,75.73,68.01,3.53,2,Female,High Risk
81.58,97.27,65.01,62.77,2.51,4,Male,Medium Risk
62.12,81.14,82.19,69.11,3.73,4,Female,Low Risk
63.88,95.6,95.42,79.02,2.21,6,Female,Medium Risk
94.91,87.05,50.35,86.62,2.25,1,Female,Medium Risk
73.36,83.67,56.7,80.27,3.96,5,Female,Low Risk
69.61,64.84,55.99,83.92,3.35,4,Female,High Risk
86.19,59.49,96.16,93.28,3.69,3,Male,High Risk
95.48,90.78,83.14,93.69,2.65,4,Female,Low Risk
51.25,94.32,97.59,93.04,3.35,6,Female,Low Risk
72.41,67.11,79.14,57.66,3.19,2,Female,Low Risk
80.54,40.54,73.09,62.55,3.21,6,Female,Medium Risk
65.93,87.55,89.62,75.12,3.37,4,Male,Low Risk
88.62,57.1,58.05,67.94,3.15,8,Female,Low Risk
98.57,40.59,69.07,56.58,2.86,5,Male,High Risk
97.17,88.3,73.31,64.39,2.55,7,Female,Low Risk
63.3,71.04,64.92,98.77,3.54,4,Female,High Risk
61.32,81.11,68.56,67.35,2.45,1,Male,High Risk
97.87,94.88,53.91,70.95,3.38,4,Male,Medium Risk
72.93,72.47,59.9,50.32,2.47,5,Male,High Risk
60.41,70.19,66.77,85.97,3.25,1,Female,High Risk
85.35,57.44,89.79,70.68,3.49,3,Male,High Risk
64.22,58.31,59.12,55.16,2.44,8,Female,High Risk
63.36,87.79,67.33,98.43,2.12,1,Male,High Risk
93.96,66.94,53.25,88.87,2.26,6,Male,Medium Risk
58.12,49.81,77.86,86.31,3.21,2,Female,Low Risk
53.22,45.67,80.56,97.89,3.7,6,Male,Low Risk
63.46,68.38,93.28,70.37,2.09,7,Male,Low Risk
80.35,67.9,90.96,85.93,3.47,1,Female,Medium Risk
56.15,79.21,64.27,60.31,2.68,3,Female,Low Risk
73.58,68.26,56.85,84.86,2.96,4,Female,High Risk
81.37,48.61,57.8,50.7,3.86,8,Male,High Risk
92.44,70.47,98.45,56.32,2.66,1,Male,Low Risk
61.49,94.41,83.66,71.26,2.93,6,Male,Medium Risk
90.87,49.57,52.13,50.6,2.03,1,Male,Low Risk
61.75,81.39,56.84,73.1,2.16,1,Male,Medium Risk
83.84,75.63,74.29,76.14,2.52,1,Female,High Risk
71.53,84.92,60.39,81.08,2.06,3,Male,Low Risk
55.73,49.04,90.18,55.02,3.26,8,Female,Medium Risk
85.71,96.5,78.66,59.05,2.85,5,Male,Low Risk
60.89,77.26,80.63,80.66,3.1,5,Female,Low Risk
58.83,90.82,73.14,82.91,2.35,1,Male,High Risk
67.92,54.8,62.8,51.3,2.59,3,Male,High Risk
82.66,84.36,79.47,77.02,3.33,3,Female,High Risk
61.7,86.86,85.85,89.25,3.93,7,Male,High Risk
59.18,63.85,68.55,53.46,2.1,1,Female,High Risk
50.5,63.04,75.25,70.66,3.78,6,Male,Medium Risk
73.58,79.47,91.98,66.33,3.15,6,Male,Low Risk
71.43,45.6,57.43,95.68,3.13,2,Female,Low Risk
61.69,84.14,77.26,59.29,3.0,8,Male,Low Risk
52.68,42.57,67.42,65.92,2.14,1,Female,High Risk
71.46,51.44,85.14,94.92,2.18,2,Male,Medium Risk
89.41,79.85,50.94,66.53,3.2,6,Male,Low Risk
85.76,45.9,83.52,76.57,2.68,6,Male,High Risk
93.04,98.31,55.14,51.65,3.83,1,Male,Low Risk
50.48,92.1,53.24,99.25,2.81,2,Male,Low Risk
98.32,77.58,86.23,91.25,2.29,2,Male,Medium Risk
67.07,89.14,82.02,81.72,3.43,1,Male,Low Risk
99.52,93.25,94.75,53.04,2.59,8,Female,High Risk
62.63,55.57,75.98,53.74,3.05,7,Male,Low Risk
73.58,90.96,76.5,77.25,3.4,2,Male,High Risk
67.7,51.69,85.35,64.25,3.8,7,Male,High Risk
67.79,64.8,66.17,81.14,3.58,4,Female,Low Risk
92.11,73.5,51.85,79.91,3.35,8,Female,Low Risk
87.32,82.83,61.5,91.93,3.36,6,Male,Medium Risk
99.61,41.81,61.9,64.07,3.89,5,Male,Medium Risk
80.68,57.43,66.78,78.89,2.59,8,Male,Low Risk
73.16,76.51,97.17,88.87,2.0,7,Female,Low Risk
54.5,61.44,90.24,74.54,2.54,7,Male,Low Risk
99.83,86.5,96.8,91.53,2.44,7,Female,Low Risk
77.58,79.1,99.93,56.56,3.32,3,Male,Low Risk
85.02,54.06,71.69,86.69,3.27,8,Female,Low Risk
70.34,48.76,61.35,97.15,3.19,2,Female,Medium Risk
77.39,77.74,78.0,66.59,2.03,2,Male,High Risk
97.13,67.03,94.06,68.32,3.46,3,Male,High Risk
58.32,50.14,73.29,54.18,2.65,2,Male,Low Risk
64.62,59.58,75.27,82.07,3.33,3,Male,Low Risk
57.6,58.18,56.72,77.62,3.11,7,Male,Medium Risk
89.61,46.49,71.02,52.02,2.69,1,Male,Medium Risk
53.1,72.81,69.35,87.61,2.27,8,Male,High Risk
54.08,85.82,67.58,91.46,2.19,4,Female,High Risk
64.92,74.53,94.36,95.36,3.66,7,Male,Medium Risk
75.71,89.58,52.97,77.29,3.84,4,Male,Medium Risk
70.31,47.65,98.61,72.63,3.3,6,Female,Low Risk
52.24,66.14,50.41,93.81,2.21,7,Male,High Risk
97.87,76.56,97.28,69.93,2.8,5,Male,Medium Risk
97.64,80.56,77.4,82.77,3.46,2,Male,Medium Risk
63.97,81.75,85.12,80.77,3.56,5,Male,Low Risk
86.58,83.74,59.36,68.61,2.24,1,Female,Low Risk
78.93,79.09,82.71,54.34,2.0,4,Female,Medium Risk
61.87,45.65,94.1,51.07,3.42,8,Male,Low Risk
63.11,81.72,56.97,71.41,2.71,7,Male,Medium Risk
74.56,83.49,56.35,74.06,2.51,8,Female,High Risk
70.96,99.61,65.2,91.13,2.03,1,Male,Medium Risk
64.56,81.6,58.09,70.72,3.08,1,Female,High Risk
90.38,81.21,55.53,64.06,3.7,2,Female,Medium Risk
74.07,70.89,83.92,73.1,3.92,1,Female,Low Risk
82.74,92.08,60.69,61.9,3.13,7,Male,Low Risk
59.46,99.81,83.35,54.57,3.03,7,Male,High Risk
76.68,86.74,93.1,55.65,2.17,8,Male,High Risk
65.9,76.75,82.6,65.96,3.1,8,Female,High Risk
76.32,44.74,55.97,50.63,2.76,4,Male,High Risk
89.04,83.6,78.68,61.01,3.21,7,Male,High Risk
88.45,82.51,69.68,89.38,2.78,5,Female,Medium Risk
67.71,86.53,67.17,61.73,2.48,4,Male,Low Risk
84.71,47.47,65.93,55.54,2.19,2,Male,Low Risk
97.06,79.22,96.47,97.45,2.63,4,Male,High Risk
81.28,57.74,87.13,81.12,2.19,3,Female,Medium Risk
57.42,85.62,56.69,53.0,2.35,8,Male,High Risk
83.99,54.42,73.8,53.11,3.97,5,Female,High Risk
55.25,81.04,65.91,80.61,2.89,8,Female,Medium Risk
93.61,57.7,98.9,77.01,3.06,3,Female,High Risk
75.83,40.54,98.9,53.42,3.75,3,Male,Medium Risk
69.26,78.0,65.98,61.22,3.99,6,Male,Low Risk
52.85,46.8,67.61,96.45,3.17,7,Male,Medium Risk
69.04,79.56,79.97,78.6,3.62,2,Female,Low Risk
95.16,95.54,73.97,72.02,2.65,1,Female,High Risk
51.05,98.15,60.66,62.51,2.61,3,Male,Low Risk
73.73,54.16,83.02,56.68,2.81,4,Female,High Risk
96.56,88.56,66.71,70.13,3.35,1,Male,High Risk
69.74,61.21,82.69,96.12,3.36,4,Male,High Risk
71.41,94.03,69.18,52.44,2.63,8,Male,High Risk
78.93,87.25,85.01,99.55,2.27,4,Male,Medium Risk
73.15,44.44,83.39,60.39,3.26,1,Male,Low Risk
58.43,64.43,75.44,70.44,2.26,1,Male,Low Risk
50.93,60.24,85.24,52.25,3.16,7,Male,Medium Risk
80.49,87.11,73.05,79.24,3.39,4,Female,Medium Risk
96.04,64.62,55.81,74.18,3.4,2,Male,Medium Risk
55.32,81.08,59.11,83.34,3.51,7,Female,Low Risk
60.55,76.15,62.3,77.13,3.75,5,Female,Low Risk
68.51,98.54,53.16,69.91,3.0,6,Male,Medium Risk
90.44,96.27,85.57,86.89,3.46,5,Female,Low Risk
63.46,65.66,68.37,51.25,3.24,2,Female,Low Risk
94.1,83.41,54.68,77.05,2.37,7,Female,High Risk
52.75,89.77,91.0,55.69,2.05,6,Male,High Risk
97.05,93.93,84.18,71.8,2.57,7,Male,Low Risk
78.04,44.09,72.61,89.56,2.89,1,Male,Low Risk
82.94,58.12,62.37,57.12,3.23,6,Male,Medium Risk
68.38,59.21,57.59,96.79,3.7,8,Male,Low Risk
89.1,66.07,72.92,94.43,2.39,4,Female,High Risk
58.33,50.16,94.26,70.75,2.25,5,Female,Medium Risk
52.45,69.77,59.42,50.3,3.93,6,Male,Medium Risk
69.78,79.79,78.43,89.49,2.22,4,Female,Low Risk
92.68,69.84,98.08,94.04,2.96,7,Female,High Risk
87.75,79.95,81.86,58.74,3.17,2,Female,Medium Risk
75.86,43.99,72.0,95.81,3.08,6,Female,High Risk
78.61,92.56,85.82,95.7,2.17,4,Male,Medium Risk
56.49,96.34,91.23,73.56,2.11,7,Male,Low Risk
92.03,77.07,79.53,89.9,2.21,7,Male,High Risk
89.35,92.88,93.59,72.25,3.17,7,Female,Low Risk
82.82,47.89,75.73,78.2,3.09,2,Female,Low Risk
73.31,87.85,91.5,65.99,2.47,1,Male,High Risk
98.22,47.15,97.6,57.97,3.28,2,Male,Low Risk
93.95,64.48,75.06,87.33,3.64,2,Female,High Risk
82.22,59.43,80.25,50.07,2.08,8,Male,High Risk
68.59,75.14,80.47,78.98,3.0,5,Male,Medium Risk
80.9,58.09,89.07,93.23,3.38,7,Female,Low Risk
78.77,78.24,91.15,61.06,2.5,4,Female,Medium Risk
69.71,62.04,51.36,66.64,2.62,6,Male,High Risk
65.33,91.65,86.67,79.37,3.23,5,Female,Low Risk
70.35,78.03,89.19,62.34,3.8,7,Male,Low Risk
78.7,52.92,85.02,92.37,3.62,3,Female,High Risk
71.41,60.17,85.68,68.33,3.17,2,Female,Medium Risk
63.18,90.85,52.07,79.08,3.46,3,Male,High Risk
88.05,63.19,72.1,61.31,2.73,7,Female,Medium Risk
76.57,72.15,90.91,52.07,3.28,5,Male,Medium Risk
53.38,78.94,96.7,58.69,2.93,4,Female,Medium Risk
68.42,60.87,61.47,52.31,2.38,5,Male,High Risk
94.25,57.64,78.96,73.43,3.4,8,Female,Low Risk
87.76,68.52,90.22,79.33,3.11,4,Female,High Risk
66.16,52.89,87.62,52.23,2.72,4,Male,Medium Risk
96.91,57.05,80.94,54.52,3.82,7,Female,High Risk
53.83,43.72,50.93,74.28,2.04,1,Male,Medium Risk
98.06,58.24,86.19,89.96,2.63,7,Female,High Risk
62.29,59.24,88.66,81.4,2.11,2,Female,Medium Risk
50.45,97.71,86.14,55.24,3.53,5,Male,Medium Risk
71.69,75.38,88.29,94.38,3.4,4,Female,High Risk
67.95,87.24,71.55,95.87,2.66,7,Female,High Risk
76.95,42.72,99.69,66.25,3.35,7,Male,Medium Risk
89.84,46.39,88.54,80.8,2.79,5,Female,High Risk
92.12,88.87,78.93,74.62,3.51,5,Male,Medium Risk
70.06,77.41,96.71,97.1,2.91,8,Male,Medium Risk
71.49,51.46,95.41,75.44,2.82,4,Male,Medium Risk
57.41,64.29,90.73,98.0,3.87,6,Female,Low Risk
52.38,72.32,78.18,59.97,2.5,8,Female,Medium Risk
82.06,90.62,76.36,67.28,2.24,3,Male,Low Risk
53.22,43.62,66.44,89.07,3.17,2,Female,Low Risk
86.69,75.8,62.54,89.18,3.94,2,Male,Low Risk
76.95,83.02,75.62,86.61,2.76,6,Female,High Risk
59.93,98.67,78.89,92.98,2.12,1,Male,Low Risk
76.98,88.43,62.23,85.13,2.68,8,Male,Low Risk
59.15,56.57,96.13,81.8,3.01,6,Female,Medium Risk
71.94,82.57,77.86,72.95,2.32,1,Male,High Risk
89.98,85.8,76.33,73.35,3.32,1,Male,Low Risk
73.1,83.78,71.78,70.31,4.0,6,Female,Medium Risk
57.43,89.21,52.9,81.01,2.9,2,Male,Medium Risk
86.19,94.22,94.12,70.33,2.71,3,Male,Low Risk
59.34,45.91,65.85,57.37,2.8,2,Female,High Risk
86.93,46.29,82.12,55.33,2.23,7,Male,High Risk
73.97,87.78,80.37,96.22,3.77,2,Male,Medium Risk
72.69,55.14,79.22,51.24,2.83,2,Male,Medium Risk
92.57,43.51,76.29,55.27,2.77,8,Male,Low Risk
85.43,64.07,59.07,72.27,3.32,6,Male,Medium Risk
51.65,89.19,64.03,63.15,2.88,6,Male,Low Risk
64.81,47.59,76.21,70.29,3.3,7,Male,High Risk
93.55,80.31,89.47,55.87,2.12,7,Male,Medium Risk
50.92,40.22,71.6,56.55,3.63,8,Female,High Risk
77.26,46.58,60.2,90.03,3.88,6,Male,Medium Risk
86.39,61.05,54.4,87.96,3.3,2,Male,Low Risk
81.09,45.02,83.15,55.21,3.91,3,Female,High Risk
88.03,90.75,71.17,83.39,2.3,1,Male,Low Risk
86.28,91.84,56.27,80.47,2.95,5,Male,High Risk
84.6,85.33,83.72,85.67,3.2,1,Male,High Risk
91.08,54.55,60.38,73.72,3.16,7,Male,High Risk
82.28,71.39,75.45,63.5,2.8,7,Male,Low Risk
70.12,51.05,65.31,83.18,2.68,1,Male,High Risk
73.6,56.88,96.58,68.57,2.25,5,Female,Medium Risk
85.84,70.96,61.41,60.95,2.78,2,Female,Low Risk
93.82,84.1,71.0,70.43,2.33,3,Female,Medium Risk
63.61,45.68,97.97,88.16,3.47,3,Female,Medium Risk
67.1,57.8,65.94,73.79,2.42,1,Female,Medium Risk
96.54,95.6,82.23,64.99,2.12,5,Male,Low Risk
78.93,65.75,65.84,91.59,3.1,8,Male,High Risk
58.95,96.33,55.53,94.08,3.19,7,Male,High Risk
83.18,99.48,81.38,71.66,3.74,4,Male,Medium Risk
99.54,71.6,95.8,68.73,3.15,2,Male,Low Risk
91.17,57.28,72.63,80.63,2.69,8,Female,Low Risk
87.29,87.45,81.31,52.9,3.61,1,Female,Low Risk
60.4,49.56,80.44,84.57,3.08,3,Male,Low Risk
93.81,55.12,70.75,89.11,2.16,7,Male,High Risk
76.29,87.09,80.74,69.87,3.13,8,Male,Medium Risk
94.46,66.02,62.97,58.73,3.82,8,Female,Low Risk
66.49,52.09,68.9,51.44,2.79,6,Female,Low Risk
53.1,79.07,72.12,81.86,2.59,6,Male,Medium Risk
73.8,83.97,93.2,63.45,2.29,5,Female,Medium Risk
63.49,47.5,67.42,73.19,2.3,5,Male,Low Risk
85.76,56.62,81.76,69.32,2.87,1,Female,Medium Risk
97.86,53.28,60.67,58.74,3.19,8,Female,Medium Risk
84.55,62.79,62.63,75.42,2.16,4,Male,Low Risk
94.35,85.81,82.42,72.98,3.88,3,Female,Low Risk
72.65,82.82,88.12,81.21,3.51,1,Female,High Risk
88.58,79.75,73.11,62.59,3.17,4,Male,High Risk
92.15,40.38,66.75,60.73,3.66,7,Female,Medium Risk
85.54,48.53,95.51,90.72,2.16,5,Male,Low Risk
75.39,53.4,56.79,85.11,2.95,6,Female,Low Risk
81.29,56.32,86.04,88.61,3.26,2,Male,Low Risk
85.03,48.79,84.51,56.16,3.66,8,Male,Medium Risk
62.65,64.62,84.51,61.2,3.57,7,Female,High Risk
90.48,44.51,96.77,78.78,2.55,6,Female,Low Risk
97.52,85.0,86.41,92.86,3.88,3,Male,Medium Risk
73.26,87.26,65.08,94.61,2.25,3,Female,Medium Risk
85.05,74.46,67.67,91.6,3.75,6,Female,Medium Risk
86.85,45.38,69.56,52.17,3.94,7,Female,Medium Risk
83.11,93.4,51.54,91.04,2.35,6,Male,Low Risk
77.36,97.94,95.68,94.95,3.44,4,Male,High Risk
94.08,52.14,53.68,52.84,2.08,1,Male,Low Risk
72.45,82.28,84.99,70.81,2.81,5,Female,Medium Risk
53.06,90.52,86.51,76.83,3.03,4,Female,Low Risk
92.23,72.39,92.19,61.64,3.16,2,Male,Low Risk
83.7,59.4,77.67,75.83,3.87,6,Male,High Risk
92.46,68.71,86.26,94.3,3.34,2,Female,High Risk
56.93,70.74,65.14,93.35,2.96,2,Female,High Risk
51.54,64.04,87.28,96.99,3.62,4,Female,High Risk
96.72,95.79,67.17,74.21,3.9,5,Female,Low Risk
57.39,84.63,95.14,70.53,2.04,7,Male,High Risk
90.48,54.48,58.17,83.29,3.97,3,Female,Medium Risk
91.16,75.13,65.79,70.84,2.17,1,Female,High Risk
85.44,81.32,74.94,52.1,3.63,8,Male,Medium Risk
56.56,48.41,88.79,86.0,2.56,3,Male,Low Risk
83.37,61.51,87.44,64.05,2.26,5,Female,High Risk
94.45,94.33,60.54,52.45,2.88,8,Male,Medium Risk
71.28,74.03,57.21,51.03,3.29,3,Female,Low Risk
70.68,53.02,65.2,96.57,2.76,6,Female,High Risk
72.14,47.37,74.19,62.6,2.11,6,Male,Low Risk
54.11,71.09,76.95,72.39,3.2,4,Male,High Risk
94.6,72.86,71.46,97.53,3.8,2,Female,High Risk
93.46,60.06,83.15,73.38,2.77,8,Male,Medium Risk
99.9,77.82,71.38,53.93,2.43,5,Female,High Risk
79.26,44.12,97.32,77.6,2.89,5,Female,Low Risk
87.56,48.71,63.05,54.41,2.1,3,Female,High Risk
60.13,72.78,81.37,54.75,3.64,4,Male,High Risk
83.38,43.71,80.57,92.57,3.65,3,Female,Medium Risk
82.49,92.85,64.08,64.47,3.18,3,Female,Medium Risk
95.06,48.53,70.58,83.93,2.71,5,Female,Low Risk
91.54,80.44,68.27,75.45,3.6,3,Male,High Risk
96.92,63.47,58.62,61.12,3.11,2,Female,Low Risk
93.44,63.99,73.86,75.89,3.65,3,Female,Low Risk
93.43,85.89,69.33,53.45,3.26,8,Female,Medium Risk
53.19,69.97,58.92,67.36,3.57,2,Male,Low Risk
92.3,83.54,72.49,76.14,3.2,5,Female,Medium Risk
80.37,70.31,71.09,61.42,2.83,4,Female,High Risk
69.02,75.57,56.57,83.01,3.92,6,Male,High Risk
52.83,85.64,56.56,52.59,3.08,8,Male,High Risk
83.88,76.44,82.38,74.24,3.21,2,Female,Low Risk
66.41,76.94,85.33,85.75,2.44,4,Female,High Risk
73.39,87.35,97.06,71.5,3.25,4,Female,Medium Risk
84.09,96.95,54.35,93.73,3.14,2,Male,High Risk
95.59,62.6,55.89,81.61,2.37,5,Male,Medium Risk
91.27,74.63,52.59,97.92,2.12,1,Female,High Risk
72.53,45.18,76.61,64.21,3.21,4,Male,Low Risk
69.39,61.53,81.14,96.94,3.53,4,Female,High Risk
61.99,64.72,70.18,80.34,3.05,5,Female,Low Risk
68.62,90.11,89.9,87.26,2.45,5,Male,Low Risk
55.55,70.8,84.33,95.11,3.33,3,Female,Low Risk
98.56,83.86,99.29,77.56,2.16,5,Male,High Risk
78.7,41.14,56.89,93.11,2.88,4,Male,High Risk
56.39,67.87,52.92,77.08,2.33,2,Female,Low Risk
67.64,94.08,63.74,79.96,2.37,1,Male,High Risk
77.35,53.46,50.95,72.25,2.4,7,Female,High Risk
76.64,41.89,96.63,57.28,2.77,3,Male,Medium Risk
51.78,66.0,65.2,77.68,2.1,7,Female,High Risk
97.54,82.27,77.62,98.87,2.8,2,Female,High Risk
63.77,67.27,65.9,89.36,3.02,1,Female,Medium Risk
50.81,67.6,62.29,87.37,2.97,1,Male,Medium Risk
53.82,80.19,57.62,82.17,2.77,1,Female,High Risk
79.01,55.26,66.02,67.4,3.68,6,Male,Medium Risk
56.89,85.11,80.77,58.48,2.29,2,Male,Medium Risk
52.09,49.19,98.58,61.23,3.01,8,Male,Low Risk
68.98,63.75,77.9,50.32,2.12,3,Male,High Risk
81.14,79.36,76.64,83.67,2.14,3,Male,Medium Risk
55.59,89.7,51.76,90.59,3.15,1,Female,Medium Risk
65.67,87.49,92.0,63.45,3.13,2,Male,Medium Risk
70.89,83.3,52.24,54.59,3.76,6,Female,High Risk
57.97,61.55,95.31,66.79,3.12,1,Female,High Risk
75.3,47.34,76.93,64.6,3.92,5,Male,Low Risk
54.26,53.01,58.42,72.54,2.1,8,Female,High Risk
52.33,91.89,72.59,63.21,2.2,7,Female,Low Risk
75.99,91.44,99.75,66.99,2.09,3,Male,Low Risk
62.39,97.09,65.25,95.38,2.37,7,Female,Medium Risk
54.77,44.56,63.47,66.74,3.08,4,Male,Medium Risk
71.2,72.21,55.9,89.28,3.29,1,Male,High Risk
95.76,78.92,79.86,81.29,2.09,5,Male,Low Risk
86.21,82.64,54.46,66.88,3.89,3,Female,Low Risk
90.78,78.63,88.3,90.89,3.68,7,Female,Medium Risk
93.6,86.2,95.96,79.75,2.59,8,Female,Medium Risk
98.63,61.57,96.59,50.43,2.15,6,Female,Low Risk
88.16,50.77,55.4,53.44,2.34,2,Male,Low Risk
80.42,52.28,77.91,87.63,2.25,3,Male,High Risk
68.27,40.72,54.86,72.33,2.25,8,Female,Medium Risk
59.08,61.02,78.6,70.28,3.04,7,Male,Medium Risk
84.33,45.5,90.75,57.29,2.49,2,Female,High Risk
99.75,59.29,76.89,57.87,2.72,7,Male,Low Risk
73.37,77.69,93.6,89.89,3.98,2,Male,High Risk
86.18,93.67,90.08,91.45,3.37,6,Male,Medium Risk
74.75,90.38,63.83,78.0,3.9,6,Male,Medium Risk
71.6,55.16,81.51,64.76,2.29,1,Male,Medium Risk
70.52,48.04,50.37,96.64,2.76,1,Female,Medium Risk
75.23,51.58,69.8,81.2,3.11,3,Female,Low Risk
68.34,98.26,61.9,89.83,2.15,6,Male,Medium Risk
87.44,72.97,96.86,50.16,2.01,5,Female,High Risk
93.71,50.95,70.27,72.52,3.34,7,Male,Medium Risk
94.14,90.44,82.7,93.55,3.28,7,Male,High Risk
61.38,63.71,86.6,66.91,2.82,7,Male,High Risk
94.8,93.95,88.66,86.33,2.98,3,Male,High Risk
67.08,55.64,86.79,82.88,2.83,7,Female,High Risk
65.47,63.59,64.46,57.61,2.05,4,Male,Medium Risk
86.34,70.3,84.3,88.75,2.67,2,Female,Medium Risk
65.23,93.56,77.45,55.63,2.35,7,Male,High Risk
52.65,92.13,79.87,86.4,2.2,8,Male,Low Risk
68.68,74.46,50.04,99.55,3.91,2,Female,High Risk
86.07,53.31,62.91,97.9,3.2,1,Male,Low Risk
66.35,64.2,96.53,90.01,3.46,7,Male,Medium Risk
81.48,98.54,64.5,76.73,2.63,8,Female,High Risk
83.01,76.47,71.9,83.74,2.79,5,Female,Low Risk
86.69,86.87,59.33,86.41,2.47,8,Female,High Risk
94.86,66.99,56.93,50.42,2.19,6,Male,Medium Risk
71.63,71.92,60.43,55.12,2.36,6,Male,High Risk
58.32,65.74,77.68,79.85,3.6,1,Female,Low Risk
65.95,82.18,95.95,50.33,3.36,4,Female,Medium Risk
71.61,91.09,66.31,95.45,3.09,3,Male,High Risk
85.69,70.44,66.17,74.48,2.95,3,Male,High Risk
50.66,68.85,78.21,62.89,3.84,5,Female,Low Risk
65.79,60.42,67.84,69.69,2.15,1,Female,High Risk
88.99,50.63,95.52,92.54,2.56,1,Female,High Risk
83.54,96.35,68.89,96.36,2.7,4,Female,Medium Risk
86.59,58.96,74.52,55.81,3.56,7,Male,Low Risk
90.59,88.04,76.67,88.9,3.99,3,Male,High Risk
89.16,82.92,89.1,78.91,2.48,7,Male,High Risk
84.11,87.46,78.2,79.28,3.75,1,Male,Low Risk
71.98,96.21,61.96,88.97,3.66,7,Female,High Risk
99.18,77.4,56.2,61.14,2.45,6,Male,Medium Risk
78.45,93.88,96.89,76.55,2.8,5,Female,Low Risk
60.14,50.06,90.08,65.97,2.82,3,Male,Low Risk
64.64,77.6,51.15,54.73,3.96,4,Male,High Risk
84.68,86.34,91.08,55.25,2.36,5,Male,High Risk
96.24,56.3,79.53,56.82,3.6,2,Female,High Risk
58.94,84.45,75.94,80.74,2.67,6,Male,Low Risk
54.12,86.71,50.61,55.29,3.46,4,Female,Low Risk
94.08,89.87,89.04,78.51,2.84,8,Female,High Risk
95.76,58.77,59.9,79.41,3.16,5,Male,Low Risk
63.82,80.9,86.4,95.19,3.67,1,Female,Low Risk
68.86,58.26,50.79,81.32,3.61,2,Male,High Risk
83.01,84.34,89.82,99.28,3.73,4,Female,High Risk
66.5,67.78,51.15,51.55,2.12,1,Male,High Risk
93.86,75.85,61.79,85.21,3.38,6,Female,Medium Risk
55.38,64.95,63.41,51.32,2.28,8,Female,Low Risk
51.9,49.72,57.88,86.47,2.83,2,Male,Low Risk
60.42,50.68,74.05,69.29,3.1,3,Male,High Risk
64.3,44.65,64.18,80.57,2.81,8,Male,High Risk
55.65,77.08,99.66,65.48,3.04,1,Male,Medium Risk
53.28,90.92,79.0,57.96,3.99,5,Female,Low Risk
87.78,41.25,78.32,86.18,2.27,7,Female,Medium Risk
58.21,43.97,61.04,95.23,3.35,4,Female,Medium Risk
95.7,67.45,70.43,59.18,2.79,2,Female,Medium Risk
68.4,84.26,56.2,96.04,2.27,1,Male,High Risk
83.53,49.46,88.13,57.01,2.32,3,Female,Medium Risk
61.27,56.3,66.56,86.78,3.9,7,Male,Low Risk
62.02,53.92,87.6,97.97,3.76,4,Female,High Risk
78.74,63.94,68.58,57.37,3.81,4,Male,Medium Risk
78.03,53.5,99.44,71.75,3.98,1,Male,High Risk
88.44,61.16,58.56,66.87,2.42,3,Male,Medium Risk
87.89,83.71,50.08,69.42,2.71,6,Male,Medium Risk
83.53,76.66,79.74,87.66,3.34,7,Male,Medium Risk
72.46,44.87,97.65,83.06,2.97,6,Female,Low Risk
94.53,78.26,82.35,98.43,2.84,2,Male,Medium Risk
81.13,68.62,54.29,59.27,2.72,1,Female,Medium Risk
99.51,96.07,77.02,77.16,3.19,7,Female,High Risk
90.97,57.36,95.47,72.46,3.15,2,Male,Low Risk
52.22,83.57,50.33,95.94,2.32,8,Female,High Risk
66.03,83.85,58.35,50.53,2.94,6,Female,Low Risk
78.59,53.29,90.73,99.46,3.11,8,Female,High Risk
86.07,94.19,94.7,73.99,3.14,8,Male,High Risk
77.52,69.47,85.36,81.28,2.42,7,Male,High Risk
89.31,80.73,99.58,68.0,3.48,4,Male,Low Risk
64.13,48.75,54.51,92.63,2.05,2,Male,High Risk
59.2,55.47,77.28,78.1,2.71,8,Female,High Risk
52.7,75.17,84.25,83.14,3.56,3,Female,High Risk
78.67,59.14,85.13,82.45,3.13,5,Female,High Risk
84.43,69.98,89.67,68.2,2.52,6,Female,High Risk
66.31,62.44,95.88,53.8,3.39,6,Female,Medium Risk
80.68,78.43,68.08,90.39,3.13,3,Female,High Risk
52.61,69.23,52.15,64.49,3.59,7,Male,Medium Risk
54.96,40.28,68.12,92.45,3.47,7,Female,High Risk
85.09,78.98,83.58,80.43,3.22,7,Female,Medium Risk
68.4,65.33,60.67,67.69,2.98,2,Female,Medium Risk
83.57,60.5,90.5,79.71,2.27,1,Male,High Risk
91.59,45.65,60.99,82.27,2.52,8,Female,Medium Risk
92.63,53.22,50.5,85.33,2.84,4,Female,High Risk
58.61,53.43,75.4,91.12,3.2,5,Male,High Risk
74.31,96.12,86.32,57.99,3.03,1,Female,Medium Risk
86.7,65.95,67.48,97.21,2.58,1,Male,Medium Risk
88.7,42.52,87.44,70.54,2.01,3,Male,Medium Risk
89.23,48.33,71.92,93.02,2.99,2,Female,High Risk
61.41,44.74,58.59,61.02,2.57,6,Female,High Risk
59.63,75.33,54.53,51.45,3.47,6,Male,High Risk
79.5,51.2,85.53,78.67,2.05,3,Female,Medium Risk
87.05,69.91,69.29,66.23,3.17,2,Female,Medium Risk
65.96,62.2,95.64,99.22,3.88,3,Male,High Risk
55.24,88.23,77.01,55.22,2.35,6,Male,Low Risk
85.84,59.23,67.42,52.37,2.94,1,Female,High Risk
64.98,67.5,67.45,52.25,2.18,4,Male,Low Risk
58.32,83.28,56.57,60.84,3.25,8,Female,High Risk
57.39,66.0,79.69,78.96,3.1,7,Female,Low Risk
65.75,87.59,79.11,75.28,2.81,2,Female,Medium Risk
79.63,79.7,90.0,67.5,3.04,8,Female,Low Risk
67.92,64.63,60.06,54.44,3.79,5,Male,High Risk
51.03,70.24,64.54,61.69,2.39,5,Female,Medium Risk
54.85,98.03,54.86,59.21,2.05,1,Male,Medium Risk
64.53,79.7,64.77,87.28,3.72,3,Female,Low Risk
82.99,94.3,71.41,89.0,3.15,3,Female,Low Risk
54.93,50.73,98.2,88.85,3.78,6,Male,High Risk
78.03,68.99,82.65,98.45,3.19,1,Female,Medium Risk
55.99,94.52,89.14,94.21,3.62,6,Male,Medium Risk
60.58,59.36,66.28,74.89,2.86,6,Male,High Risk
58.61,98.06,57.23,70.75,3.5,5,Female,High Risk
53.36,45.82,62.84,95.79,3.83,6,Female,Low Risk
83.57,94.16,62.82,80.56,3.14,8,Female,Medium Risk
73.17,66.71,79.16,64.72,2.36,7,Female,High Risk
91.55,44.42,67.07,78.22,2.54,6,Male,High Risk
54.94,92.77,92.87,99.61,2.4,5,Female,High Risk
57.24,55.12,99.43,92.47,2.49,7,Female,Medium Risk
65.32,41.34,67.16,64.06,2.61,3,Female,Medium Risk
88.29,48.15,85.25,97.65,3.11,2,Female,Medium Risk
65.29,79.55,82.87,99.07,3.18,4,Female,High Risk
70.42,98.67,59.72,61.56,2.85,6,Male,High Risk
65.08,46.69,95.9,94.78,3.23,8,Female,High Risk
54.01,67.72,59.97,94.16,2.16,7,Male,Low Risk
96.97,50.84,86.85,51.99,2.18,2,Female,High Risk
77.43,84.7,67.38,83.48,2.34,5,Female,Low Risk
89.39,47.08,68.35,65.26,3.04,2,Female,Medium Risk
82.92,54.39,72.77,83.73,2.43,4,Male,Medium Risk
75.71,51.78,93.23,95.68,2.57,8,Female,High Risk
54.48,73.15,57.01,74.94,2.8,2,Male,Low Risk
82.14,92.39,52.73,70.72,3.62,8,Male,Low Risk
57.77,70.67,70.1,96.08,2.03,7,Female,High Risk
70.72,43.49,52.78,98.71,3.3,2,Male,High Risk
81.46,73.8,84.38,53.11,3.34,8,Female,Low Risk
89.11,87.85,88.02,96.14,3.6,2,Female,High Risk
84.25,47.93,92.74,54.14,3.87,2,Male,Medium Risk
83.58,44.36,87.19,66.86,2.04,1,Female,High Risk
57.45,51.27,95.82,88.13,2.31,6,Female,Medium Risk
67.31,84.77,87.42,88.85,3.77,5,Male,Medium Risk
52.15,75.5,96.8,86.29,2.92,4,Male,High Risk
85.97,72.44,59.66,51.96,3.13,5,Male,Medium Risk
97.63,54.97,74.99,56.65,3.33,1,Male,Medium Risk
63.21,59.93,99.7,96.81,3.36,1,Male,High Risk
54.38,97.95,84.08,54.07,3.86,7,Male,Medium Risk
73.78,54.44,93.93,53.93,3.99,1,Female,Medium Risk
92.83,94.1,51.52,91.78,3.44,6,Male,High Risk
77.6,74.83,93.59,82.06,2.57,1,Male,Low Risk
52.34,47.4,84.89,67.58,3.76,2,Female,Medium Risk
98.71,68.04,58.54,58.29,2.1,5,Female,High Risk
91.43,96.91,51.28,94.21,2.46,3,Male,Low Risk
56.58,65.11,63.0,99.43,3.79,4,Male,High Risk
96.09,91.8,95.79,52.5,2.51,1,Female,Medium Risk
72.53,55.39,83.41,77.71,2.44,5,Male,High Risk
68.59,74.26,95.97,63.07,2.28,7,Male,Low Risk
73.05,90.63,72.31,91.62,3.72,1,Female,Low Risk
91.73,95.24,96.83,67.3,3.0,6,Male,Medium Risk
82.97,69.15,73.15,85.73,3.35,1,Female,High Risk
52.96,78.38,60.21,76.98,2.48,1,Male,High Risk
97.88,40.18,57.57,77.08,3.52,8,Female,Medium Risk
57.39,55.19,99.69,92.9,3.52,8,Female,High Risk
87.28,56.72,66.69,73.52,2.63,1,Female,Medium Risk
81.81,45.61,58.0,92.28,2.82,7,Male,Low Risk
59.38,56.78,50.42,68.17,2.42,8,Female,Low Risk
58.54,59.27,64.28,58.74,3.95,1,Male,High Risk
93.52,98.13,94.46,72.77,3.29,4,Female,High Risk
70.98,80.12,76.7,74.92,3.87,5,Female,Low Risk
82.73,65.56,81.62,73.92,2.61,8,Female,Low Risk
75.2,99.28,96.12,90.42,3.56,8,Male,Medium Risk
86.37,49.19,75.64,78.23,3.53,6,Male,High Risk
73.96,68.56,91.91,94.42,3.38,1,Female,Low Risk
64.37,78.82,66.19,75.71,3.93,1,Male,Low Risk
68.17,43.33,98.86,61.24,2.79,1,Male,High Risk
92.95,83.02,53.94,56.47,2.26,1,Male,Medium Risk
73.4,45.99,86.24,93.42,3.34,8,Female,Medium Risk
60.67,48.42,83.03,52.81,3.46,2,Male,Medium Risk
96.73,49.58,59.58,55.88,3.15,2,Female,Low Risk
89.83,95.73,69.44,53.18,2.41,3,Female,Medium Risk
52.78,80.99,65.64,71.19,3.01,1,Female,Low Risk
99.95,79.33,54.72,76.63,2.62,3,Male,Medium Risk
84.75,73.33,79.24,50.99,2.85,4,Female,High Risk
58.01,57.57,99.68,75.78,3.29,3,Male,Medium Risk
61.86,77.25,77.98,69.69,3.49,5,Male,Low Risk
84.62,64.61,77.26,88.68,2.46,2,Female,Low Risk
88.99,48.72,52.02,91.5,2.81,2,Female,Medium Risk
61.95,81.38,56.96,84.25,2.54,1,Female,High Risk
62.85,47.77,75.66,73.67,2.4,8,Male,Low Risk
65.36,51.44,99.26,60.81,3.57,1,Male,Medium Risk
79.9,89.06,93.83,92.36,3.82,4,Female,Low Risk
58.59,79.61,67.01,67.08,2.74,6,Female,High Risk
55.21,77.86,77.15,67.81,3.5,4,Male,Medium Risk
83.94,65.09,77.64,95.8,3.79,5,Male,High Risk
88.95,63.78,84.27,98.78,3.69,1,Female,Low Risk
75.05,81.42,84.39,94.91,2.37,1,Male,Low Risk
68.19,84.4,89.49,99.91,3.91,4,Male,Medium Risk
71.6,70.61,51.25,93.45,2.75,4,Male,High Risk
69.42,98.16,97.18,85.22,2.68,4,Male,High Risk
98.0,97.34,53.5,64.69,2.12,2,Male,Medium Risk
88.4,64.75,73.81,97.65,2.97,3,Male,Medium Risk
60.4,89.24,95.98,93.83,2.22,3,Female,Low Risk
69.21,72.6,74.38,62.04,2.5,1,Male,High Risk
77.2,70.71,53.18,74.46,2.63,2,Female,Medium Risk
80.65,43.3,61.46,53.5,3.62,4,Female,High Risk
73.41,74.44,78.93,97.67,3.75,1,Male,Medium Risk
90.51,94.03,54.39,78.64,2.6,2,Female,Medium Risk
88.38,86.81,71.18,62.26,3.72,5,Female,Low Risk
75.26,87.18,66.45,64.62,3.71,6,Female,Medium Risk
92.72,49.6,90.76,99.03,3.53,2,Male,Medium Risk
87.55,61.51,55.51,80.78,2.29,7,Female,High Risk
88.93,53.99,84.14,71.03,3.38,1,Male,Low Risk
97.82,58.95,70.33,74.99,3.89,8,Female,High Risk
63.32,74.77,79.39,54.93,3.37,3,Female,High Risk
63.38,61.89,60.28,53.75,2.66,7,Female,Low Risk
94.45,73.64,80.49,79.64,3.0,4,Female,Medium Risk
88.61,66.31,83.7,75.6,3.29,6,Male,Medium Risk
96.33,57.2,53.51,67.96,3.02,8,Female,High Risk
53.16,45.72,91.22,78.31,2.24,5,Female,Low Risk
81.39,93.51,93.06,53.63,2.62,8,Male,High Risk
57.23,40.68,53.18,97.2,3.6,6,Male,High Risk
75.19,40.1,80.16,64.69,3.72,8,Male,High Risk
57.79,89.61,79.7,53.59,2.27,6,Female,High Risk
56.4,99.81,50.62,58.48,3.9,2,Male,Low Risk
50.61,83.63,67.12,54.77,2.66,1,Male,Medium Risk
81.51,40.92,98.45,58.93,3.32,8,Male,Medium Risk
67.95,53.6,77.77,70.84,3.5,8,Male,Low Risk
55.26,98.31,96.66,86.9,3.62,1,Male,High Risk
66.14,88.52,83.78,63.62,3.89,6,Male,High Risk
58.45,74.01,51.42,71.8,2.63,4,Female,Medium Risk
97.08,54.21,53.89,96.44,3.72,1,Male,Medium Risk
66.0,40.86,86.11,64.79,2.26,6,Female,Medium Risk
66.7,41.25,77.73,89.74,3.41,1,Male,High Risk
91.99,76.72,56.36,57.89,3.48,4,Male,Medium Risk
82.39,41.31,80.7,58.92,3.36,5,Male,High Risk
85.51,99.62,90.51,72.81,2.5,7,Female,High Risk
81.8,51.0,87.65,61.71,3.75,6,Male,High Risk
97.31,82.64,62.31,95.15,2.34,3,Male,High Risk
60.35,49.3,62.91,52.54,2.11,3,Male,Medium Risk
99.45,72.41,98.39,79.86,3.43,6,Male,High Risk
91.55,44.84,94.37,80.21,2.95,2,Female,Low Risk
79.45,86.01,65.92,53.3,3.7,5,Female,Low Risk
83.12,75.1,91.2,86.63,2.77,2,Female,Medium Risk
82.44,45.17,58.09,73.44,2.34,7,Female,Low Risk
52.92,90.92,59.84,86.15,3.67,3,Female,Low Risk
60.9,72.82,59.06,91.35,3.1,4,Male,Medium Risk
98.07,95.3,54.39,66.14,2.38,6,Male,Medium Risk
76.72,95.0,92.73,74.22,3.44,7,Male,Low Risk
68.92,95.23,78.94,63.04,3.02,8,Female,Medium Risk
88.1,44.67,62.95,60.08,3.21,8,Male,High Risk
76.23,47.26,92.43,50.03,2.92,1,Female,Low Risk
50.66,99.26,90.13,98.18,3.66,3,Male,High Risk
86.81,69.26,55.05,72.05,3.66,5,Female,Medium Risk
86.61,54.29,82.21,50.65,3.42,3,Male,High Risk
58.26,86.18,86.09,50.45,2.21,5,Male,High Risk
97.83,55.86,85.79,64.42,3.68,5,Male,High Risk
61.2,83.63,86.16,50.7,3.34,6,Male,Low Risk
72.89,90.24,58.47,68.73,3.39,5,Female,High Risk
55.74,87.06,65.75,53.15,2.73,2,Male,High Risk
80.16,56.44,92.21,51.96,3.76,8,Male,High Risk
68.77,64.1,94.92,83.47,3.45,7,Male,Medium Risk
67.66,64.8,63.96,95.34,2.23,4,Female,Low Risk
91.35,69.48,51.15,70.47,2.82,3,Male,High Risk
50.48,50.04,92.99,91.84,3.77,4,Male,High Risk
89.9,67.15,68.85,51.46,2.09,7,Male,Medium Risk
78.57,70.65,66.47,88.88,3.92,1,Male,Medium Risk
99.3,71.9,67.35,53.14,3.36,7,Male,High Risk
79.47,89.19,70.78,91.92,3.26,3,Female,High Risk
52.77,71.04,68.91,94.12,2.54,8,Female,Medium Risk
52.53,53.85,78.32,89.3,2.5,4,Female,High Risk
94.16,79.79,53.95,91.04,3.88,4,Male,Low Risk
92.06,87.84,98.58,78.07,2.6,6,Female,High Risk
67.29,59.16,96.82,63.24,3.55,6,Male,High Risk
80.9,78.72,96.72,82.16,2.79,7,Male,Low Risk
74.48,48.82,93.96,71.98,2.28,7,Male,Low Risk
98.36,60.52,83.02,50.27,2.02,1,Male,High Risk
97.5,94.55,61.06,73.84,3.09,5,Female,Low Risk
99.19,94.68,52.47,82.56,3.95,3,Female,Low Risk
93.32,74.52,54.97,50.69,2.74,6,Female,High Risk
95.48,82.14,66.2,81.07,2.71,3,Male,Medium Risk
60.86,91.24,75.19,82.63,2.69,1,Female,High Risk
91.55,97.51,99.66,57.91,3.04,6,Female,High Risk
85.44,69.39,71.77,71.55,2.88,6,Male,High Risk
98.14,73.69,76.23,98.22,3.76,5,Female,Medium Risk
78.56,64.94,84.76,94.21,3.01,3,Male,Low Risk
54.26,44.32,59.04,70.54,3.02,8,Female,Medium Risk
79.87,65.37,96.64,67.49,2.28,3,Female,Medium Risk
84.33,87.44,76.45,56.2,3.97,3,Female,Medium Risk
61.02,88.29,63.81,51.76,2.5,5,Male,Medium Risk
69.71,93.54,96.76,64.87,2.15,6,Female,Low Risk
79.93,43.09,81.27,97.01,3.33,1,Female,High Risk
68.71,71.63,74.18,97.93,3.19,3,Female,Medium Risk
68.75,46.45,79.01,90.63,2.83,4,Female,Medium Risk
56.65,52.04,87.42,67.54,2.84,8,Male,Low Risk
97.04,94.01,57.73,57.18,3.57,8,Male,High Risk
87.52,69.81,93.24,79.78,2.39,5,Female,High Risk
50.06,85.51,97.98,82.33,3.64,2,Female,Medium Risk
88.28,43.86,78.35,71.23,3.3,1,Female,Low Risk
86.99,65.01,84.11,84.58,2.84,4,Male,Medium Risk
50.49,80.45,92.99,87.33,2.92,3,Female,Low Risk
68.48,48.0,68.74,89.15,2.51,2,Female,High Risk
80.34,59.55,99.64,75.11,3.5,1,Male,Medium Risk
72.64,43.87,84.03,89.58,3.03,5,Male,Medium Risk
88.9,79.08,71.2,51.27,2.64,2,Male,Medium Risk
71.27,98.25,83.87,84.02,3.19,6,Female,Low Risk
57.69,89.62,76.08,61.78,3.99,7,Male,Low Risk
98.82,98.48,55.58,63.53,2.87,2,Male,Low Risk
62.1,90.74,89.79,54.57,3.84,7,Female,Medium Risk
85.88,91.31,78.22,59.62,2.69,8,Male,Low Risk
57.16,74.63,89.79,99.6,2.11,4,Female,Medium Risk
66.45,71.1,57.75,70.77,2.41,1,Female,Low Risk
72.1,64.38,76.92,96.39,2.84,4,Male,Low Risk
59.61,89.09,88.33,58.14,2.44,4,Female,Medium Risk
72.5,50.92,99.42,60.2,2.0,3,Male,Low Risk
57.86,43.37,94.22,77.89,3.83,5,Male,Medium Risk
77.95,96.87,93.22,67.48,3.69,2,Male,High Risk
83.19,40.23,62.37,82.2,3.48,1,Female,Medium Risk
53.12,98.61,91.9,71.1,2.34,8,Male,High Risk
93.56,83.73,58.46,90.58,2.24,6,Female,Medium Risk
59.26,59.71,59.91,71.58,2.14,5,Female,Low Risk
61.27,81.87,55.51,78.62,3.45,5,Female,High Risk
83.07,89.07,92.88,66.05,3.86,1,Male,High Risk
73.44,54.72,55.41,85.2,2.86,5,Female,Medium Risk
74.97,86.25,56.91,82.74,2.24,3,Female,High Risk
56.41,88.26,62.29,69.85,3.02,5,Male,Medium Risk
90.29,54.96,78.63,63.8,2.7,8,Male,Medium Risk
80.85,42.52,94.01,80.71,2.75,8,Female,High Risk
56.77,52.25,70.91,97.16,3.24,3,Female,High Risk
68.7,52.04,77.31,56.63,3.44,2,Male,Low Risk
90.52,43.91,58.32,89.96,2.22,2,Female,High Risk
78.42,83.56,63.3,77.15,2.07,4,Female,Medium Risk
55.43,62.8,56.7,76.28,3.99,8,Female,Low Risk
68.64,93.06,70.5,98.08,2.47,3,Female,Low Risk
62.13,55.13,79.52,80.29,2.11,6,Male,High Risk
75.87,67.19,64.2,91.53,2.38,2,Female,Medium Risk
92.17,78.34,92.3,75.72,2.08,5,Male,Low Risk
71.81,92.65,99.06,62.49,2.78,1,Female,Low Risk
71.67,71.48,56.01,84.72,3.6,1,Male,Low Risk
95.27,62.41,50.89,96.16,2.68,7,Female,Medium Risk
78.81,92.02,89.49,92.06,2.89,8,Male,High Risk
78.31,58.61,59.53,59.92,3.35,3,Female,Medium Risk
63.1,44.77,67.66,65.84,3.02,6,Male,Medium Risk
80.39,66.7,69.71,75.84,3.72,4,Female,Medium Risk
78.8,87.11,95.83,78.58,3.73,5,Female,High Risk
69.84,41.85,82.94,59.69,2.02,3,Male,High Risk
99.53,75.15,52.03,61.5,3.56,7,Male,Low Risk
94.09,75.67,50.74,87.94,2.92,1,Male,High Risk
87.48,95.71,59.98,86.52,3.98,3,Male,High Risk
76.87,57.19,65.91,91.96,2.97,5,Male,Low Risk
73.1,56.73,74.23,96.65,3.97,6,Female,Medium Risk
59.24,66.43,91.89,65.41,3.51,8,Male,High Risk
65.29,61.41,65.74,92.98,2.5,6,Male,Medium Risk
88.7,84.18,68.83,83.3,3.08,2,Female,Medium Risk
72.69,78.51,66.47,97.89,3.98,5,Male,Medium Risk
94.11,85.54,50.45,63.6,3.72,7,Male,Low Risk
57.4,89.2,97.76,63.48,2.19,2,Male,High Risk
75.42,95.38,56.95,85.21,3.41,2,Female,Medium Risk
82.35,65.86,64.38,96.42,2.69,2,Male,High Risk
75.84,99.08,56.47,91.23,2.01,3,Female,Medium Risk
94.46,52.94,74.53,86.35,2.81,7,Female,Low Risk
99.48,82.86,96.61,69.37,2.47,1,Male,High Risk
55.79,72.04,55.04,85.89,3.64,6,Female,Medium Risk
56.5,89.01,72.04,90.05,2.67,8,Male,High Risk
56.52,68.61,51.12,87.66,3.66,3,Male,High Risk
84.06,87.04,88.54,83.84,2.0,1,Male,Medium Risk
68.63,95.81,82.06,52.36,2.62,6,Male,Low Risk
86.67,83.94,84.98,82.99,2.48,8,Male,High Risk
70.27,86.57,73.62,73.91,2.47,7,Female,Low Risk
81.38,44.03,95.38,98.08,2.14,8,Female,High Risk
88.49,52.3,70.48,80.36,2.37,7,Female,High Risk
77.41,98.46,75.7,80.41,3.11,5,Female,High Risk
76.98,81.59,84.76,99.7,2.58,8,Male,High Risk
54.41,73.69,76.03,54.68,2.83,6,Male,High Risk
70.54,62.02,59.47,63.82,2.75,6,Female,Low Risk
77.29,42.66,65.85,82.8,3.75,7,Male,Medium Risk
73.1,62.15,54.61,65.76,3.81,6,Female,Medium Risk
95.04,69.93,71.63,67.31,2.99,4,Female,Low Risk
95.33,52.69,80.47,94.63,2.66,5,Female,Medium Risk
91.1,50.39,55.93,78.97,2.21,3,Female,High Risk
68.76,70.5,81.53,55.14,3.91,8,Male,High Risk
85.86,75.15,94.64,65.54,2.12,3,Male,High Risk
69.76,54.4,66.89,53.8,2.6,1,Female,Medium Risk
61.63,75.24,61.1,77.81,2.6,3,Female,High Risk
67.15,94.02,94.65,58.66,2.64,2,Female,Medium Risk
53.55,68.39,84.6,92.86,2.33,6,Female,Low Risk
66.59,91.44,55.27,78.87,3.57,3,Female,Low Risk
73.04,95.64,70.41,52.97,2.24,1,Male,Low Risk
97.77,45.54,83.7,65.04,3.27,1,Female,High Risk
65.67,45.75,78.72,80.82,2.25,2,Female,High Risk
95.12,68.56,80.93,66.77,2.14,1,Male,Medium Risk
61.44,75.29,78.36,75.66,3.82,7,Male,High Risk
59.55,65.55,89.9,95.47,2.38,4,Male,High Risk
75.95,59.59,66.02,67.5,3.64,7,Male,Medium Risk
83.63,78.46,85.42,66.79,3.09,6,Male,High Risk
52.22,40.12,99.55,90.99,2.16,6,Male,Low Risk
61.05,98.08,69.5,65.94,3.91,6,Male,High Risk
72.78,53.92,89.55,53.9,2.49,5,Male,Low Risk
66.55,95.03,62.31,59.05,3.72,3,Male,Low Risk
85.63,46.54,64.09,97.44,2.34,4,Female,High Risk
75.56,54.29,96.74,96.66,3.71,3,Male,Medium Risk
58.02,54.09,51.3,61.24,2.03,4,Female,Medium Risk
94.72,99.77,60.87,77.68,3.02,3,Female,Low Risk
64.65,40.28,74.15,56.87,3.54,2,Female,Medium Risk
86.56,78.38,70.09,83.73,3.87,8,Female,Medium Risk
89.0,92.18,81.46,59.27,3.82,7,Female,Medium Risk
98.16,80.34,59.64,52.49,3.64,1,Female,High Risk
74.93,61.76,53.53,91.24,3.78,1,Female,Low Risk
80.79,97.5,68.47,66.27,2.4,7,Female,High Risk
66.74,93.61,76.22,55.43,2.57,2,Male,High Risk
83.91,66.04,78.1,91.7,2.58,4,Female,High Risk
73.17,74.4,80.07,88.12,2.75,7,Female,Low Risk
71.88,98.05,77.43,84.19,2.79,5,Female,Medium Risk
92.77,98.95,62.29,95.56,3.09,4,Female,Low Risk
52.51,66.99,88.23,74.46,2.32,1,Male,Low Risk
94.1,90.84,54.39,56.4,3.38,5,Female,Low Risk
92.6,58.12,59.92,53.07,2.34,3,Male,Medium Risk
75.32,62.31,86.97,65.92,2.62,5,Male,High Risk
74.51,49.89,63.99,54.34,3.01,4,Female,High Risk
68.09,52.55,74.67,76.78,3.59,2,Female,Medium Risk
99.71,79.41,66.36,50.72,3.48,3,Male,Medium Risk
55.56,70.65,75.35,72.19,3.29,4,Female,Medium Risk
79.51,53.87,67.33,58.92,2.31,3,Female,Medium Risk
84.08,64.17,99.71,68.41,3.09,5,Male,Medium Risk
96.72,62.39,67.87,83.75,2.17,1,Male,High Risk
89.01,99.24,81.35,67.55,2.75,4,Female,High Risk
82.19,91.21,94.42,67.07,2.83,8,Female,Low Risk
55.84,63.28,81.9,99.54,2.08,2,Female,High Risk
68.69,94.83,78.29,85.94,2.55,8,Male,Medium Risk
56.94,60.56,78.46,75.69,3.91,8,Female,Medium Risk
94.06,80.07,74.82,78.97,3.91,7,Male,Low Risk
87.48,98.0,90.38,81.01,2.7,5,Male,Low Risk
87.88,63.42,52.52,51.23,2.09,4,Female,Medium Risk
82.61,80.79,94.26,54.01,2.36,2,Male,Medium Risk
75.35,57.76,79.31,82.46,2.78,4,Female,High Risk
57.5,55.98,92.44,68.22,3.9,5,Female,Medium Risk
66.48,74.45,50.52,52.77,2.28,4,Male,Low Risk
56.85,98.76,93.46,64.88,3.53,3,Female,Medium Risk
86.25,67.19,56.01,56.51,2.22,5,Male,Medium Risk
58.01,96.26,86.06,95.82,3.96,4,Male,High Risk
85.11,94.86,70.83,60.15,2.76,7,Female,Low Risk
84.61,55.23,84.05,57.18,3.55,1,Female,High Risk
72.97,64.11,81.41,81.31,2.69,4,Female,Low Risk
56.76,78.6,58.17,76.1,3.26,3,Female,Medium Risk
65.74,71.08,75.73,78.8,2.38,2,Male,Medium Risk
66.0,45.76,63.86,71.8,2.29,7,Male,High Risk
85.02,99.62,78.02,73.36,3.88,2,Male,High Risk
55.69,85.16,86.9,88.94,3.84,8,Female,Low Risk
91.45,66.26,54.06,61.0,3.77,7,Male,Low Risk
88.05,77.09,75.79,69.83,3.25,2,Male,Medium Risk
59.32,45.25,80.88,97.89,3.62,1,Female,Medium Risk
85.96,69.72,64.77,59.5,2.14,3,Female,Medium Risk
83.43,95.85,97.65,64.69,2.67,8,Female,Medium Risk
87.41,93.8,76.02,59.58,2.63,5,Male,Medium Risk
59.45,60.24,59.13,51.02,3.27,2,Female,High Risk
57.88,71.88,55.39,63.49,2.71,7,Male,Low Risk
61.82,81.84,77.08,52.32,2.3,3,Male,Low Risk
68.29,60.4,68.76,57.73,3.19,4,Male,High Risk
89.68,43.89,59.63,68.13,3.63,1,Male,Low Risk
86.9,70.33,51.53,51.04,2.76,3,Male,Medium Risk
96.27,76.1,78.33,87.65,2.26,3,Female,High Risk
52.93,40.35,79.93,89.78,2.39,5,Male,High Risk
50.58,45.73,57.09,70.57,2.47,3,Female,Low Risk
84.96,52.44,80.09,99.23,2.6,5,Male,Low Risk
63.96,60.88,97.6,83.95,3.29,1,Male,Low Risk
66.7,72.46,98.91,87.19,3.2,1,Female,Medium Risk
77.34,57.63,94.42,59.62,3.39,4,Male,High Risk
55.12,56.57,90.35,91.87,2.73,5,Male,High Risk
82.13,92.16,60.47,97.25,3.65,5,Female,Medium Risk
66.26,48.7,57.82,61.82,2.41,2,Female,Low Risk
81.64,69.73,72.25,84.32,2.94,2,Male,Low Risk
91.7,97.17,80.98,87.35,3.6,4,Male,High Risk
58.56,77.5,92.53,65.26,2.36,1,Male,Low Risk
96.54,83.03,61.6,73.75,2.22,6,Female,Medium Risk
76.53,65.87,73.98,54.88,3.77,2,Male,High Risk
96.15,41.2,82.37,58.65,2.69,3,Female,Medium Risk
60.39,78.77,72.28,53.08,3.37,1,Female,Low Risk
80.23,77.92,72.71,78.01,2.05,6,Male,High Risk
70.19,46.63,61.26,81.26,3.38,8,Female,Low Risk
88.71,67.73,99.33,95.81,2.63,3,Male,High Risk
80.3,94.92,73.76,77.11,2.11,7,Male,High Risk
74.73,52.31,76.64,63.03,3.22,5,Female,High Risk
95.65,67.67,60.93,52.97,2.48,1,Female,Low Risk
68.86,67.67,75.71,94.25,2.77,7,Female,Medium Risk
61.0,88.65,62.77,73.94,2.16,4,Female,Low Risk
80.41,89.47,60.12,86.87,2.29,5,Female,Medium Risk
81.2,85.56,63.79,50.73,2.6,5,Female,Medium Risk
71.95,61.93,50.14,74.41,2.18,3,Male,Low Risk
74.33,44.32,78.51,66.29,3.82,7,Male,Medium Risk
97.98,60.97,69.37,51.52,2.01,5,Male,Low Risk
86.63,80.79,94.93,88.78,2.97,2,Female,High Risk
55.53,82.16,52.04,75.65,2.25,1,Female,Medium Risk
60.61,97.9,52.16,66.66,2.62,2,Female,Low Risk
98.78,67.22,94.29,90.29,3.85,3,Male,Low Risk
86.32,77.95,56.33,72.35,2.32,6,Male,High Risk
95.75,72.35,50.11,50.17,3.93,8,Female,Medium Risk
65.19,49.04,58.95,97.22,2.41,3,Female,Medium Risk
87.09,67.67,91.19,62.78,3.48,1,Female,Medium Risk
85.7,72.69,90.14,91.53,3.09,5,Female,High Risk
64.73,97.04,67.01,90.82,3.77,7,Male,High Risk
77.54,61.99,83.4,58.12,3.11,7,Male,Low Risk
81.37,98.81,75.36,73.7,3.07,4,Male,Low Risk
74.06,72.54,95.24,52.01,2.39,3,Female,Medium Risk
91.36,54.55,52.82,67.73,2.33,1,Male,Low Risk
91.64,51.5,90.66,86.55,3.83,4,Female,High Risk
92.53,48.5,58.53,61.85,2.66,5,Female,Medium Risk
90.17,67.18,69.58,55.86,2.74,6,Female,Low Risk
74.4,41.32,59.6,75.36,3.52,3,Male,Low Risk
69.07,66.7,85.13,76.85,2.68,6,Male,Medium Risk
91.57,99.3,83.92,83.79,3.9,1,Female,Low Risk
74.51,80.21,77.39,87.96,3.48,6,Male,Medium Risk
62.32,85.59,84.91,84.79,3.19,6,Female,Low Risk
75.37,47.14,81.98,92.27,3.76,1,Female,Medium Risk
57.09,68.39,88.82,61.15,2.1,1,Female,Low Risk
84.58,57.17,61.97,78.49,2.51,3,Male,High Risk
66.8,93.65,71.45,68.0,2.93,6,Male,Medium Risk
63.03,50.88,57.58,98.11,2.45,4,Female,Medium Risk
97.83,67.52,71.48,72.01,3.49,8,Male,Medium Risk
88.84,75.28,85.08,97.99,3.84,1,Male,Low Risk
89.35,70.84,84.57,88.45,2.85,5,Male,Low Risk
81.19,89.81,85.47,85.92,2.68,6,Male,Low Risk
91.96,53.89,65.44,74.58,3.92,1,Female,High Risk
87.96,62.64,83.11,72.17,2.89,4,Male,Low Risk
79.94,87.53,68.37,76.33,2.98,7,Female,High Risk
98.06,71.68,97.22,64.68,2.7,3,Female,Medium Risk
59.58,64.13,67.17,95.23,3.82,6,Male,Low Risk
97.17,41.77,80.15,89.72,3.14,7,Female,High Risk
70.07,85.2,87.51,90.07,3.52,1,Female,Low Risk
76.42,98.33,95.32,71.66,3.62,1,Male,Low Risk
56.14,77.22,71.9,53.55,2.68,5,Female,Medium Risk
77.01,91.39,68.02,84.15,2.87,5,Female,High Risk
80.56,71.01,71.5,68.72,3.7,6,Male,Medium Risk
99.89,53.9,66.18,93.52,2.73,7,Male,Low Risk
98.76,40.87,82.7,89.02,3.59,8,Male,High Risk
98.32,79.2,96.64,57.27,3.88,7,Male,Medium Risk
67.42,69.59,56.3,80.09,3.25,1,Male,High Risk
99.56,86.93,78.05,84.61,3.48,8,Female,High Risk
72.77,81.68,94.88,78.41,3.61,6,Female,Low Risk
92.59,99.28,55.01,75.7,3.69,1,Male,High Risk
60.82,70.62,74.69,61.39,2.79,5,Male,Low Risk
75.29,65.63,93.26,61.8,2.1,4,Female,Medium Risk
98.3,57.2,95.02,88.4,2.8,2,Male,Medium Risk
97.35,68.61,75.72,50.93,3.35,8,Male,High Risk
84.19,92.37,51.25,88.95,2.9,2,Female,Low Risk
89.89,42.55,55.28,76.34,3.5,1,Female,High Risk
58.82,98.67,79.34,96.81,2.71,7,Female,Medium Risk
86.08,99.6,56.19,99.87,3.27,5,Male,Medium Risk
80.9,75.87,57.47,83.17,2.37,3,Female,Medium Risk
54.58,59.89,88.61,70.61,3.5,3,Male,Medium Risk
55.66,53.38,87.53,73.75,3.09,2,Female,Medium Risk
55.42,56.59,92.14,60.21,2.41,4,Male,High Risk
86.22,43.01,55.29,54.96,2.58,2,Male,Medium Risk
57.09,68.51,59.91,78.94,3.5,1,Male,Low Risk
73.39,43.44,91.65,90.27,2.97,4,Female,Medium Risk
67.85,83.11,86.05,63.09,2.43,3,Female,High Risk
77.53,62.32,90.3,70.98,3.93,7,Female,High Risk
85.32,51.96,99.49,77.74,3.43,5,Male,High Risk
84.24,72.69,93.22,95.39,3.91,8,Female,High Risk
75.78,98.43,76.02,56.93,2.85,5,Female,Medium Risk
73.22,81.71,65.54,61.84,2.95,1,Male,Medium Risk
69.89,69.5,78.48,95.93,3.8,2,Male,High Risk
93.1,86.61,81.93,51.98,3.05,1,Female,Medium Risk
66.54,84.25,66.77,82.81,3.41,8,Female,Low Risk
62.97,93.5,88.55,81.98,2.5,5,Female,Low Risk
87.17,52.28,54.64,69.16,2.89,8,Male,Low Risk
67.99,91.53,88.97,73.41,2.25,3,Female,High Risk
92.35,58.06,51.6,92.75,2.41,5,Male,High Risk
66.39,96.46,74.9,58.25,2.0,4,Male,Low Risk
85.1,56.86,93.07,61.58,2.08,7,Female,High Risk
52.26,95.61,54.32,75.62,3.95,8,Female,High Risk
69.28,97.83,75.89,70.49,2.48,7,Male,Medium Risk
67.16,48.73,57.97,78.72,3.33,6,Male,High Risk
90.83,98.47,94.74,96.04,3.68,5,Female,Low Risk
98.35,45.14,91.62,95.86,3.1,5,Female,Low Risk
73.04,53.11,96.7,61.5,2.31,7,Female,Low Risk
91.24,66.65,93.75,65.11,3.46,6,Male,Low Risk
84.98,99.62,86.83,58.1,3.2,4,Male,High Risk
98.37,69.31,59.24,96.39,3.46,2,Female,Low Risk
90.56,73.02,65.13,69.89,3.54,8,Male,Medium Risk
53.87,81.67,74.84,72.49,3.95,8,Male,Low Risk
85.66,98.1,79.44,90.13,3.15,5,Female,High Risk
76.77,87.0,89.11,75.65,2.68,7,Male,Low Risk
50.82,53.45,61.35,55.99,3.3,1,Female,Low Risk
62.57,58.18,56.41,71.89,2.14,5,Female,High Risk
96.09,45.86,74.13,81.53,3.79,1,Male,High Risk
96.3,78.67,57.89,85.96,2.24,4,Male,High Risk
89.94,50.84,84.69,82.27,2.66,5,Female,Medium Risk
99.09,55.44,78.78,55.96,3.63,8,Male,High Risk
90.33,93.29,87.06,65.22,3.19,7,Female,Low Risk
