attendance,internal_marks,assignment_score,quiz_score,previous_gpa,semester,gender,performance_score,AcademicRisk
74.87,66.62,20.38,91.32,3.01,6,Other,67.61,Medium Risk
35.9,62.36,94.52,66.27,3.82,7,Male,69.44,Medium Risk
30.23,56.15,16.93,81.94,3.27,2,Other,54.06,Medium Risk
29.9,98.79,66.22,41.89,0.89,7,Male,49.01,High Risk
40.58,98.3,36.74,95.81,3.77,3,Female,73.25,Low Risk
50.61,62.26,30.68,43.17,2.22,8,Male,50.06,Medium Risk
39.41,24.6,49.16,80.58,3.58,6,Female,56.61,Medium Risk
92.25,71.78,32.83,41.47,3.52,3,Male,70.56,Low Risk
16.03,61.04,79.09,82.19,1.24,8,Female,48.16,High Risk
72.32,67.96,92.99,73.53,3.02,7,Female,75.52,Low Risk
92.2,63.26,59.88,58.05,2.73,3,Male,70.45,Low Risk
68.75,4.74,28.66,13.98,1.76,3,Male,35.53,High Risk
38.56,52.0,10.68,42.51,,1,Female,43.64,High Risk
54.41,88.59,22.52,33.0,1.88,3,Other,51.4,Medium Risk
83.81,81.72,62.04,99.32,1.43,4,Other,70.44,Low Risk
52.66,42.45,66.22,54.15,0.53,5,Other,43.02,High Risk
18.88,76.34,95.15,14.02,,1,Male,51.99,Medium Risk
27.62,50.32,29.43,34.36,,1,Female,42.16,High Risk
35.79,81.34,63.43,86.79,3.98,6,Other,72.62,Low Risk
84.74,94.15,97.07,46.45,2.94,7,Female,79.92,Low Risk
39.52,74.71,37.15,18.88,0.78,7,Male,38.1,High Risk
12.08,3.52,4.5,19.16,2.43,5,Male,22.46,High Risk
23.14,32.17,64.48,2.44,2.28,6,Other,36.51,High Risk
92.41,16.66,56.52,92.0,3.65,3,Male,71.53,Low Risk
63.22,33.41,24.42,91.27,3.7,6,Female,62.97,Medium Risk
61.77,95.88,98.13,41.73,3.68,2,Other,78.6,Low Risk
96.55,89.1,90.27,79.22,1.45,2,Female,76.44,Low Risk
54.27,52.66,24.74,34.79,3.77,4,Male,56.59,Medium Risk
99.64,21.46,12.92,92.57,0.65,7,Male,49.09,High Risk
49.95,62.38,65.87,33.21,1.89,8,Male,51.64,Medium Risk
83.35,5.2,92.48,9.91,3.37,8,Male,58.3,Medium Risk
95.69,42.24,64.83,39.27,2.95,6,Female,66.42,Medium Risk
22.25,81.49,16.86,28.36,1.67,2,Other,39.08,High Risk
87.78,76.81,25.39,96.65,2.85,8,Other,73.43,Low Risk
96.69,17.45,2.67,0.53,1.6,6,Male,38.14,High Risk
26.33,85.45,2.08,19.58,3.2,5,Other,46.92,High Risk
72.41,70.07,91.25,11.73,3.64,5,Male,70.31,Low Risk
28.1,22.18,34.52,89.85,,1,Male,45.74,High Risk
12.67,16.35,30.2,1.1,3.8,3,Male,34.88,High Risk
94.83,22.17,95.32,32.53,,1,Male,62.94,Medium Risk
11.68,92.38,17.38,36.86,1.82,7,Male,40.91,High Risk
35.21,28.75,17.45,76.41,,1,Male,44.26,High Risk
91.92,3.26,6.7,40.33,0.32,7,Female,32.69,High Risk
42.6,32.78,50.25,41.77,1.03,7,Other,37.45,High Risk
70.49,77.79,82.54,20.93,,1,Female,64.33,Medium Risk
89.77,27.81,2.6,77.57,2.81,8,Female,57.59,Medium Risk
97.47,66.81,87.92,88.78,2.15,7,Female,77.67,Low Risk
2.48,92.75,44.82,30.75,2.39,3,Male,45.44,High Risk
76.09,84.05,89.52,70.21,2.51,4,Female,75.48,Low Risk
69.34,8.51,37.39,74.44,2.89,8,Female,53.87,Medium Risk
67.9,7.12,97.59,68.45,,1,Male,58.93,Medium Risk
86.43,52.93,63.68,67.88,2.96,4,Male,70.43,Low Risk
45.13,4.31,0.39,93.15,2.76,2,Male,43.43,High Risk
71.97,48.72,82.08,91.74,3.23,2,Female,74.0,Low Risk
28.05,44.21,26.87,69.2,1.92,3,Male,42.27,High Risk
95.0,79.8,7.99,94.35,3.17,5,Other,74.87,Low Risk
44.39,93.59,85.4,32.22,2.18,8,Female,61.08,Medium Risk
22.16,32.48,2.33,15.35,2.25,5,Other,28.75,High Risk
79.75,86.97,69.84,67.42,2.1,5,Other,71.05,Low Risk
82.63,89.62,14.02,55.4,0.43,3,Male,51.68,Medium Risk
54.95,15.0,20.28,66.0,2.9,5,Other,47.8,High Risk
4.08,9.57,97.17,66.45,0.13,5,Female,28.29,High Risk
0.1,22.89,20.99,12.39,0.66,8,Other,13.73,High Risk
72.33,44.86,15.79,29.51,2.0,8,Male,46.35,High Risk
4.6,35.22,71.14,1.84,1.76,6,Male,30.14,High Risk
41.06,84.03,45.78,93.12,0.84,5,Male,53.16,Medium Risk
49.88,16.42,78.98,80.74,3.37,3,Male,60.77,Medium Risk
79.18,67.09,29.84,33.29,2.61,3,Female,58.99,Medium Risk
75.42,65.91,46.41,29.25,2.08,7,Female,56.39,Medium Risk
15.73,15.47,85.63,31.14,2.52,5,Female,40.29,High Risk
73.11,78.3,56.99,10.46,,1,Other,59.68,Medium Risk
68.67,87.65,96.15,76.65,2.28,3,Female,74.87,Low Risk
81.88,70.73,86.32,37.12,2.76,4,Other,70.38,Low Risk
65.66,24.97,20.24,35.77,3.31,8,Other,50.5,Medium Risk
6.19,2.55,59.96,7.16,3.73,3,Male,35.44,High Risk
33.93,53.09,24.84,24.48,0.65,5,Other,30.56,High Risk
96.48,97.85,59.86,33.41,2.6,4,Male,73.93,Low Risk
91.4,80.13,88.24,99.58,1.61,6,Other,77.11,Low Risk
99.92,81.5,80.28,59.24,3.32,8,Male,82.96,Low Risk
93.03,95.93,60.31,63.08,1.56,6,Female,70.7,Low Risk
79.49,20.82,63.26,75.67,2.98,3,Other,63.5,Medium Risk
47.2,72.38,51.04,71.29,0.9,8,Other,50.25,Medium Risk
20.17,73.14,80.56,12.53,0.35,6,Other,35.82,High Risk
76.01,70.32,1.01,62.61,,1,Other,58.23,Medium Risk
41.91,96.62,59.6,93.3,3.22,6,Male,72.86,Low Risk
28.68,13.6,54.93,44.66,2.05,7,Male,37.64,High Risk
92.98,66.2,83.7,86.45,,1,Female,77.63,Low Risk
71.79,36.35,74.52,85.81,1.36,2,Male,57.77,Medium Risk
74.02,91.54,46.89,84.09,2.47,3,Female,71.9,Low Risk
89.7,39.08,94.86,77.61,3.39,4,Other,77.3,Low Risk
25.63,93.59,8.16,41.46,2.31,2,Male,47.01,High Risk
36.49,87.2,41.88,31.73,2.96,6,Male,56.1,Medium Risk
87.16,98.87,96.78,74.19,1.49,8,Female,76.52,Low Risk
89.85,79.19,7.58,72.36,3.08,6,Male,69.54,Medium Risk
5.73,85.03,86.08,34.23,,1,Other,52.11,Medium Risk
77.38,39.27,3.29,11.61,0.15,2,Female,30.37,High Risk
45.84,83.72,64.3,98.21,3.43,6,Female,74.02,Low Risk
42.29,98.43,99.58,40.96,3.74,6,Male,74.71,Low Risk
64.59,19.19,6.35,68.53,0.44,2,Male,33.97,High Risk
84.97,99.88,22.39,28.69,1.0,2,Other,55.13,Medium Risk
74.46,69.02,84.44,60.69,2.67,6,Male,70.88,Low Risk
46.82,20.06,18.54,46.38,1.16,8,Male,32.7,High Risk
49.69,13.44,36.54,6.72,0.81,4,Other,26.66,High Risk
73.95,42.4,58.31,98.74,0.98,4,Female,56.65,Medium Risk
57.93,62.55,57.04,18.62,2.89,2,Male,56.4,Medium Risk
22.24,52.82,4.06,21.43,3.05,6,Other,39.01,High Risk
37.67,52.33,76.87,37.15,2.6,3,Other,53.24,Medium Risk
18.55,31.91,31.98,95.84,0.82,2,Male,35.32,High Risk
33.17,7.02,5.69,91.6,1.25,4,Male,32.1,High Risk
84.27,86.98,30.96,71.89,2.31,4,Female,68.33,Medium Risk
96.09,62.75,60.01,89.69,3.08,7,Other,78.28,Low Risk
83.84,7.46,80.11,3.73,0.11,6,Female,35.72,High Risk
15.46,87.6,97.0,95.69,3.93,4,Other,74.85,Low Risk
68.75,31.87,86.66,91.9,3.4,4,Male,71.6,Low Risk
6.11,83.32,2.73,13.84,3.19,4,Female,40.61,High Risk
79.6,80.17,94.36,83.87,,1,Male,78.29,Low Risk
12.99,47.57,22.69,66.98,1.75,7,Male,37.15,High Risk
87.98,14.19,58.41,37.83,1.21,7,Male,46.83,High Risk
70.35,43.11,20.41,96.11,2.88,8,Male,61.69,Medium Risk
78.61,97.7,63.69,32.12,1.99,5,Other,66.0,Medium Risk
57.1,87.2,89.88,96.35,,1,Other,75.27,Low Risk
55.66,92.42,17.93,20.46,3.8,2,Male,61.91,Medium Risk
54.61,61.66,29.19,6.4,2.95,7,Other,49.76,High Risk
84.09,76.85,62.78,53.83,0.12,2,Other,54.63,Medium Risk
93.86,86.69,21.42,69.94,2.27,8,Male,68.69,Medium Risk
67.96,81.2,9.53,93.45,3.84,7,Male,72.68,Low Risk
62.83,20.19,54.75,77.08,3.76,3,Other,63.02,Medium Risk
37.29,5.91,95.8,99.46,1.46,5,Other,48.92,High Risk
14.05,30.71,44.57,32.23,1.55,2,Other,30.86,High Risk
50.92,4.39,16.17,93.52,0.41,4,Other,32.62,High Risk
77.83,98.37,65.95,59.01,3.63,3,Female,80.56,Low Risk
66.25,67.19,96.06,37.09,1.7,3,Female,60.6,Medium Risk
81.18,46.3,82.0,69.07,0.53,8,Other,55.53,Medium Risk
36.85,4.97,32.79,86.99,3.67,7,Other,51.11,Medium Risk
66.04,3.62,97.04,13.95,,1,Other,49.51,High Risk
15.82,43.21,14.33,95.38,0.58,4,Female,32.68,High Risk
13.65,91.86,5.03,1.28,,1,Male,38.36,High Risk
75.65,32.81,82.16,69.19,,1,Other,63.8,Medium Risk
91.4,79.73,96.98,10.08,2.37,3,Male,69.67,Medium Risk
82.67,90.91,93.21,56.43,1.77,6,Female,72.36,Low Risk
92.07,78.23,83.45,12.25,3.12,6,Female,72.52,Low Risk
69.49,36.33,1.59,98.8,2.13,8,Male,53.01,Medium Risk
84.31,49.03,45.67,74.07,3.78,7,Male,72.47,Low Risk
43.63,91.37,87.62,76.24,3.34,4,Other,74.64,Low Risk
86.4,70.03,96.56,71.95,2.44,7,Male,76.13,Low Risk
1.4,0.22,51.07,30.5,0.72,8,Female,17.13,High Risk
49.74,99.31,81.23,94.6,3.3,3,Male,79.3,Low Risk
95.19,99.54,83.74,80.53,1.46,7,Female,77.47,Low Risk
46.52,95.62,27.9,95.92,3.55,7,Male,71.51,Low Risk
23.02,40.75,32.54,86.58,2.71,2,Male,48.71,High Risk
49.41,54.86,59.66,38.26,3.1,3,Other,57.39,Medium Risk
65.01,71.05,40.04,73.18,3.65,5,Other,70.26,Low Risk
7.65,40.51,60.88,59.02,0.73,6,Other,32.56,High Risk
84.77,5.77,87.31,97.61,3.61,2,Male,72.65,Low Risk
84.94,0.47,85.34,61.91,0.65,2,Female,47.48,High Risk
85.01,11.4,92.46,90.39,2.08,2,Other,63.96,Medium Risk
11.32,66.87,26.26,71.14,0.19,2,Male,32.0,High Risk
85.57,49.07,92.09,62.81,,1,Other,70.07,Low Risk
25.52,23.58,57.33,76.73,3.34,3,Female,52.08,Medium Risk
95.24,45.66,89.41,65.56,,1,Other,71.81,Low Risk
64.63,17.2,89.03,47.0,1.9,5,Other,51.88,Medium Risk
77.64,14.24,55.1,42.27,3.97,2,Other,61.68,Medium Risk
68.81,41.51,67.36,27.77,0.01,6,Male,39.84,High Risk
50.95,18.1,46.3,37.3,,1,Female,44.52,High Risk
98.46,67.8,4.02,86.7,1.46,2,Other,60.91,Medium Risk
73.78,25.75,75.23,50.42,3.0,4,Female,61.19,Medium Risk
20.24,53.94,48.14,57.16,0.2,4,Male,32.89,High Risk
67.47,55.15,71.93,89.13,3.55,6,Female,74.24,Low Risk
84.65,91.46,96.68,16.47,2.24,7,Male,70.43,Low Risk
81.16,5.38,0.13,52.83,0.29,6,Female,31.12,High Risk
96.57,54.24,77.24,95.47,3.24,7,Other,81.15,Low Risk
78.67,83.62,92.82,63.65,,1,Other,75.49,Low Risk
78.82,14.87,45.99,98.98,,1,Female,60.05,Medium Risk
20.86,49.84,58.83,0.25,3.42,3,Other,45.42,High Risk
76.31,77.84,86.19,77.67,2.27,7,Other,73.41,Low Risk
72.66,23.11,61.61,65.93,1.31,2,Male,50.11,Medium Risk
75.9,34.75,64.75,72.57,3.93,5,Male,71.09,Low Risk
84.55,10.91,69.5,39.38,4.0,6,Other,64.65,Medium Risk
42.94,12.51,38.28,85.67,0.56,5,Female,35.33,High Risk
37.65,38.02,43.13,81.5,,1,Other,51.34,Medium Risk
36.35,14.97,59.68,60.27,1.36,3,Female,38.57,High Risk
87.75,95.96,22.83,93.18,2.28,8,Other,72.78,Low Risk
24.15,72.31,57.39,69.69,,1,Other,55.19,Medium Risk
81.57,78.54,78.04,94.45,2.42,4,Other,77.1,Low Risk
45.07,36.95,27.42,72.93,,1,Male,49.34,High Risk
42.94,67.35,28.17,91.52,1.23,3,Male,49.85,High Risk
5.71,66.74,36.84,65.2,1.39,4,Male,38.77,High Risk
83.33,96.51,77.07,59.49,1.52,7,Male,70.12,Low Risk
48.7,96.63,75.63,49.7,1.92,5,Female,62.3,Medium Risk
36.15,81.32,31.84,79.92,2.4,8,Other,57.07,Medium Risk
3.99,2.83,55.87,28.25,2.39,2,Other,29.12,High Risk
94.55,39.25,92.39,57.9,0.02,8,Male,54.16,Medium Risk
74.71,6.18,99.39,5.44,3.3,2,Other,56.26,Medium Risk
42.66,19.4,65.08,58.51,0.62,3,Female,36.96,High Risk
92.38,43.8,63.9,0.23,3.97,7,Male,66.29,Medium Risk
70.35,95.62,90.09,83.74,2.84,4,Female,80.54,Low Risk
4.01,46.17,52.23,21.43,0.56,7,Female,24.79,High Risk
69.84,75.94,70.94,62.88,2.91,8,Female,70.91,Low Risk
13.6,23.27,71.14,15.62,1.69,4,Other,31.63,High Risk
34.37,47.79,42.0,12.86,0.16,4,Male,27.38,High Risk
46.54,84.38,92.81,34.26,2.57,4,Male,63.63,Medium Risk
65.55,35.09,91.42,49.85,,1,Other,60.22,Medium Risk
26.74,9.33,39.4,1.74,0.46,7,Male,17.6,High Risk
89.33,13.29,87.84,83.86,3.48,4,Other,72.5,Low Risk
67.48,49.3,39.1,76.24,,1,Other,59.66,Medium Risk
93.29,98.08,6.96,13.8,3.16,4,Female,65.8,Medium Risk
62.3,76.57,95.58,63.89,,1,Male,70.43,Low Risk
96.57,80.31,3.1,81.4,3.31,4,Male,73.57,Low Risk
14.09,2.32,5.07,90.39,3.53,3,Female,40.37,High Risk
31.02,94.83,83.14,88.02,2.85,5,Male,70.21,Low Risk
84.55,82.31,64.36,82.99,2.83,8,Male,77.39,Low Risk
25.74,82.68,92.75,59.74,2.68,7,Other,62.59,Medium Risk
55.16,48.94,85.0,72.93,3.5,7,Male,69.14,Medium Risk
97.67,75.66,23.42,51.36,3.16,3,Male,70.52,Low Risk
19.7,29.13,50.65,48.67,2.4,8,Other,40.65,High Risk
13.52,11.69,10.33,63.78,,1,Male,32.46,High Risk
9.92,20.7,42.27,17.61,,1,Male,31.23,High Risk
53.34,32.38,10.53,66.46,0.13,2,Female,32.17,High Risk
88.05,14.32,41.21,74.59,1.25,3,Other,50.06,Medium Risk
62.34,79.65,99.64,67.08,,1,Male,72.15,Low Risk
82.89,84.43,3.41,6.95,2.68,5,Male,55.91,Medium Risk
79.86,93.75,17.22,76.41,1.23,3,Female,60.45,Medium Risk
55.08,61.85,5.89,20.16,2.2,5,Other,43.8,High Risk
80.25,83.13,89.38,10.17,3.89,6,Other,75.93,Low Risk
58.2,50.1,47.21,81.78,2.98,4,Female,62.54,Medium Risk
13.39,29.69,8.64,42.79,0.67,8,Female,21.19,High Risk
15.13,16.55,65.85,99.19,0.94,6,Male,37.72,High Risk
73.14,98.98,81.09,0.79,3.29,5,Male,70.93,Low Risk
41.36,44.99,24.53,71.02,3.41,5,Male,54.98,Medium Risk
82.92,59.41,24.49,74.57,0.34,7,Male,49.6,High Risk
62.96,93.57,79.82,56.78,0.55,4,Female,58.38,Medium Risk
71.51,26.66,55.6,85.53,1.0,2,Other,50.63,Medium Risk
86.65,81.04,99.42,9.68,3.06,8,Female,73.36,Low Risk
12.74,78.11,25.65,3.19,3.3,4,Male,43.76,High Risk
38.28,46.49,42.48,15.32,0.88,8,Female,33.04,High Risk
16.19,63.93,78.29,21.09,3.67,3,Male,54.68,Medium Risk
98.14,11.96,75.69,33.43,0.47,4,Female,46.23,High Risk
84.25,86.91,3.64,55.62,0.87,4,Other,52.77,Medium Risk
74.14,98.75,71.1,27.89,3.07,8,Female,72.32,Low Risk
0.35,21.28,18.02,78.13,2.39,5,Other,33.7,High Risk
71.61,63.93,57.54,78.12,3.09,4,Female,70.35,Low Risk
4.59,99.25,24.78,30.94,1.0,6,Other,35.61,High Risk
97.5,77.1,93.66,80.66,2.61,4,Male,82.26,Low Risk
60.79,89.37,11.02,92.54,2.08,5,Other,61.61,Medium Risk
30.03,43.12,29.85,76.32,0.98,5,Male,38.18,High Risk
3.35,38.3,47.44,25.52,,1,Female,35.07,High Risk
65.31,48.21,57.24,3.84,3.62,7,Male,57.76,Medium Risk
0.94,56.98,63.36,91.53,1.65,3,Female,45.18,High Risk
31.62,3.11,30.83,20.47,2.19,7,Other,29.91,High Risk
69.61,71.54,7.37,94.59,3.88,6,Female,71.25,Low Risk
42.54,95.9,94.44,71.49,0.28,7,Male,56.45,Medium Risk
30.12,57.52,93.38,29.13,2.05,6,Male,50.22,Medium Risk
51.84,9.66,63.26,6.29,3.78,4,Male,48.95,High Risk
77.83,79.8,74.66,1.94,1.09,3,Male,53.72,Medium Risk
97.8,54.96,69.22,39.32,3.01,6,Other,70.54,Low Risk
99.26,95.14,73.89,59.89,1.28,7,Other,71.91,Low Risk
87.63,18.48,26.53,18.86,2.88,7,Other,50.41,Medium Risk
70.73,98.79,97.13,91.89,3.02,5,Other,84.67,Low Risk
63.99,95.42,99.05,83.32,1.78,8,Male,73.56,Low Risk
69.73,90.49,32.68,42.07,3.87,5,Male,70.93,Low Risk
92.86,37.39,41.32,62.4,3.21,5,Female,66.31,Medium Risk
74.48,96.75,32.58,37.05,1.88,6,Other,60.16,Medium Risk
2.35,25.49,17.12,50.68,0.45,3,Male,18.67,High Risk
96.43,62.18,27.75,45.09,3.34,7,Male,68.34,Medium Risk
60.58,6.99,27.93,44.7,,1,Female,43.06,High Risk
73.86,83.3,80.3,55.9,,1,Male,71.18,Low Risk
90.11,10.92,95.55,56.82,3.8,5,Female,71.32,Low Risk
97.96,80.2,77.95,64.25,3.12,7,Other,81.36,Low Risk
68.25,47.56,86.24,53.77,3.65,2,Other,70.39,Low Risk
99.87,29.45,18.39,28.18,1.7,3,Female,48.47,High Risk
93.15,43.41,22.86,83.49,1.45,3,Other,56.98,Medium Risk
60.87,95.91,40.21,5.09,3.69,5,Male,64.26,Medium Risk
83.25,99.37,52.54,78.77,2.67,3,Male,77.07,Low Risk
10.05,52.22,59.97,25.11,2.45,8,Female,41.03,High Risk
99.48,91.84,21.51,31.0,1.85,3,Male,62.68,Medium Risk
65.55,30.86,99.76,91.63,2.34,7,Male,65.89,Medium Risk
92.16,94.06,90.51,36.47,1.92,3,Other,72.9,Low Risk
98.62,37.84,19.97,11.23,3.14,3,Male,56.53,Medium Risk
15.71,34.83,68.99,77.55,2.07,4,Other,45.81,High Risk
3.99,22.74,84.28,62.15,2.25,5,Male,41.57,High Risk
60.22,29.59,26.02,94.66,2.91,2,Female,57.26,Medium Risk
17.07,43.41,12.88,96.01,0.25,5,Other,30.85,High Risk
24.58,99.89,22.97,83.06,0.64,5,Female,46.03,High Risk
22.99,65.19,39.92,0.68,3.82,4,Other,48.75,High Risk
60.89,68.85,0.34,51.08,1.51,5,Other,46.14,High Risk
39.03,6.59,79.27,59.72,3.64,7,Other,54.67,Medium Risk
53.38,6.75,5.28,0.05,1.75,3,Male,26.43,High Risk
99.38,39.61,60.23,94.78,3.82,2,Other,79.89,Low Risk
18.45,9.46,34.8,95.23,2.46,6,Female,41.38,High Risk
10.91,91.67,59.91,38.85,2.03,5,Female,48.56,High Risk
77.0,87.73,54.67,51.73,3.03,4,Other,71.69,Low Risk
82.39,56.62,21.81,97.02,3.79,6,Other,73.43,Low Risk
85.26,57.2,21.38,90.01,1.37,6,Female,58.03,Medium Risk
83.35,69.84,2.27,77.67,,1,Female,62.42,Medium Risk
91.02,31.58,69.16,30.66,,1,Other,59.67,Medium Risk
81.59,88.06,38.17,72.26,3.99,8,Female,79.51,Low Risk
10.72,27.14,35.76,47.89,1.98,2,Other,33.03,High Risk
76.45,50.46,91.74,63.3,3.6,5,Female,74.96,Low Risk
74.53,92.82,82.16,63.32,3.69,5,Female,82.08,Low Risk
3.29,22.53,72.4,83.74,0.32,7,Female,30.75,High Risk
51.02,3.6,49.71,26.35,1.37,7,Female,33.45,High Risk
86.92,35.9,43.26,20.57,2.21,4,Male,52.3,Medium Risk
44.53,33.44,16.6,45.11,1.61,3,Male,37.14,High Risk
27.46,42.46,90.83,50.29,,1,Female,52.15,Medium Risk
94.19,89.66,62.23,52.28,2.15,6,Other,72.09,Low Risk
21.03,73.55,68.13,36.22,0.19,3,Female,36.81,High Risk
51.92,29.25,79.91,49.83,3.7,3,Female,61.42,Medium Risk
74.75,92.57,32.14,47.25,2.37,7,Female,63.92,Medium Risk
55.15,79.0,23.4,96.41,2.37,2,Female,62.37,Medium Risk
67.81,37.46,4.31,81.61,0.21,8,Male,38.65,High Risk
35.3,13.44,12.66,40.75,1.23,3,Male,27.21,High Risk
97.11,25.88,50.45,85.95,1.79,6,Female,61.1,Medium Risk
23.69,49.07,25.02,52.87,1.85,2,Female,38.98,High Risk
68.35,52.2,87.0,74.3,3.12,2,Male,71.22,Low Risk
90.17,64.24,48.83,13.21,3.61,5,Female,67.26,Medium Risk
94.7,79.16,35.46,44.82,3.99,3,Male,76.49,Low Risk
45.24,7.26,78.71,12.64,1.58,3,Female,36.34,High Risk
95.15,87.58,46.84,84.17,2.92,2,Other,79.21,Low Risk
90.79,57.2,37.63,58.07,3.26,6,Other,68.87,Medium Risk
60.66,72.46,89.6,27.29,2.52,2,Female,62.94,Medium Risk
89.89,74.38,33.22,50.23,,1,Male,65.49,Medium Risk
99.03,14.16,44.82,39.26,0.32,2,Other,42.2,High Risk
85.03,91.73,54.84,70.59,3.12,5,Male,77.92,Low Risk
95.73,65.58,80.92,69.7,3.32,6,Male,80.39,Low Risk
62.03,44.83,94.59,10.17,,1,Female,55.81,Medium Risk
45.6,73.33,44.21,59.32,3.33,6,Female,62.41,Medium Risk
81.41,51.03,84.85,8.73,0.17,4,Male,45.66,High Risk
76.4,96.58,86.4,32.38,2.91,4,Male,74.42,Low Risk
48.91,96.75,31.48,99.27,3.35,2,Female,72.13,Low Risk
91.26,87.49,27.15,93.42,1.94,5,Male,70.52,Low Risk
79.53,22.83,59.22,15.44,1.21,6,Other,43.21,High Risk
96.18,54.96,59.84,59.99,2.2,6,Male,66.76,Medium Risk
66.02,64.94,42.69,41.05,2.15,3,Other,55.49,Medium Risk
41.22,75.89,34.37,36.44,3.98,7,Male,60.98,Medium Risk
93.86,63.86,89.96,10.93,2.49,3,Male,66.93,Medium Risk
85.64,68.0,59.95,61.87,3.62,3,Other,75.91,Low Risk
81.15,42.35,74.5,62.54,3.48,2,Male,71.06,Low Risk
79.75,83.92,13.83,77.43,,1,Female,66.04,Medium Risk
97.32,94.11,47.14,83.74,1.23,2,Male,70.47,Low Risk
63.92,69.05,1.65,95.81,2.34,5,Female,59.03,Medium Risk
79.3,73.31,39.7,47.57,3.66,4,Female,70.45,Low Risk
26.65,13.98,47.79,41.69,0.93,6,Female,28.69,High Risk
19.67,52.98,36.41,48.25,3.7,8,Male,51.34,Medium Risk
92.44,74.07,36.24,53.67,3.29,5,Female,71.97,Low Risk
17.68,41.24,63.48,73.53,,1,Female,48.84,High Risk
65.09,90.44,92.83,59.56,1.67,5,Female,67.66,Medium Risk
87.58,72.13,95.69,17.86,3.8,8,Other,77.1,Low Risk
13.49,10.92,0.64,74.4,3.93,7,Female,41.38,High Risk
36.67,8.35,82.75,93.97,,1,Female,52.97,Medium Risk
63.24,15.95,67.33,27.06,,1,Female,48.78,High Risk
59.21,75.61,35.92,1.09,,1,Male,51.1,Medium Risk
83.47,91.64,84.63,87.19,3.64,6,Female,87.72,Low Risk
18.79,4.04,36.44,87.9,1.35,3,Male,32.59,High Risk
91.89,71.69,62.51,53.25,,1,Male,70.3,Low Risk
96.62,35.78,99.91,63.84,2.99,8,Other,74.56,Low Risk
18.31,43.0,28.21,64.9,2.76,8,Male,44.39,High Risk
86.69,49.17,78.17,72.29,3.97,6,Other,78.89,Low Risk
36.16,24.88,95.12,56.12,0.11,6,Other,37.39,High Risk
67.65,71.3,83.93,52.27,3.61,7,Other,74.16,Low Risk
95.53,51.27,43.3,3.58,3.84,4,Female,65.17,Medium Risk
85.28,88.94,66.78,80.66,1.56,6,Other,70.97,Low Risk
92.95,31.01,71.66,77.2,3.9,5,Female,76.14,Low Risk
20.7,93.17,40.42,88.76,,1,Other,58.81,Medium Risk
43.38,46.93,15.07,18.09,3.63,7,Other,47.89,High Risk
70.82,61.05,30.76,29.91,0.16,2,Other,40.02,High Risk
14.14,36.61,4.87,2.96,3.96,4,Other,36.78,High Risk
46.5,86.61,24.36,73.76,3.52,7,Other,65.66,Medium Risk
70.2,64.79,65.24,31.62,3.15,3,Female,64.72,Medium Risk
41.39,28.7,90.43,65.53,2.46,6,Other,54.86,Medium Risk
93.71,93.74,51.94,50.96,2.54,8,Male,73.49,Low Risk
21.78,86.68,34.6,92.29,0.83,7,Female,47.0,High Risk
21.28,44.79,20.27,2.2,3.92,6,Female,42.15,High Risk
46.1,64.25,91.87,24.87,3.55,2,Other,64.07,Medium Risk
94.96,66.9,54.72,44.86,,1,Other,67.68,Medium Risk
69.28,2.5,26.24,46.37,0.12,3,Male,29.46,High Risk
80.26,12.62,12.44,41.67,3.48,2,Other,52.46,Medium Risk
64.31,51.1,95.64,90.47,1.59,8,Male,64.15,Medium Risk
85.41,14.46,87.54,22.97,1.81,2,Female,52.13,Medium Risk
3.28,27.94,19.29,37.86,1.54,3,Male,24.61,High Risk
77.77,10.76,11.82,65.75,2.77,3,Female,50.54,Medium Risk
28.68,6.2,13.67,56.12,2.73,4,Female,35.94,High Risk
67.98,61.18,99.77,34.73,3.4,4,Male,70.66,Low Risk
3.19,38.66,88.2,18.05,0.57,8,Other,28.03,High Risk
27.86,64.79,4.05,49.57,,1,Other,43.59,High Risk
24.45,72.59,77.58,56.55,1.02,5,Male,47.12,High Risk
61.78,55.72,63.15,96.81,3.98,2,Female,75.46,Low Risk
89.31,65.26,12.44,29.54,3.65,7,Other,64.49,Medium Risk
88.48,59.04,8.21,16.08,0.31,4,Other,39.51,High Risk
14.77,91.92,11.5,62.92,0.41,4,Female,35.8,High Risk
33.36,96.15,50.75,82.26,0.52,6,Male,50.77,Medium Risk
86.48,70.71,88.36,52.99,3.24,5,Male,77.21,Low Risk
73.91,46.52,22.0,81.25,2.95,8,Other,61.71,Medium Risk
12.39,92.63,1.38,60.19,3.79,2,Male,54.55,Medium Risk
73.16,65.12,21.06,30.4,,1,Female,54.66,Medium Risk
93.82,59.84,80.41,43.47,2.94,8,Male,72.38,Low Risk
63.87,82.66,59.69,74.86,1.12,7,Female,59.68,Medium Risk
52.67,15.95,91.43,55.67,0.02,8,Female,38.55,High Risk
22.48,24.73,58.41,31.78,3.32,5,Female,44.84,High Risk
9.71,42.82,49.88,83.11,,1,Other,46.56,High Risk
70.2,54.91,81.47,47.89,3.66,8,Other,70.81,Low Risk
36.14,0.23,24.09,76.39,,1,Other,39.78,High Risk
77.09,95.0,65.48,57.59,2.33,8,Other,71.3,Low Risk
96.0,39.4,56.22,92.87,0.65,7,Female,58.31,Medium Risk
48.26,76.86,85.2,50.48,3.64,8,Other,70.54,Low Risk
77.8,90.78,25.25,58.52,3.44,4,Female,71.67,Low Risk
69.85,60.88,44.01,64.97,3.61,4,Female,68.55,Medium Risk
12.97,69.48,27.38,34.49,0.36,3,Male,28.67,High Risk
93.06,59.92,35.34,51.16,3.78,5,Female,71.85,Low Risk
17.6,19.27,14.56,57.02,1.77,2,Other,30.05,High Risk
77.83,82.2,67.1,61.3,2.92,3,Male,73.41,Low Risk
16.49,29.8,98.99,63.44,2.54,5,Female,50.32,Medium Risk
62.9,43.06,17.44,83.14,1.3,6,Male,47.55,High Risk
56.59,66.91,43.5,44.77,2.81,5,Female,58.33,Medium Risk
82.33,39.67,73.85,44.04,0.37,5,Male,48.51,High Risk
22.13,59.37,2.58,3.54,2.91,7,Female,36.51,High Risk
17.68,85.66,75.85,71.95,1.73,7,Female,54.53,Medium Risk
41.23,75.96,23.07,90.58,2.0,4,Female,55.05,Medium Risk
24.65,19.9,22.58,65.6,1.31,5,Male,31.56,High Risk
71.11,81.62,30.33,99.28,,1,Female,69.17,Medium Risk
37.8,78.99,6.45,25.39,,1,Female,45.65,High Risk
5.78,12.79,25.77,90.7,,1,Male,37.1,High Risk
86.22,57.46,83.17,63.4,3.08,5,Male,74.28,Low Risk
77.97,77.82,26.95,65.39,0.59,6,Male,52.59,Medium Risk
21.27,90.83,89.0,67.95,0.96,5,Male,53.03,Medium Risk
2.04,79.18,45.11,78.96,0.03,2,Other,35.14,High Risk
39.2,18.28,94.38,50.68,2.11,2,Other,48.4,High Risk
26.76,77.47,33.12,18.87,2.91,5,Other,48.17,High Risk
7.18,22.01,46.68,99.04,,1,Female,43.68,High Risk
28.0,40.25,61.8,31.14,0.69,2,Female,33.3,High Risk
10.11,53.72,46.81,32.71,0.44,2,Female,27.95,High Risk
90.98,37.31,76.53,32.69,3.78,4,Female,70.22,Low Risk
32.79,8.97,2.52,20.21,3.03,8,Female,32.34,High Risk
63.26,69.88,79.82,37.22,3.95,4,Other,72.03,Low Risk
92.98,42.82,65.16,39.43,3.25,5,Male,67.81,Medium Risk
97.7,21.22,69.09,63.65,2.52,5,Male,64.33,Medium Risk
35.02,71.88,13.13,78.7,2.86,5,Male,54.78,Medium Risk
66.44,55.53,49.49,76.36,1.33,8,Male,54.91,Medium Risk
77.37,42.11,26.14,8.69,3.11,5,Other,52.43,Medium Risk
95.18,18.02,77.95,66.46,3.95,4,Male,73.75,Low Risk
54.26,45.04,31.24,7.39,0.9,6,Other,33.99,High Risk
6.83,65.6,5.2,89.25,2.77,5,Male,46.31,High Risk
50.03,76.79,26.79,58.95,3.46,8,Other,62.35,Medium Risk
68.82,90.19,67.59,87.76,2.91,2,Male,76.73,Low Risk
72.51,26.35,32.92,24.69,3.83,3,Female,55.98,Medium Risk
97.03,82.96,25.03,84.44,2.44,5,Male,72.52,Low Risk
56.51,27.03,16.06,77.49,1.99,8,Female,46.0,High Risk
90.15,78.39,34.45,94.76,,1,Male,73.22,Low Risk
87.53,40.93,82.34,42.06,3.8,4,Other,72.48,Low Risk
46.12,42.48,5.14,67.23,1.41,3,Male,39.69,High Risk
92.03,90.58,76.38,73.7,2.4,6,Female,78.64,Low Risk
69.94,90.83,79.17,74.06,,1,Other,74.26,Low Risk
67.42,33.97,7.12,47.53,3.02,4,Male,50.72,Medium Risk
66.61,92.65,73.64,54.66,3.59,8,Other,76.87,Low Risk
38.4,93.12,14.92,99.71,1.52,5,Female,54.92,Medium Risk
59.08,36.04,28.87,20.29,3.65,2,Female,52.16,Medium Risk
30.37,42.13,17.98,42.07,,1,Male,40.65,High Risk
70.78,54.9,72.39,8.76,3.98,3,Male,65.72,Medium Risk
25.13,4.33,82.08,58.14,,1,Male,43.81,High Risk
21.12,12.86,38.0,57.58,1.44,3,Female,31.19,High Risk
55.4,61.34,72.6,33.54,0.05,7,Male,42.35,High Risk
40.34,92.33,24.59,72.98,3.02,2,Female,62.06,Medium Risk
1.68,27.42,95.54,31.58,0.73,4,Female,29.53,High Risk
96.45,26.46,43.0,43.25,1.01,8,Male,48.65,High Risk
9.95,60.63,6.64,24.13,0.24,7,Male,20.73,High Risk
80.26,37.95,88.72,35.47,3.36,6,Male,67.28,Medium Risk
15.1,91.34,90.25,82.91,2.53,3,Other,63.83,Medium Risk
83.77,28.44,30.38,87.43,0.1,8,Other,44.93,High Risk
99.19,47.64,17.74,48.79,0.41,5,Other,46.87,High Risk
7.36,71.31,6.35,22.45,3.3,4,Male,41.05,High Risk
70.44,67.51,76.07,85.15,2.96,8,Female,73.8,Low Risk
27.81,20.21,18.58,52.2,1.87,5,Other,33.3,High Risk
57.62,76.15,51.08,64.72,3.68,3,Male,70.0,Low Risk
92.6,75.38,73.21,25.38,3.97,2,Male,77.83,Low Risk
2.67,19.5,5.61,53.13,0.16,4,Male,14.38,High Risk
57.78,90.19,71.67,80.61,3.03,6,Female,74.26,Low Risk
66.41,50.93,59.26,88.73,3.63,4,Female,71.67,Low Risk
88.8,69.48,65.72,91.32,2.17,3,Female,73.21,Low Risk
45.86,88.15,64.05,62.45,3.88,3,Other,72.32,Low Risk
7.91,33.65,91.76,39.83,3.55,8,Male,50.63,Medium Risk
36.93,23.6,76.32,93.0,1.99,6,Male,51.79,Medium Risk
72.4,86.73,85.34,20.2,3.93,7,Female,75.84,Low Risk
44.66,0.61,7.5,43.06,0.33,6,Male,20.93,High Risk
71.84,58.62,32.25,69.73,,1,Other,60.61,Medium Risk
52.86,26.54,96.37,91.15,3.89,3,Female,70.96,Low Risk
84.59,56.78,91.92,64.98,3.5,5,Female,77.91,Low Risk
79.03,90.67,98.08,77.67,2.82,6,Female,81.88,Low Risk
88.01,88.94,65.34,11.63,3.5,5,Male,73.21,Low Risk
95.83,29.0,60.42,80.81,3.58,5,Female,73.32,Low Risk
47.41,84.03,7.03,1.82,0.1,3,Male,30.61,High Risk
61.95,90.92,44.52,81.67,3.5,2,Other,74.47,Low Risk
44.87,4.45,21.96,34.24,,1,Other,36.16,High Risk
76.24,58.35,99.14,24.14,1.05,4,Other,55.78,Medium Risk
92.67,78.45,79.59,87.61,1.78,5,Other,75.06,Low Risk
55.06,63.53,83.78,74.97,3.76,6,Other,73.78,Low Risk
31.42,52.02,48.04,71.66,2.92,3,Other,54.46,Medium Risk
69.14,5.22,9.26,8.82,3.81,3,Other,44.85,High Risk
10.58,50.18,19.23,63.42,,1,Female,40.7,High Risk
97.78,26.27,95.78,95.92,3.67,2,Male,81.39,Low Risk
31.11,40.01,13.35,19.23,0.57,8,Female,24.23,High Risk
94.44,66.49,27.98,64.18,3.85,3,Other,74.79,Low Risk
38.13,87.57,98.69,87.49,0.66,2,Other,59.1,Medium Risk
22.54,86.6,74.83,77.38,0.16,4,Female,46.79,High Risk
52.31,96.88,14.66,55.92,0.73,3,Other,47.6,High Risk
59.06,57.13,83.68,99.32,3.12,4,Other,73.14,Low Risk
33.95,25.61,57.19,6.23,1.08,7,Male,29.87,High Risk
61.04,29.54,72.41,14.6,3.58,6,Other,56.59,Medium Risk
99.89,86.64,87.57,68.04,1.84,3,Female,77.14,Low Risk
34.41,9.68,94.73,40.5,3.24,5,Male,51.07,Medium Risk
93.61,96.52,7.67,58.54,2.99,2,Female,71.33,Low Risk
0.0,5.94,69.85,80.29,,1,Other,39.33,High Risk
65.1,32.52,94.33,97.18,3.18,3,Female,71.38,Low Risk
82.66,35.2,53.74,44.56,0.02,4,Male,42.57,High Risk
15.7,97.48,72.61,26.69,1.49,7,Female,47.63,High Risk
65.73,68.65,19.35,70.86,1.25,6,Other,51.51,Medium Risk
99.68,9.83,10.03,76.34,0.26,5,Other,41.47,High Risk
94.96,76.6,87.72,51.96,3.33,5,Other,80.82,Low Risk
7.86,50.05,64.51,82.17,,1,Other,49.6,High Risk
55.55,77.27,19.0,55.57,0.63,2,Female,44.46,High Risk
80.06,85.37,15.35,58.27,,1,Female,63.76,Medium Risk
58.47,20.99,20.1,78.2,2.69,6,Female,50.37,Medium Risk
48.67,14.61,56.54,24.53,1.17,6,Male,34.56,High Risk
81.42,33.95,33.49,29.17,1.39,5,Other,45.23,High Risk
93.71,53.24,64.23,46.26,1.68,5,Other,61.15,Medium Risk
27.52,19.56,21.39,19.81,2.1,8,Other,30.1,High Risk
70.66,5.47,79.93,50.64,1.81,5,Other,49.66,High Risk
77.7,89.66,51.93,3.53,,1,Female,61.3,Medium Risk
81.7,43.6,70.89,94.21,3.78,2,Other,77.53,Low Risk
90.63,83.17,36.85,87.77,3.0,2,Male,76.73,Low Risk
85.41,32.61,52.8,77.33,0.55,8,Other,50.83,Medium Risk
46.33,87.29,81.46,52.88,3.8,6,Female,72.94,Low Risk
95.35,90.62,82.64,89.28,,1,Male,83.37,Low Risk
27.42,81.35,16.04,66.06,3.02,8,Male,54.31,Medium Risk
25.75,48.75,82.13,64.33,3.68,6,Male,61.16,Medium Risk
77.15,68.88,86.66,99.09,3.25,6,Other,81.24,Low Risk
48.05,44.23,13.76,0.44,0.77,4,Male,27.8,High Risk
65.58,89.38,96.63,89.07,2.48,4,Female,77.63,Low Risk
92.2,50.73,43.84,27.25,2.64,7,Female,60.36,Medium Risk
77.81,21.48,92.37,93.53,3.2,6,Other,71.63,Low Risk
72.34,86.94,62.89,61.24,,1,Female,69.72,Medium Risk
36.49,97.5,54.72,75.47,1.29,7,Male,56.21,Medium Risk
88.62,44.54,83.25,87.14,,1,Male,72.25,Low Risk
52.21,55.23,21.17,81.95,1.99,8,Other,52.0,Medium Risk
46.37,69.01,16.34,66.83,1.51,8,Female,47.31,High Risk
95.2,82.02,55.4,62.58,3.68,6,Male,80.9,Low Risk
9.01,69.32,60.36,33.75,1.04,4,Other,36.73,High Risk
24.37,86.03,78.06,99.43,1.26,7,Male,57.8,Medium Risk
16.38,16.59,83.63,98.91,2.22,7,Female,48.67,High Risk
18.29,87.38,82.66,98.09,3.39,8,Female,70.35,Low Risk
45.17,93.89,86.4,74.39,3.67,2,Female,77.13,Low Risk
34.97,33.89,83.4,42.19,2.11,3,Other,47.55,High Risk
36.46,62.6,48.21,84.65,2.28,5,Other,55.81,Medium Risk
96.44,11.82,83.65,90.83,3.29,7,Female,73.21,Low Risk
38.83,39.28,9.61,26.62,2.01,7,Female,35.56,High Risk
84.77,96.47,32.83,73.86,1.14,2,Female,63.62,Medium Risk
86.35,24.03,83.99,7.85,0.64,8,Male,44.17,High Risk
86.4,81.95,21.79,75.01,3.17,7,Female,72.32,Low Risk
8.28,81.59,26.23,54.15,,1,Female,46.07,High Risk
49.64,74.88,18.67,99.27,0.65,2,Male,49.14,High Risk
65.88,55.44,32.07,34.57,1.51,4,Female,46.99,High Risk
32.66,1.14,3.53,79.26,1.96,7,Female,33.06,High Risk
60.51,84.07,98.47,22.39,3.7,3,Other,73.2,Low Risk
86.44,57.05,96.53,51.64,,1,Male,70.87,Low Risk
95.4,96.87,96.74,3.68,,1,Male,73.91,Low Risk
38.29,17.24,11.09,8.71,1.57,6,Other,25.8,High Risk
45.77,2.03,24.95,11.85,0.87,7,Female,22.81,High Risk
81.98,91.2,53.38,44.87,,1,Other,69.1,Medium Risk
17.45,39.61,62.59,97.32,2.65,7,Female,52.83,Medium Risk
70.54,38.78,64.09,1.07,0.84,7,Other,40.41,High Risk
62.75,92.33,17.17,80.07,2.53,2,Male,64.55,Medium Risk
81.26,65.0,79.94,85.57,2.47,8,Female,73.58,Low Risk
59.38,12.6,14.37,69.31,,1,Other,45.54,High Risk
28.47,15.36,11.55,2.11,0.22,5,Male,13.61,High Risk
64.73,85.67,93.55,68.64,3.65,2,Other,80.46,Low Risk
2.52,88.22,64.53,76.31,3.14,2,Male,59.02,Medium Risk
96.25,79.03,28.89,78.08,,1,Male,71.54,Low Risk
9.02,43.34,35.27,72.05,2.32,2,Female,41.52,High Risk
31.71,95.29,29.09,51.51,1.02,4,Other,45.45,High Risk
14.8,1.88,50.12,86.27,1.3,5,Other,32.66,High Risk
69.04,43.51,41.57,25.0,,1,Male,51.57,Medium Risk
53.75,63.83,13.96,55.29,0.79,4,Male,41.53,High Risk
34.59,72.71,54.09,52.93,0.78,2,Male,44.12,High Risk
57.76,16.0,52.82,55.25,2.57,2,Male,49.91,High Risk
51.72,56.43,85.86,86.96,3.21,2,Other,70.2,Low Risk
63.08,85.14,97.73,80.59,,1,Other,75.17,Low Risk
8.05,72.7,86.41,14.33,,1,Male,47.29,High Risk
34.7,72.69,68.61,31.06,3.93,4,Female,62.73,Medium Risk
99.2,80.08,24.98,95.24,3.37,7,Female,79.91,Low Risk
4.63,98.38,67.13,84.42,1.75,2,Female,54.5,Medium Risk
65.63,3.62,0.54,5.17,,1,Other,33.61,High Risk
4.89,83.83,50.89,70.2,3.55,5,Other,58.34,Medium Risk
55.32,88.89,41.24,59.46,3.82,4,Other,70.59,Low Risk
79.54,29.69,84.97,69.12,3.87,6,Other,73.12,Low Risk
97.92,43.65,45.89,71.8,3.7,5,Female,73.99,Low Risk
59.82,89.81,99.5,7.87,1.54,5,Female,58.65,Medium Risk
86.41,94.88,34.79,9.06,0.9,7,Female,52.78,Medium Risk
94.41,27.5,2.62,24.27,1.47,5,Male,42.32,High Risk
80.98,73.96,76.41,42.93,3.84,2,Male,76.94,Low Risk
40.17,73.68,52.77,97.59,0.22,7,Female,48.71,High Risk
60.43,84.69,40.65,84.88,2.03,2,Other,63.56,Medium Risk
38.56,70.4,78.67,48.27,1.7,6,Male,53.39,Medium Risk
60.81,27.92,45.11,21.99,2.13,8,Female,44.16,High Risk
19.23,22.08,65.61,28.91,2.94,8,Other,41.78,High Risk
3.45,22.42,26.08,1.42,0.86,7,Male,14.85,High Risk
98.24,95.3,7.18,13.78,,1,Other,62.39,Medium Risk
50.45,74.52,63.0,85.11,,1,Male,65.36,Medium Risk
72.27,41.39,78.9,82.91,0.55,7,Female,54.05,Medium Risk
37.88,82.16,44.24,75.35,0.54,7,Other,47.22,High Risk
30.85,92.92,9.43,99.43,3.08,6,Other,61.88,Medium Risk
78.77,78.18,7.09,96.2,3.42,6,Other,72.2,Low Risk
61.22,92.98,91.92,73.81,,1,Male,74.39,Low Risk
80.2,54.3,100.0,38.64,3.77,8,Other,75.27,Low Risk
38.97,16.09,27.58,87.98,,1,Female,45.92,High Risk
99.34,65.51,75.72,52.46,,1,Female,72.79,Low Risk
61.97,93.48,78.79,85.36,1.59,3,Male,68.75,Medium Risk
42.79,84.69,36.32,69.58,2.36,6,Male,58.27,Medium Risk
89.07,92.87,92.88,30.73,,1,Other,75.01,Low Risk
49.77,47.45,43.37,84.56,,1,Female,56.75,Medium Risk
97.42,34.19,50.43,74.59,2.2,3,Male,63.7,Medium Risk
15.99,73.22,10.56,86.6,0.88,8,Male,38.72,High Risk
33.41,17.3,31.39,74.27,,1,Male,43.29,High Risk
93.09,96.09,20.62,50.53,3.22,2,Other,73.29,Low Risk
27.82,5.33,73.79,17.1,1.7,8,Female,32.28,High Risk
78.38,43.84,47.63,99.47,2.7,3,Other,67.3,Medium Risk
72.79,91.53,51.86,32.16,3.31,8,Other,69.79,Medium Risk
83.85,71.52,38.24,97.92,,1,Female,71.32,Low Risk
69.42,89.96,20.16,69.14,3.84,7,Male,72.74,Low Risk
14.95,33.53,88.56,47.65,2.98,7,Female,49.5,High Risk
27.85,71.48,61.78,81.28,1.62,3,Male,52.84,Medium Risk
40.43,45.18,86.78,96.23,3.38,7,Female,67.72,Medium Risk
21.18,1.8,75.86,43.4,3.79,4,Female,47.23,High Risk
9.48,78.81,36.84,24.49,2.28,2,Female,41.58,High Risk
95.96,77.76,48.62,44.07,3.63,2,Other,76.13,Low Risk
36.72,94.21,99.69,32.53,3.96,7,Female,72.6,Low Risk
42.82,93.34,83.61,46.41,3.89,7,Female,73.19,Low Risk
69.39,57.89,68.28,74.73,3.26,4,Female,70.75,Low Risk
68.31,13.72,43.57,89.17,0.14,4,Female,40.61,High Risk
80.04,59.15,92.07,71.65,3.11,6,Other,75.84,Low Risk
10.57,61.75,36.57,96.76,1.66,8,Female,45.37,High Risk
95.61,96.83,64.58,63.33,2.21,7,Other,76.27,Low Risk
58.9,51.57,87.74,12.2,,1,Male,55.66,Medium Risk
77.29,51.65,49.68,83.55,1.7,5,Other,60.26,Medium Risk
83.59,27.98,51.91,11.75,3.54,8,Female,58.17,Medium Risk
90.0,39.2,42.99,98.48,0.45,3,Female,54.37,Medium Risk
95.82,74.79,71.38,76.15,1.44,2,Female,70.04,Low Risk
20.04,10.72,82.53,46.03,3.53,4,Other,48.5,High Risk
45.33,63.45,34.33,42.04,3.84,5,Male,59.48,Medium Risk
75.61,57.99,78.14,50.01,3.37,5,Other,70.79,Low Risk
53.66,43.46,13.18,12.57,3.81,4,Female,49.78,High Risk
39.44,56.55,10.59,22.58,3.36,8,Other,47.15,High Risk
68.14,23.44,55.08,77.06,,1,Other,57.17,Medium Risk
61.1,54.91,86.91,60.5,2.03,2,Female,61.06,Medium Risk
26.99,66.55,39.85,42.15,,1,Male,47.98,High Risk
99.29,64.14,64.36,51.89,3.47,4,Other,76.78,Low Risk
85.79,83.65,61.13,83.38,1.7,2,Female,70.48,Low Risk
90.59,93.02,74.81,30.69,3.32,4,Other,77.83,Low Risk
68.52,62.16,73.05,79.39,3.65,2,Female,75.24,Low Risk
88.48,66.35,11.18,83.25,0.71,2,Male,53.99,Medium Risk
93.49,67.11,92.91,97.22,2.19,2,Female,79.0,Low Risk
0.53,49.27,42.4,65.27,,1,Other,41.76,High Risk
89.18,56.69,81.91,62.48,3.16,8,Other,75.04,Low Risk
22.1,75.57,34.5,16.03,2.66,2,Other,44.84,High Risk
81.64,79.48,66.76,98.33,1.77,3,Other,72.13,Low Risk
67.44,85.29,59.54,88.22,3.1,6,Male,75.46,Low Risk
14.23,11.14,13.24,7.76,,1,Female,24.56,High Risk
39.48,30.15,13.79,65.59,0.55,6,Female,31.24,High Risk
97.44,3.93,98.69,84.94,3.72,8,Female,75.94,Low Risk
94.41,4.66,76.01,73.72,3.99,7,Other,71.93,Low Risk
60.34,24.56,4.26,22.36,1.82,7,Female,35.36,High Risk
86.64,23.73,59.6,15.71,3.83,2,Other,61.64,Medium Risk
82.07,60.18,74.93,17.8,,1,Other,62.09,Medium Risk
95.07,66.19,96.28,81.21,3.05,3,Male,82.69,Low Risk
19.47,72.42,96.22,20.88,,1,Female,52.54,Medium Risk
4.12,14.53,14.64,60.23,3.68,7,Other,38.17,High Risk
96.92,86.26,68.54,39.75,2.74,3,Female,74.85,Low Risk
15.76,10.35,50.3,67.19,3.18,6,Other,43.51,High Risk
85.1,83.3,66.2,81.34,3.12,2,Female,79.57,Low Risk
56.13,98.07,55.03,64.56,2.71,6,Male,68.52,Medium Risk
61.29,3.89,12.73,50.0,,1,Other,41.14,High Risk
76.85,79.36,99.68,93.46,1.74,5,Male,74.93,Low Risk
88.78,63.02,52.1,42.86,1.86,5,Female,60.67,Medium Risk
96.09,42.86,97.33,66.78,2.43,7,Female,72.4,Low Risk
91.24,46.62,77.02,98.4,3.5,7,Male,80.32,Low Risk
94.55,71.31,59.36,67.18,2.94,3,Other,75.26,Low Risk
95.94,57.56,58.92,21.15,3.06,7,Male,66.63,Medium Risk
5.46,32.04,62.89,91.29,1.43,7,Female,39.84,High Risk
94.06,97.43,46.75,72.56,3.39,3,Male,82.09,Low Risk
94.01,86.83,10.18,24.95,2.38,2,Male,61.01,Medium Risk
56.07,88.52,67.24,64.27,0.76,4,Other,56.2,Medium Risk
25.67,74.53,7.37,76.57,3.17,2,Other,53.73,Medium Risk
2.91,65.06,88.93,99.78,1.79,8,Male,53.23,Medium Risk
35.57,75.82,78.71,78.56,3.9,4,Female,72.02,Low Risk
99.1,96.75,62.62,34.01,2.2,4,Female,72.37,Low Risk
80.15,23.86,84.94,5.72,3.2,7,Female,58.41,Medium Risk
70.67,90.55,56.35,6.78,1.08,6,Female,52.0,Medium Risk
35.0,92.09,59.12,95.85,3.66,7,Other,73.29,Low Risk
75.69,99.83,47.85,80.69,3.45,5,Other,79.73,Low Risk
54.87,79.29,46.26,92.11,3.56,4,Male,72.58,Low Risk
85.72,67.64,59.17,81.91,,1,Female,71.75,Low Risk
91.63,48.09,32.84,53.54,3.39,7,Other,66.67,Medium Risk
96.98,76.53,67.39,22.29,2.05,6,Male,65.82,Medium Risk
17.78,88.17,20.98,9.11,3.5,3,Female,48.47,High Risk
97.07,55.03,7.82,84.98,2.46,2,Other,64.57,Medium Risk
21.47,22.88,21.48,62.29,,1,Male,38.13,High Risk
68.94,64.35,82.79,86.18,,1,Female,71.08,Low Risk
38.09,50.6,43.23,10.86,0.61,7,Male,31.57,High Risk
98.26,70.75,96.47,96.07,0.84,4,Male,72.85,Low Risk
0.37,32.48,58.95,45.52,,1,Male,37.88,High Risk
58.98,2.43,18.04,62.22,,1,Male,42.9,High Risk
39.24,53.71,1.45,28.46,3.96,6,Male,49.79,High Risk
76.39,63.88,93.78,98.02,,1,Female,76.27,Low Risk
78.79,7.18,70.86,80.46,3.83,2,Other,67.77,Medium Risk
93.85,23.83,92.16,99.42,0.21,4,Male,58.28,Medium Risk
6.0,58.98,68.4,58.81,,1,Other,48.0,High Risk
83.4,82.09,69.49,74.88,1.06,3,Male,65.55,Medium Risk
82.46,32.09,97.31,66.16,3.09,7,Female,70.87,Low Risk
97.8,47.49,13.09,5.17,,1,Female,52.31,Medium Risk
41.75,99.42,93.54,53.67,3.14,2,Male,72.03,Low Risk
50.68,34.16,64.9,22.64,,1,Other,48.26,High Risk
56.73,43.79,35.01,22.64,2.0,5,Other,44.09,High Risk
59.76,18.43,84.65,57.9,1.61,3,Male,50.07,Medium Risk
30.51,36.07,68.33,78.77,3.84,7,Male,60.91,Medium Risk
99.31,42.02,81.39,74.46,1.81,2,Other,67.92,Medium Risk
73.58,75.15,92.95,91.41,1.52,3,Female,70.58,Low Risk
1.59,23.64,50.06,54.06,2.21,6,Female,34.56,High Risk
37.08,95.31,84.56,29.34,2.12,3,Male,58.67,Medium Risk
17.22,54.34,76.54,52.09,3.47,8,Female,56.16,Medium Risk
16.84,47.11,35.32,61.52,0.87,3,Male,33.6,High Risk
23.58,70.75,8.86,98.61,3.82,4,Other,60.04,Medium Risk
81.53,84.01,58.79,96.59,2.88,4,Female,78.49,Low Risk
49.41,11.59,7.21,84.2,0.22,5,Other,29.76,High Risk
98.76,51.55,86.06,73.71,2.1,5,Other,72.09,Low Risk
69.92,2.61,26.0,83.99,,1,Other,50.13,Medium Risk
36.27,68.79,51.37,59.73,1.0,8,Male,45.74,High Risk
80.92,70.27,49.26,53.57,3.9,4,Other,74.08,Low Risk
81.69,68.59,51.18,42.29,3.26,4,Male,68.54,Medium Risk
80.33,60.27,86.43,38.97,3.53,4,Other,73.01,Low Risk
69.61,7.18,47.71,33.87,,1,Male,46.7,High Risk
33.57,26.81,69.79,75.93,1.82,5,Male,46.99,High Risk
25.24,29.48,76.48,87.67,3.61,8,Male,59.39,Medium Risk
88.22,71.94,91.07,86.28,,1,Other,78.67,Low Risk
21.66,80.45,53.44,27.66,0.12,5,Other,34.42,High Risk
57.24,14.51,94.6,30.13,2.31,3,Female,50.36,Medium Risk
55.56,9.02,56.8,39.01,,1,Male,45.69,High Risk
52.04,79.8,25.86,81.97,,1,Female,60.77,Medium Risk
89.68,92.83,1.91,87.99,,1,Other,70.1,Low Risk
40.14,33.24,87.0,48.67,0.9,3,Male,42.66,High Risk
65.2,66.29,48.0,90.52,2.04,3,Other,63.09,Medium Risk
73.48,69.84,78.57,69.42,,1,Other,70.16,Low Risk
72.57,6.86,69.18,63.16,3.03,2,Other,58.3,Medium Risk
35.02,17.61,66.21,87.9,1.21,8,Male,42.96,High Risk
68.98,76.96,48.33,73.33,3.67,5,Other,73.82,Low Risk
47.35,26.7,33.16,52.07,1.76,2,Female,40.96,High Risk
65.4,48.15,50.32,9.01,2.66,6,Male,51.5,Medium Risk
50.77,45.78,81.62,91.09,,1,Female,63.38,Medium Risk
37.39,44.6,40.97,18.19,2.93,2,Other,45.45,High Risk
95.98,32.34,62.19,51.99,3.75,5,Other,71.03,Low Risk
23.01,56.97,40.48,5.5,3.44,5,Female,45.54,High Risk
34.38,76.58,74.26,24.68,0.64,7,Female,42.75,High Risk
82.65,27.21,93.71,86.92,3.05,7,Male,72.26,Low Risk
3.34,4.33,26.13,8.35,2.17,6,Other,20.44,High Risk
32.01,22.51,47.16,84.2,3.66,8,Female,55.08,Medium Risk
95.11,77.81,38.72,97.16,2.33,6,Other,74.28,Low Risk
54.52,5.94,69.83,71.63,2.05,2,Female,48.85,High Risk
85.43,57.5,49.49,91.09,3.35,7,Male,74.88,Low Risk
92.41,78.98,61.26,81.32,1.62,4,Other,70.41,Low Risk
10.83,12.69,14.65,98.13,2.47,4,Other,37.6,High Risk
77.99,90.26,84.15,44.55,3.34,2,Female,77.73,Low Risk
86.81,85.06,37.86,99.32,3.39,8,Female,80.48,Low Risk
38.27,65.02,87.15,84.03,3.55,5,Female,70.44,Low Risk
90.36,68.02,36.84,97.76,3.04,3,Male,75.38,Low Risk
55.29,21.12,74.14,66.95,2.26,4,Other,53.34,Medium Risk
33.09,19.51,26.5,27.29,1.79,3,Other,31.43,High Risk
98.8,65.38,69.3,27.46,3.27,4,Male,72.73,Low Risk
43.8,47.4,58.09,0.63,3.63,4,Female,51.93,Medium Risk
31.26,17.19,38.59,97.34,2.33,3,Male,46.2,High Risk
25.45,65.91,2.05,99.11,1.04,6,Other,41.22,High Risk
99.7,3.02,59.73,65.02,2.73,5,Male,61.3,Medium Risk
88.93,73.23,73.65,80.41,2.23,3,Other,73.92,Low Risk
80.73,52.6,22.4,58.04,0.87,2,Female,48.21,High Risk
12.19,58.83,68.61,1.23,1.82,8,Female,36.66,High Risk
80.1,66.74,53.26,13.75,0.82,3,Male,48.55,High Risk
77.3,6.72,17.19,38.43,3.47,4,Other,50.7,Medium Risk
69.87,96.33,35.68,92.3,3.54,4,Male,78.06,Low Risk
4.04,14.67,46.25,15.75,2.08,5,Female,26.24,High Risk
86.75,74.74,41.03,74.72,0.03,8,Male,54.19,Medium Risk
40.78,13.95,33.69,23.34,1.31,5,Other,29.73,High Risk
95.56,74.25,49.39,61.27,,1,Female,70.96,Low Risk
97.63,92.28,89.72,36.45,3.0,6,Female,80.54,Low Risk
75.74,46.52,86.85,73.49,3.9,4,Female,76.66,Low Risk
93.28,39.15,32.93,45.1,2.27,4,Other,57.04,Medium Risk
54.01,54.73,75.68,98.26,3.18,4,Male,70.41,Low Risk
28.67,23.92,78.69,34.55,1.98,2,Other,41.31,High Risk
14.98,18.68,53.08,84.62,0.28,3,Female,29.89,High Risk
79.23,26.54,72.51,16.99,1.14,8,Female,45.67,High Risk
77.56,69.51,66.59,82.94,1.11,4,Female,62.66,Medium Risk
70.37,16.16,58.61,11.88,3.16,4,Other,51.15,Medium Risk
95.91,87.67,95.11,65.88,3.89,4,Female,89.97,Low Risk
82.54,32.16,13.78,51.86,3.68,8,Male,59.91,Medium Risk
50.44,87.09,82.52,91.55,,1,Other,71.76,Low Risk
92.48,89.14,73.5,71.97,,1,Female,78.39,Low Risk
36.94,47.27,48.91,23.99,1.26,7,Female,37.5,High Risk
95.61,93.68,1.28,99.51,3.55,6,Male,79.94,Low Risk
46.5,62.19,25.94,24.98,3.96,2,Female,56.45,Medium Risk
21.39,38.74,85.32,59.6,0.27,3,Male,36.52,High Risk
90.98,79.37,5.87,42.91,2.79,3,Female,63.37,Medium Risk
83.92,73.99,84.06,62.52,,1,Female,73.39,Low Risk
70.53,83.03,6.26,75.5,2.06,3,Other,59.38,Medium Risk
27.48,88.66,18.76,8.48,1.37,4,Female,37.25,High Risk
49.55,35.63,56.06,48.06,,1,Male,50.76,Medium Risk
13.33,60.11,75.9,79.32,0.62,8,Male,42.51,High Risk
33.55,45.97,45.05,14.31,,1,Female,42.11,High Risk
87.06,87.27,36.81,81.0,2.72,8,Male,73.89,Low Risk
85.76,77.36,8.84,91.27,3.64,6,Male,74.68,Low Risk
61.21,65.02,77.33,32.64,3.67,4,Female,67.74,Medium Risk
77.19,62.55,51.94,90.73,2.64,2,Male,69.71,Medium Risk
80.94,50.7,73.83,68.21,3.72,2,Other,74.93,Low Risk
89.88,97.56,66.75,98.43,3.29,3,Male,87.32,Low Risk
51.22,25.86,66.29,11.87,,1,Male,45.33,High Risk
75.82,66.09,98.18,71.18,,1,Female,73.2,Low Risk
13.33,74.67,41.85,1.54,2.11,7,Other,37.96,High Risk
86.33,92.11,95.41,90.05,2.78,5,Male,85.2,Low Risk
24.5,48.71,38.7,72.95,,1,Female,48.24,High Risk
64.1,57.45,81.1,80.52,3.2,8,Other,71.76,Low Risk
53.19,5.46,11.24,0.72,3.54,8,Male,38.31,High Risk
81.8,67.1,99.04,61.0,2.04,4,Female,70.63,Low Risk
81.18,34.96,57.86,14.1,,1,Other,53.71,Medium Risk
98.72,82.06,88.92,83.36,3.54,8,Male,89.06,Low Risk
53.3,68.81,47.18,71.39,3.99,2,Female,69.81,Medium Risk
86.35,49.78,42.86,50.07,0.8,8,Male,50.48,Medium Risk
27.42,81.19,75.99,69.56,,1,Male,60.55,Medium Risk
87.16,74.1,59.22,58.47,3.88,3,Other,78.51,Low Risk
5.98,83.47,15.58,53.49,3.66,8,Male,51.42,Medium Risk
36.19,14.02,43.79,48.62,2.55,5,Other,41.65,High Risk
83.07,5.17,47.76,88.63,2.66,4,Male,58.88,Medium Risk
44.61,93.07,61.22,3.52,0.63,5,Other,43.41,High Risk
3.89,60.03,9.23,54.25,3.01,3,Female,41.31,High Risk
9.68,23.27,83.66,14.58,0.91,7,Male,27.5,High Risk
51.5,93.8,50.18,98.98,3.28,2,Male,74.51,Low Risk
92.0,74.51,73.52,27.49,3.18,6,Female,72.93,Low Risk
95.67,64.23,78.24,90.67,2.81,4,Other,79.66,Low Risk
94.28,70.65,49.86,95.47,2.85,3,Female,77.31,Low Risk
70.6,95.49,50.33,62.77,3.42,3,Other,75.09,Low Risk
66.08,93.61,60.59,58.72,3.86,3,Female,77.26,Low Risk
94.76,65.02,92.9,13.29,3.07,6,Male,71.81,Low Risk
30.82,63.54,60.15,14.32,0.77,4,Other,36.4,High Risk
29.77,32.61,86.07,1.05,1.74,3,Female,37.91,High Risk
73.25,56.71,67.17,82.41,3.74,4,Female,75.47,Low Risk
99.02,4.46,85.9,7.75,,1,Male,55.32,Medium Risk
92.8,92.78,49.62,96.21,,1,Male,79.26,Low Risk
60.16,48.62,26.02,41.87,3.03,5,Male,53.88,Medium Risk
8.66,83.86,56.07,50.47,3.87,7,Female,59.11,Medium Risk
35.06,61.05,28.13,14.14,3.85,7,Female,51.38,Medium Risk
62.57,98.57,97.01,74.57,3.3,2,Male,81.72,Low Risk
63.58,21.56,92.83,92.07,3.79,5,Male,71.63,Low Risk
92.24,8.78,11.4,92.96,3.79,3,Female,64.16,Medium Risk
15.73,97.57,23.56,20.13,,1,Male,45.62,High Risk
23.67,90.93,74.59,68.18,,1,Female,61.14,Medium Risk
43.37,90.79,48.99,81.85,0.9,2,Female,54.25,Medium Risk
54.88,94.21,83.51,24.31,3.82,6,Male,72.61,Low Risk
86.94,20.75,76.74,64.08,3.71,7,Other,70.2,Low Risk
79.24,56.88,83.74,36.59,3.66,3,Other,72.11,Low Risk
67.32,37.4,36.86,3.17,1.7,6,Female,40.94,High Risk
12.54,41.19,85.16,24.49,1.07,2,Other,34.51,High Risk
18.12,32.62,19.57,69.67,2.07,4,Other,37.38,High Risk
4.5,85.6,4.64,31.35,3.7,6,Female,46.77,High Risk
76.79,65.03,77.19,62.76,2.93,8,Female,71.51,Low Risk
62.57,83.72,4.69,17.44,0.19,6,Other,36.89,High Risk
72.57,99.57,74.97,44.16,2.93,3,Male,74.24,Low Risk
96.25,65.04,28.32,51.86,3.62,4,Other,71.72,Low Risk
24.01,97.31,65.3,90.39,3.87,4,Other,73.01,Low Risk
85.19,24.1,53.84,18.41,1.98,3,Female,49.33,High Risk
81.37,16.11,20.77,0.24,,1,Female,42.34,High Risk
17.04,64.28,97.2,24.73,1.0,3,Male,41.66,High Risk
96.27,63.34,76.91,90.67,2.45,7,Female,77.19,Low Risk
77.38,31.24,7.97,15.59,0.37,3,Female,31.44,High Risk
39.36,37.9,41.84,12.93,1.7,3,Female,36.26,High Risk
39.14,79.7,78.4,37.56,2.49,2,Female,58.68,Medium Risk
68.68,72.09,37.18,90.95,3.2,8,Male,70.81,Low Risk
88.14,63.54,62.35,29.22,0.53,7,Female,51.79,Medium Risk
3.54,24.45,47.81,50.77,0.87,2,Female,26.0,High Risk
93.03,60.3,46.83,81.15,3.19,2,Other,74.45,Low Risk
25.85,84.69,16.05,79.06,2.22,7,Female,51.54,Medium Risk
69.73,59.43,20.76,56.31,3.53,4,Female,62.94,Medium Risk
51.86,84.21,28.86,55.49,3.8,3,Female,66.21,Medium Risk
6.68,48.4,43.38,19.7,3.58,3,Female,43.19,High Risk
73.17,99.15,80.2,3.97,3.25,7,Female,71.06,Low Risk
52.78,66.95,78.29,8.01,,1,Female,55.16,Medium Risk
88.32,83.23,66.43,44.01,2.54,3,Other,71.17,Low Risk
41.16,31.22,32.57,68.78,,1,Female,47.36,High Risk
8.89,73.24,26.81,66.09,3.49,6,Other,52.62,Medium Risk
31.7,87.28,58.22,41.2,1.86,7,Male,51.92,Medium Risk
94.12,46.95,89.37,68.22,3.46,2,Female,78.18,Low Risk
48.35,95.1,79.82,88.7,1.54,8,Male,66.01,Medium Risk
65.18,8.73,44.1,58.12,0.94,6,Female,39.25,High Risk
44.12,87.67,52.75,74.48,,1,Other,63.27,Medium Risk
66.14,88.98,30.85,79.95,3.76,4,Female,74.45,Low Risk
46.15,9.65,10.56,19.78,,1,Other,33.64,High Risk
60.45,38.25,53.92,70.33,,1,Other,57.03,Medium Risk
5.21,92.99,7.3,7.32,1.8,6,Male,33.34,High Risk
70.53,6.72,3.88,65.37,1.36,7,Male,37.86,High Risk
41.29,10.8,89.13,20.47,2.14,4,Female,42.3,High Risk
62.82,62.23,32.18,6.38,0.84,7,Female,39.19,High Risk
85.16,99.08,74.08,56.73,3.24,4,Other,80.98,Low Risk
0.06,43.19,76.92,73.35,0.13,2,Male,32.01,High Risk
66.16,60.86,64.96,79.92,2.84,8,Other,68.19,Medium Risk
73.46,19.3,27.08,70.99,3.92,4,Male,61.44,Medium Risk
67.24,36.27,1.97,5.92,,1,Other,40.87,High Risk
85.28,34.8,85.33,29.89,2.36,3,Male,60.31,Medium Risk
12.01,7.13,98.98,7.41,0.53,2,Male,23.7,High Risk
36.9,17.48,21.96,46.39,3.77,2,Other,46.54,High Risk
90.07,77.26,71.81,44.6,3.92,2,Female,79.93,Low Risk
97.66,89.79,77.13,10.88,2.48,8,Female,71.07,Low Risk
63.36,86.47,57.67,99.64,3.5,4,Male,78.61,Low Risk
57.44,55.83,1.5,86.12,2.48,4,Male,54.17,Medium Risk
10.95,50.93,69.56,6.54,1.38,8,Female,32.96,High Risk
78.48,1.78,10.91,82.94,3.19,4,Female,53.99,Medium Risk
34.44,82.03,98.35,87.79,3.79,8,Male,76.62,Low Risk
82.28,37.53,71.45,91.83,3.8,6,Female,76.32,Low Risk
99.76,11.44,85.2,86.37,2.21,4,Female,66.78,Medium Risk
37.13,40.49,76.0,77.24,0.83,6,Male,45.55,High Risk
71.28,86.74,70.8,63.9,3.03,4,Other,74.31,Low Risk
2.69,55.34,98.67,97.98,1.35,5,Male,49.68,High Risk
63.3,69.22,89.79,84.39,,1,Other,71.42,Low Risk
0.42,83.61,20.02,63.03,2.31,2,Male,43.72,High Risk
68.38,53.89,70.23,70.83,3.38,2,Male,70.16,Low Risk
74.75,17.46,93.17,53.04,,1,Female,59.74,Medium Risk
84.62,0.79,73.02,98.82,1.93,6,Male,59.15,Medium Risk
77.19,55.56,27.94,75.44,2.07,6,Female,58.85,Medium Risk
3.89,4.86,62.02,59.16,3.32,8,Other,40.87,High Risk
89.99,87.5,68.2,91.48,,1,Male,79.57,Low Risk
21.89,81.61,86.06,16.77,0.03,3,Female,37.41,High Risk
53.63,23.78,82.85,97.01,,1,Female,60.77,Medium Risk
80.01,41.97,15.29,15.59,3.69,8,Other,56.09,Medium Risk
70.03,31.24,83.23,80.48,1.55,2,Other,58.0,Medium Risk
98.66,71.78,95.12,11.85,3.4,2,Female,76.32,Low Risk
19.7,54.19,3.66,89.76,3.28,2,Female,50.28,Medium Risk
47.58,81.97,39.19,34.85,,1,Other,55.02,Medium Risk
81.19,91.4,91.07,22.39,1.24,5,Male,63.35,Medium Risk
65.87,60.14,81.53,6.83,2.76,8,Other,59.0,Medium Risk
57.3,47.37,74.24,99.22,,1,Male,65.44,Medium Risk
79.97,86.12,94.87,36.55,2.4,8,Female,71.93,Low Risk
49.7,66.71,10.34,15.0,2.54,6,Male,45.44,High Risk
79.04,35.0,24.23,72.5,3.14,3,Male,60.89,Medium Risk
55.56,0.76,18.87,93.13,,1,Other,46.47,High Risk
33.91,13.53,47.91,23.22,3.81,5,Male,45.67,High Risk
0.1,3.51,99.09,78.23,3.75,7,Female,50.76,Medium Risk
48.04,76.32,27.4,53.75,1.34,5,Female,47.82,High Risk
95.98,61.57,77.26,83.85,,1,Other,76.1,Low Risk
94.77,55.51,49.19,98.76,0.87,7,Other,62.42,Medium Risk
70.52,78.07,45.89,56.87,0.56,7,Female,52.16,Medium Risk
92.85,50.42,53.18,31.46,3.1,5,Other,65.37,Medium Risk
26.59,96.92,77.88,71.69,1.8,4,Other,59.72,Medium Risk
63.46,41.18,40.88,21.76,2.35,7,Female,48.18,High Risk
51.17,49.45,94.27,93.37,3.99,8,Other,75.77,Low Risk
69.54,49.6,62.53,31.57,,1,Male,57.05,Medium Risk
11.92,13.41,27.81,30.47,1.71,8,Female,25.09,High Risk
46.47,97.71,51.64,38.52,,1,Female,60.31,Medium Risk
97.35,86.7,26.18,46.11,2.98,3,Female,71.15,Low Risk
33.78,27.21,15.1,13.95,2.85,8,Female,36.06,High Risk
67.05,54.89,83.87,94.64,3.7,8,Other,77.64,Low Risk
26.53,23.14,72.48,44.44,3.27,5,Other,49.24,High Risk
28.55,45.31,85.66,72.86,1.89,3,Female,51.79,Medium Risk
67.59,37.24,51.28,18.8,0.62,8,Female,38.73,High Risk
90.95,88.04,82.3,99.22,,1,Other,83.2,Low Risk
92.57,82.48,99.27,69.17,2.32,8,Other,79.4,Low Risk
47.1,85.05,96.51,59.49,0.85,5,Male,57.5,Medium Risk
86.68,70.97,71.67,90.97,2.8,5,Female,77.76,Low Risk
17.05,32.69,29.25,71.71,0.1,3,Female,26.57,High Risk
72.16,21.64,82.9,21.91,2.79,3,Male,55.53,Medium Risk
50.64,88.88,79.24,49.88,,1,Male,65.43,Medium Risk
90.85,80.75,90.57,75.09,,1,Female,79.34,Low Risk
73.1,76.03,87.45,79.16,1.73,3,Other,69.28,Medium Risk
71.79,19.68,53.46,2.18,,1,Female,45.85,High Risk
33.5,84.57,52.01,84.27,1.79,2,Male,56.92,Medium Risk
90.77,86.83,78.9,83.16,3.98,3,Other,89.24,Low Risk
79.18,65.05,39.64,93.49,2.91,4,Female,70.96,Low Risk
62.92,76.7,63.2,81.18,3.08,3,Male,71.98,Low Risk
47.94,86.18,64.23,69.04,3.93,5,Female,73.77,Low Risk
93.05,82.93,86.17,91.4,1.74,5,Male,77.36,Low Risk
27.68,65.84,8.8,47.39,0.87,5,Other,33.95,High Risk
11.21,28.84,53.36,52.49,3.4,3,Other,45.7,High Risk
71.43,71.53,89.04,59.54,3.87,7,Other,78.64,Low Risk
80.07,87.02,51.97,48.03,3.0,4,Male,71.17,Low Risk
77.06,1.89,45.5,61.81,1.84,2,Other,47.24,High Risk
91.5,76.8,97.36,85.59,1.64,3,Male,75.93,Low Risk
81.63,67.54,37.07,92.28,3.44,5,Female,74.82,Low Risk
74.14,84.01,92.04,10.18,3.76,3,Male,74.17,Low Risk
26.07,15.35,24.64,84.21,1.32,4,Other,34.16,High Risk
62.69,18.41,10.77,43.76,2.26,7,Other,41.66,High Risk
79.84,95.77,87.53,15.36,3.11,2,Male,73.99,Low Risk
9.38,97.86,94.84,88.04,3.54,7,Other,71.47,Low Risk
56.51,54.83,25.06,45.28,0.35,5,Male,37.83,High Risk
74.95,29.11,12.39,90.07,3.42,5,Other,61.3,Medium Risk
32.96,89.05,88.42,95.46,2.69,4,Male,70.44,Low Risk
89.96,89.61,41.68,75.39,3.38,3,Male,79.1,Low Risk
42.83,96.21,70.54,0.13,0.09,6,Female,41.11,High Risk
12.39,41.04,55.69,93.07,0.14,4,Female,34.49,High Risk
59.11,90.99,67.79,31.72,2.57,8,Male,63.96,Medium Risk
20.53,45.36,54.68,91.91,3.5,5,Male,58.07,Medium Risk
95.23,61.27,66.8,91.41,1.52,7,Male,69.29,Medium Risk
67.51,72.09,39.65,94.47,3.23,3,Other,71.6,Low Risk
31.04,69.44,24.07,77.28,1.15,8,Female,44.04,High Risk
49.43,19.75,86.09,82.31,,1,Male,57.19,Medium Risk
68.29,12.34,4.83,10.92,2.76,6,Male,39.15,High Risk
87.5,85.11,4.35,18.15,0.95,8,Female,48.21,High Risk
60.32,95.58,53.85,73.12,3.23,3,Female,73.43,Low Risk
92.28,48.05,50.6,76.25,3.14,5,Male,71.33,Low Risk
0.73,35.54,61.55,12.98,3.59,5,Other,40.91,High Risk
93.83,36.36,75.67,92.3,,1,Female,71.55,Low Risk
5.61,41.7,67.6,47.61,3.59,7,Male,49.46,High Risk
72.98,20.27,21.13,97.8,1.74,7,Female,51.01,Medium Risk
89.36,85.13,92.0,26.9,,1,Female,72.83,Low Risk
41.74,0.28,56.5,70.4,2.25,7,Male,43.59,High Risk
63.94,21.01,55.31,83.48,1.56,8,Male,50.76,Medium Risk
72.89,70.97,83.67,72.35,2.6,4,Female,72.07,Low Risk
69.35,71.64,22.11,62.9,2.62,3,Female,60.79,Medium Risk
42.28,23.67,90.1,67.07,1.67,7,Female,49.32,High Risk
85.55,25.43,91.88,45.45,2.41,8,Other,62.14,Medium Risk
18.11,32.81,47.98,57.38,3.35,2,Male,47.83,High Risk
91.88,65.97,92.92,47.44,1.82,8,Female,68.59,Medium Risk
70.61,65.91,53.55,91.08,0.41,3,Male,55.09,Medium Risk
59.55,91.92,37.56,87.5,0.65,7,Female,56.09,Medium Risk
5.23,74.25,15.07,25.7,3.1,4,Female,41.65,High Risk
67.53,71.33,77.37,86.55,2.96,3,Male,74.24,Low Risk
95.51,45.11,50.84,75.85,3.26,4,Female,72.28,Low Risk
53.34,67.35,45.62,15.5,0.98,7,Male,42.1,High Risk
5.17,79.57,64.57,26.14,2.54,2,Other,46.69,High Risk
85.98,14.94,34.07,69.2,0.18,8,Other,41.1,High Risk
0.55,71.81,24.34,96.76,1.53,8,Other,42.23,High Risk
9.62,98.96,97.56,46.82,,1,Male,59.48,Medium Risk
83.83,26.25,80.63,99.65,3.64,7,Female,76.0,Low Risk
62.67,92.14,39.23,87.47,3.97,8,Female,77.91,Low Risk
78.18,42.82,63.79,85.62,2.52,6,Female,66.27,Medium Risk
28.67,5.82,40.37,4.86,2.43,7,Male,30.3,High Risk
54.7,83.98,58.12,48.34,,1,Other,62.07,Medium Risk
97.36,87.14,21.47,24.12,1.38,2,Female,57.23,Medium Risk
36.1,75.95,26.4,83.47,0.3,5,Female,42.57,High Risk
80.47,84.29,33.63,51.86,3.24,5,Male,70.05,Low Risk
29.19,45.26,53.1,25.01,,1,Other,43.69,High Risk
92.68,85.65,31.67,83.39,2.3,6,Female,71.93,Low Risk
86.72,99.88,61.35,88.98,3.63,6,Female,86.89,Low Risk
85.93,98.38,35.56,69.81,,1,Male,72.59,Low Risk
73.64,91.71,83.12,28.87,3.47,8,Female,75.24,Low Risk
39.58,28.99,3.14,84.61,0.13,7,Other,29.67,High Risk
73.54,99.16,43.31,87.25,2.66,2,Female,74.43,Low Risk
66.84,47.11,56.52,76.5,2.54,2,Male,61.96,Medium Risk
51.65,9.52,72.78,97.67,,1,Other,56.01,Medium Risk
30.21,39.41,41.66,0.17,0.45,4,Male,24.52,High Risk
84.97,29.3,95.34,39.51,3.2,6,Other,67.33,Medium Risk
72.66,93.61,60.11,19.61,2.72,7,Male,65.84,Medium Risk
94.47,95.95,72.61,16.89,3.88,8,Female,80.48,Low Risk
92.53,47.34,16.03,77.29,0.97,4,Other,52.66,Medium Risk
38.28,98.0,88.35,30.13,3.08,5,Other,66.19,Medium Risk
25.77,16.99,95.32,19.54,3.84,3,Female,51.07,Medium Risk
92.87,78.12,12.14,43.84,3.72,7,Male,70.49,Low Risk
24.22,66.21,97.18,93.07,3.55,5,Male,70.02,Low Risk
66.0,30.25,94.75,36.63,2.95,4,Female,60.69,Medium Risk
88.09,64.24,72.02,65.21,2.89,7,Male,73.52,Low Risk
24.02,64.48,28.93,25.78,2.34,6,Female,41.73,High Risk
88.3,39.06,48.24,96.01,3.19,3,Male,71.46,Low Risk
81.23,78.81,81.49,58.17,,1,Male,72.64,Low Risk
29.44,8.88,82.77,94.31,3.43,3,Female,57.14,Medium Risk
36.64,32.75,37.95,68.57,1.19,3,Female,39.13,High Risk
9.46,54.79,59.25,30.77,0.19,8,Other,28.01,High Risk
82.64,49.36,93.67,37.78,1.05,5,Male,56.81,Medium Risk
50.58,73.66,45.97,21.55,2.98,6,Other,56.13,Medium Risk
74.61,88.57,21.59,53.13,3.12,5,Other,67.07,Medium Risk
53.44,95.74,78.37,77.62,3.78,3,Female,79.53,Low Risk
74.97,93.15,35.6,84.57,,1,Other,71.02,Low Risk
44.03,46.98,74.87,96.28,,1,Female,61.7,Medium Risk
91.34,51.79,33.64,15.7,0.05,2,Male,40.91,High Risk
63.06,87.99,62.26,77.93,2.79,3,Male,71.83,Low Risk
28.12,65.94,72.7,76.86,0.43,6,Other,45.34,High Risk
24.37,84.36,63.76,64.91,,1,Male,57.89,Medium Risk
13.39,6.96,49.32,8.08,2.89,6,Male,31.41,High Risk
82.43,25.84,41.94,55.38,,1,Other,56.0,Medium Risk
80.04,49.16,24.15,34.86,2.92,8,Male,56.94,Medium Risk
18.23,12.73,72.9,77.74,2.69,5,Other,46.51,High Risk
59.11,44.21,79.47,90.82,4.0,8,Female,74.16,Low Risk
70.32,13.21,2.66,48.85,2.29,4,Male,42.26,High Risk
52.19,27.96,3.2,61.44,1.49,6,Female,37.65,High Risk
57.94,79.25,26.29,12.2,2.81,6,Other,53.67,Medium Risk
73.99,5.52,80.98,79.61,,1,Male,59.31,Medium Risk
6.16,43.09,39.03,42.78,1.12,8,Female,29.43,High Risk
60.74,17.64,71.25,28.1,,1,Female,49.24,High Risk
9.35,28.01,84.28,65.58,3.87,2,Female,54.61,Medium Risk
94.75,97.56,22.66,49.51,3.56,3,Other,76.28,Low Risk
96.13,67.51,96.56,13.98,2.73,7,Female,71.18,Low Risk
92.82,3.13,76.92,91.97,1.58,2,Male,59.04,Medium Risk
91.92,15.71,20.41,75.49,2.52,8,Male,56.26,Medium Risk
60.12,62.39,4.72,37.84,2.45,5,Male,49.2,High Risk
17.33,58.4,42.06,1.52,0.28,5,Female,24.3,High Risk
54.3,90.9,80.28,4.1,,1,Other,60.04,Medium Risk
15.05,4.74,13.82,91.88,0.04,7,Other,20.82,High Risk
83.35,80.79,51.06,37.11,3.78,8,Male,73.85,Low Risk
59.52,73.08,69.85,89.69,2.69,6,Male,70.24,Low Risk
32.69,94.73,86.06,35.95,,1,Male,61.05,Medium Risk
93.69,60.65,71.04,71.36,3.97,3,Other,81.72,Low Risk
98.9,82.88,53.95,99.05,3.32,6,Male,85.0,Low Risk
68.3,95.05,82.92,27.72,0.21,2,Male,53.99,Medium Risk
56.38,25.74,62.01,46.7,1.48,5,Male,44.8,High Risk
25.45,78.33,42.22,77.55,,1,Other,55.62,Medium Risk
92.04,71.07,9.47,67.05,3.6,6,Male,71.2,Low Risk
81.08,7.57,63.23,12.04,2.62,4,Male,49.45,High Risk
88.92,77.55,92.38,96.12,3.7,4,Other,89.14,Low Risk
76.14,90.33,72.07,96.32,3.13,8,Female,81.92,Low Risk
54.11,84.32,49.31,60.84,3.71,8,Other,70.1,Low Risk
58.7,97.92,57.6,93.0,3.97,4,Other,81.66,Low Risk
94.65,38.36,64.84,97.61,2.2,2,Male,69.45,Medium Risk
76.78,31.09,38.16,62.96,,1,Female,56.21,Medium Risk
45.8,94.99,48.52,96.18,3.39,5,Male,73.34,Low Risk
6.33,36.11,52.76,76.26,1.34,5,Male,36.53,High Risk
76.55,9.49,85.2,72.4,1.36,3,Other,53.18,Medium Risk
47.28,95.01,34.27,17.72,2.71,6,Female,55.56,Medium Risk
78.95,87.12,39.19,84.12,,1,Female,71.28,Low Risk
15.68,58.41,36.16,53.44,0.01,3,Female,29.1,High Risk
88.2,64.63,23.3,54.41,3.02,8,Other,65.51,Medium Risk
59.01,66.31,99.34,27.73,3.9,7,Other,71.45,Low Risk
58.91,91.79,95.05,63.25,2.15,2,Female,70.27,Low Risk
83.59,7.51,73.98,98.84,3.39,4,Female,69.51,Medium Risk
93.6,11.67,92.64,60.15,3.07,7,Other,67.84,Medium Risk
67.62,26.35,47.89,33.54,0.94,4,Other,40.26,High Risk
70.06,82.06,58.72,50.65,3.88,3,Other,74.58,Low Risk
43.54,94.4,22.78,67.58,0.2,8,Male,44.57,High Risk
3.59,84.78,8.38,4.7,1.1,8,Female,26.69,High Risk
94.86,57.69,80.62,17.03,,1,Male,65.53,Medium Risk
44.79,18.57,73.58,5.8,,1,Male,42.44,High Risk
93.72,19.98,37.33,90.96,3.76,3,Male,70.17,Low Risk
34.01,35.13,34.01,48.77,3.16,3,Male,47.7,High Risk
50.57,74.29,89.23,24.67,3.69,8,Female,67.65,Medium Risk
64.03,78.78,89.69,68.01,0.27,2,Other,57.11,Medium Risk
30.55,25.09,36.5,14.99,3.49,4,Male,42.19,High Risk
82.98,21.24,78.25,86.13,3.51,7,Female,71.59,Low Risk
26.03,16.24,15.45,72.93,,1,Other,38.64,High Risk
47.52,63.83,51.49,85.1,1.73,7,Other,55.95,Medium Risk
89.47,18.6,32.33,58.76,2.87,4,Other,57.69,Medium Risk
99.41,3.86,20.8,51.89,3.24,5,Female,56.78,Medium Risk
6.38,38.5,31.71,70.03,,1,Male,40.18,High Risk
7.51,42.07,66.87,83.82,2.26,4,Female,47.02,High Risk
88.1,26.2,69.45,89.93,3.75,4,Female,74.61,Low Risk
99.76,70.09,59.52,39.24,,1,Female,69.4,Medium Risk
98.91,94.69,10.6,39.6,,1,Female,66.82,Medium Risk
80.51,97.04,71.47,55.4,,1,Female,74.19,Low Risk
53.08,60.6,86.77,60.31,1.65,4,Male,57.76,Medium Risk
38.6,2.37,81.83,20.61,1.36,3,Other,33.99,High Risk
51.28,76.3,26.26,70.22,,1,Female,58.18,Medium Risk
60.64,65.85,82.96,2.45,0.88,2,Female,46.64,High Risk
55.35,39.62,67.76,72.58,2.27,5,Female,57.0,Medium Risk
83.28,83.83,25.94,77.26,3.95,2,Male,77.75,Low Risk
50.58,91.27,64.38,88.36,0.94,5,Other,59.68,Medium Risk
92.78,60.1,35.73,44.29,2.63,3,Other,63.66,Medium Risk
94.31,26.35,78.63,68.91,3.51,7,Male,72.92,Low Risk
9.83,4.3,72.14,76.1,3.37,2,Other,46.62,High Risk
80.4,10.14,30.87,56.53,0.17,6,Male,36.3,High Risk
58.02,77.44,63.09,88.22,2.55,5,Other,68.63,Medium Risk
29.47,50.49,22.3,37.89,,1,Other,42.12,High Risk
9.75,91.33,63.73,49.33,1.94,7,Other,49.79,High Risk
82.7,63.95,73.51,71.17,,1,Male,70.79,Low Risk
35.45,51.76,4.34,64.86,2.25,4,Female,43.66,High Risk
76.66,1.76,56.39,17.34,,1,Female,46.2,High Risk
58.04,8.13,43.46,18.27,3.53,7,Male,47.46,High Risk
64.82,77.72,97.05,94.84,1.09,8,Male,67.34,Medium Risk
58.44,12.3,26.55,35.32,3.94,3,Other,50.98,Medium Risk
56.84,51.15,20.56,25.81,1.43,6,Other,40.33,High Risk
61.03,62.35,13.51,69.35,2.7,3,Female,57.03,Medium Risk
75.51,56.1,75.82,95.47,2.97,2,Male,74.35,Low Risk
78.03,74.38,85.16,73.94,3.79,8,Female,81.94,Low Risk
75.92,71.5,82.45,98.7,2.61,5,Female,76.77,Low Risk
69.1,70.67,52.81,87.6,0.91,7,Other,58.16,Medium Risk
4.64,90.95,49.62,45.51,2.06,2,Female,46.49,High Risk
85.61,93.25,60.0,11.43,3.44,6,Other,72.27,Low Risk
23.79,44.25,63.53,43.34,0.98,5,Male,36.95,High Risk
39.25,90.2,87.67,32.36,2.71,2,Male,62.79,Medium Risk
81.66,86.02,90.11,88.7,3.5,7,Male,86.32,Low Risk
47.16,48.6,43.61,32.46,2.09,3,Other,45.98,High Risk
78.27,8.27,48.67,49.07,3.75,4,Female,59.32,Medium Risk
93.99,29.84,37.68,99.33,0.7,3,Female,54.39,Medium Risk
99.14,81.77,85.17,1.16,3.3,7,Other,74.71,Low Risk
4.52,48.15,95.93,65.25,1.98,4,Male,47.31,High Risk
69.43,80.51,57.32,94.66,3.05,5,Other,75.32,Low Risk
54.93,54.96,60.26,5.55,0.67,5,Male,38.78,High Risk
10.65,13.81,41.73,5.52,3.79,3,Other,36.2,High Risk
48.76,49.54,77.34,3.62,1.71,8,Other,44.93,High Risk
57.2,84.22,75.57,79.97,,1,Female,70.1,Low Risk
63.95,40.77,92.28,98.38,3.7,8,Other,75.87,Low Risk
17.65,55.67,25.58,97.62,0.13,6,Female,34.84,High Risk
85.13,78.69,56.21,68.77,3.39,4,Other,76.95,Low Risk
29.99,11.48,55.62,34.55,3.21,6,Other,43.38,High Risk
22.93,78.64,57.3,30.87,0.14,5,Other,35.56,High Risk
44.88,90.78,88.59,86.12,2.98,5,Other,74.21,Low Risk
95.19,77.32,52.92,65.95,,1,Male,72.72,Low Risk
70.5,25.09,86.22,38.39,0.8,2,Male,46.33,High Risk
2.41,50.15,73.24,18.82,1.78,5,Female,35.57,High Risk
98.46,25.81,46.35,36.13,1.56,3,Other,51.9,Medium Risk
48.94,55.47,2.03,84.22,3.89,6,Female,60.58,Medium Risk
30.52,75.42,84.6,34.77,0.24,5,Male,42.12,High Risk
11.53,97.79,27.98,30.7,0.51,3,Male,34.43,High Risk
12.07,89.61,10.04,26.45,3.39,5,Other,47.6,High Risk
23.59,19.31,37.09,88.86,1.55,5,Male,38.34,High Risk
75.44,94.66,87.54,85.67,1.32,5,Male,72.02,Low Risk
64.09,67.6,33.15,64.64,0.75,6,Other,48.9,High Risk
51.36,98.75,98.17,57.34,3.09,7,Other,75.23,Low Risk
53.32,72.28,9.41,98.44,1.35,7,Male,52.4,Medium Risk
62.75,3.18,51.1,8.58,2.3,7,Other,39.65,High Risk
83.64,40.91,42.3,49.67,2.27,2,Other,57.07,Medium Risk
94.78,44.59,90.53,78.82,3.6,6,Female,80.52,Low Risk
86.41,72.33,51.98,36.82,0.2,6,Female,50.64,Medium Risk
73.52,53.98,90.06,96.51,3.47,6,Female,78.85,Low Risk
39.9,34.14,3.89,8.17,0.22,3,Other,19.99,High Risk
23.29,29.21,49.02,58.64,1.97,8,Male,40.13,High Risk
5.85,83.77,67.79,36.0,1.03,3,Other,40.22,High Risk
2.59,0.03,35.04,36.62,3.54,6,Other,33.53,High Risk
76.98,98.64,98.64,75.11,2.67,5,Female,81.72,Low Risk
78.64,14.84,17.94,75.21,0.6,8,Female,40.35,High Risk
98.6,77.09,86.08,40.7,2.34,7,Female,73.71,Low Risk
31.42,14.13,26.69,85.97,,1,Female,43.2,High Risk
32.5,95.8,97.28,94.3,3.17,7,Other,75.83,Low Risk
96.49,92.93,97.77,34.99,2.6,5,Male,78.87,Low Risk
69.46,94.57,32.95,99.39,2.83,5,Other,73.82,Low Risk
56.31,94.83,70.55,29.88,2.84,5,Male,65.86,Medium Risk
53.14,65.66,4.04,95.07,3.83,6,Female,65.22,Medium Risk
68.03,48.53,65.93,67.41,2.84,2,Female,64.46,Medium Risk
41.73,57.18,15.36,73.98,0.3,8,Female,37.14,High Risk
94.09,38.23,94.06,88.02,1.88,8,Male,70.23,Low Risk
84.54,71.07,92.4,60.5,2.83,6,Male,75.97,Low Risk
83.97,48.5,92.98,90.05,0.74,5,Female,62.77,Medium Risk
62.34,89.11,98.72,77.5,2.51,2,Other,75.53,Low Risk
11.63,0.26,49.69,94.92,2.29,6,Female,38.96,High Risk
45.05,66.56,13.05,42.24,1.24,4,Male,40.62,High Risk
82.45,42.09,41.48,32.72,3.88,3,Male,64.41,Medium Risk
15.16,96.04,96.48,68.5,3.71,2,Other,70.93,Low Risk
5.34,59.11,68.07,39.36,1.27,2,Male,37.21,High Risk
81.91,64.46,7.73,14.22,3.6,6,Female,59.16,Medium Risk
31.29,26.52,68.11,17.89,2.58,4,Male,42.15,High Risk
62.09,41.37,47.02,29.03,1.76,5,Female,46.2,High Risk
76.69,62.85,15.26,7.3,2.46,7,Other,50.5,Medium Risk
33.03,69.4,64.74,13.51,1.76,2,Male,44.88,High Risk
93.31,41.36,78.39,41.63,3.75,3,Male,73.04,Low Risk
7.05,68.33,0.16,67.57,1.0,4,Male,31.84,High Risk
9.52,45.32,33.97,18.04,2.86,2,Male,37.12,High Risk
92.31,63.5,1.58,91.35,3.43,8,Female,71.15,Low Risk
93.09,25.6,83.36,37.95,4.0,7,Other,71.59,Low Risk
38.34,65.59,58.41,7.4,3.83,6,Male,56.51,Medium Risk
73.14,37.58,80.36,84.56,3.33,6,Other,71.35,Low Risk
96.67,94.14,70.72,72.3,1.06,7,Female,71.07,Low Risk
87.85,44.87,66.85,37.65,1.28,5,Female,54.61,Medium Risk
98.82,32.69,8.84,24.87,0.23,2,Male,37.74,High Risk
87.3,67.91,9.04,59.23,0.89,7,Female,51.21,Medium Risk
25.88,84.58,3.55,55.95,2.89,6,Female,50.37,Medium Risk
98.87,84.99,49.4,87.01,2.83,7,Female,79.86,Low Risk
83.26,55.75,66.7,96.7,,1,Other,72.1,Low Risk
87.7,96.11,61.21,48.68,,1,Other,73.26,Low Risk
84.97,80.1,16.3,67.34,,1,Female,65.43,Medium Risk
84.91,93.52,80.12,64.93,,1,Other,77.31,Low Risk
50.07,14.39,1.39,22.97,0.53,3,Other,22.36,High Risk
6.88,83.44,52.34,90.72,3.51,4,Female,61.8,Medium Risk
77.86,91.65,60.02,85.4,3.2,6,Male,79.61,Low Risk
11.74,20.73,2.46,9.31,1.07,5,Female,15.53,High Risk
79.23,75.31,89.25,80.58,0.99,5,Female,66.53,Medium Risk
40.02,95.08,52.46,2.26,1.04,8,Other,43.73,High Risk
47.26,97.14,55.3,27.09,1.96,5,Other,55.85,Medium Risk
26.48,61.05,20.54,88.84,3.72,5,Female,58.49,Medium Risk
96.17,99.07,45.81,40.14,,1,Female,72.37,Low Risk
1.01,71.52,25.66,50.95,0.45,5,Male,28.86,High Risk
75.8,93.95,66.09,43.17,2.99,4,Male,72.82,Low Risk
94.9,65.4,17.09,81.75,3.29,7,Male,72.19,Low Risk
22.55,42.17,55.86,12.03,3.27,6,Other,44.69,High Risk
80.21,85.81,99.52,85.96,1.18,6,Female,72.41,Low Risk
89.4,96.85,97.4,79.88,1.16,7,Female,75.56,Low Risk
66.54,95.99,75.63,34.97,3.68,4,Male,75.42,Low Risk
91.86,88.51,57.4,67.43,3.63,2,Female,82.08,Low Risk
71.23,84.86,34.64,50.89,3.9,5,Other,71.98,Low Risk
49.36,2.9,25.3,37.4,,1,Male,37.95,High Risk
10.0,65.5,99.56,1.58,2.23,4,Male,44.71,High Risk
25.93,60.52,41.0,31.65,3.66,6,Other,52.36,Medium Risk
32.32,59.11,62.18,68.68,3.62,2,Male,62.16,Medium Risk
13.38,69.39,84.77,23.75,0.6,2,Female,37.25,High Risk
47.74,60.03,13.57,40.88,0.71,4,Female,36.55,High Risk
92.17,84.7,99.11,96.45,1.26,8,Male,77.19,Low Risk
66.68,92.11,25.68,85.7,1.45,6,Other,60.86,Medium Risk
60.03,8.48,38.27,26.12,,1,Female,41.99,High Risk
67.79,79.06,84.99,98.13,2.69,5,Male,77.04,Low Risk
95.84,72.23,69.41,88.2,3.5,2,Male,83.92,Low Risk
59.88,99.07,88.8,93.88,2.92,3,Other,80.44,Low Risk
48.77,90.02,48.63,93.03,3.21,4,Other,71.51,Low Risk
59.41,96.16,70.36,68.05,3.89,3,Male,79.16,Low Risk
11.8,99.89,25.99,89.6,2.44,8,Male,55.52,Medium Risk
29.11,88.16,72.94,79.87,2.66,3,Other,64.46,Medium Risk
49.96,52.15,16.18,72.25,0.36,7,Male,38.43,High Risk
26.33,41.86,36.66,52.14,1.85,8,Other,39.84,High Risk
72.87,60.2,92.88,48.1,3.65,8,Female,74.22,Low Risk
6.08,65.54,50.5,45.3,2.88,5,Female,47.0,High Risk
26.81,60.63,93.88,34.46,2.23,2,Female,52.02,Medium Risk
11.83,54.78,69.6,3.22,1.79,7,Other,36.02,High Risk
15.43,94.11,16.74,62.66,1.3,2,Female,42.71,High Risk
93.29,20.39,52.85,83.28,1.21,6,Other,55.38,Medium Risk
75.44,85.22,83.24,73.03,3.21,8,Other,79.41,Low Risk
95.97,63.38,89.43,44.8,3.15,6,Other,76.49,Low Risk
16.29,51.92,53.32,17.79,2.45,4,Female,40.44,High Risk
11.65,61.63,60.7,97.25,1.5,6,Male,48.31,High Risk
65.62,3.42,77.02,79.92,,1,Male,56.26,Medium Risk
28.89,90.06,56.07,36.05,0.18,3,Female,40.18,High Risk
5.88,89.24,81.81,45.63,1.12,5,Female,45.43,High Risk
81.88,59.33,53.49,85.04,3.75,7,Other,76.55,Low Risk
2.82,67.59,34.37,94.93,,1,Female,49.24,High Risk
14.25,66.33,51.59,52.32,3.7,4,Male,55.54,Medium Risk
12.84,97.62,20.16,13.67,2.5,5,Male,43.43,High Risk
23.97,5.32,8.0,91.09,2.98,6,Female,40.55,High Risk
82.85,26.4,49.22,56.02,2.97,6,Female,60.34,Medium Risk
83.26,91.7,34.59,84.25,3.83,6,Other,80.92,Low Risk
27.37,15.75,30.65,3.49,1.12,4,Other,22.11,High Risk
79.6,80.45,64.44,27.89,3.86,6,Male,73.96,Low Risk
79.21,19.69,24.22,84.16,,1,Male,55.62,Medium Risk
79.03,14.66,80.44,18.57,3.87,5,Male,61.73,Medium Risk
86.48,91.91,98.46,68.64,3.72,2,Male,88.32,Low Risk
80.44,53.27,63.29,28.82,2.94,4,Female,62.96,Medium Risk
90.31,31.52,83.61,44.56,3.68,6,Male,71.11,Low Risk
54.97,32.91,54.84,22.18,0.1,2,Male,32.5,High Risk
51.09,77.34,70.98,91.2,3.88,6,Female,76.82,Low Risk
89.15,58.98,72.66,35.94,3.94,3,Male,75.0,Low Risk
41.4,31.76,7.81,2.98,1.39,3,Male,27.01,High Risk
76.0,12.83,78.08,93.85,,1,Female,62.98,Medium Risk
96.45,93.41,19.46,73.12,1.4,8,Female,65.43,Medium Risk
56.89,51.45,42.33,40.07,3.27,3,Other,57.31,Medium Risk
93.25,97.09,45.64,61.19,2.23,2,Other,72.69,Low Risk
58.71,39.41,55.64,53.28,3.7,7,Other,62.02,Medium Risk
84.89,54.39,44.15,18.94,0.61,8,Other,45.38,High Risk
74.79,60.32,39.46,98.8,3.52,7,Other,73.5,Low Risk
47.57,19.18,63.98,8.03,2.34,6,Other,41.16,High Risk
41.38,77.34,85.06,73.33,2.23,6,Male,63.51,Medium Risk
0.69,85.49,70.38,35.54,2.38,3,Male,48.03,High Risk
91.58,92.03,60.84,55.92,2.13,6,Male,72.13,Low Risk
11.04,79.23,94.19,9.09,0.61,5,Other,37.91,High Risk
85.22,74.92,44.54,76.23,3.44,3,Other,75.9,Low Risk
34.22,35.63,24.67,96.19,3.44,8,Female,55.31,Medium Risk
96.89,71.0,89.21,89.62,0.88,5,Female,70.75,Low Risk
71.57,19.92,94.74,99.78,3.28,4,Other,71.55,Low Risk
68.74,98.99,42.34,91.38,3.11,5,Female,76.48,Low Risk
96.31,74.02,11.8,89.0,3.35,8,Male,74.94,Low Risk
4.19,43.95,21.38,91.67,3.91,7,Female,51.23,Medium Risk
90.6,87.06,80.96,30.94,3.06,2,Female,75.97,Low Risk
19.38,34.48,59.04,50.66,0.59,4,Female,31.88,High Risk
95.69,73.66,32.99,82.72,2.67,7,Female,72.7,Low Risk
55.5,33.41,27.2,46.0,0.73,6,Male,36.1,High Risk
93.57,86.36,42.53,42.87,3.81,7,Other,77.29,Low Risk
33.83,81.57,38.33,77.25,3.21,8,Male,62.17,Medium Risk
57.37,21.73,99.88,17.47,1.34,2,Other,44.67,High Risk
16.95,58.83,83.43,93.24,3.3,4,Female,63.13,Medium Risk
90.57,79.23,60.81,88.07,2.22,5,Female,74.7,Low Risk
72.83,60.09,55.85,73.47,4.0,3,Other,74.62,Low Risk
7.18,80.28,89.31,1.1,0.71,6,Female,35.85,High Risk
21.46,82.33,63.57,29.41,1.0,8,Other,42.03,High Risk
46.9,89.68,47.56,6.03,3.29,5,Other,58.26,Medium Risk
92.94,74.75,20.1,98.85,2.52,5,Other,71.78,Low Risk
85.64,7.77,76.5,30.77,0.87,8,Other,44.49,High Risk
36.64,94.3,69.49,63.31,0.94,5,Other,53.81,Medium Risk
54.09,28.45,89.7,23.51,1.3,8,Other,44.32,High Risk
97.59,84.22,94.34,12.69,3.18,5,Other,77.17,Low Risk
88.59,57.69,4.66,70.43,2.03,2,Male,57.64,Medium Risk
78.14,24.93,82.08,17.71,1.44,6,Male,48.49,High Risk
11.45,39.5,46.67,13.65,1.64,8,Male,30.06,High Risk
75.8,96.18,8.5,83.61,3.73,5,Male,75.31,Low Risk
97.79,31.19,91.02,36.7,3.38,4,Male,70.97,Low Risk
84.56,91.81,94.27,77.95,1.89,4,Other,77.15,Low Risk
29.58,88.39,3.66,63.39,,1,Female,50.76,Medium Risk
16.07,17.18,90.1,48.46,1.49,4,Other,37.55,High Risk
29.38,68.48,72.62,84.46,1.28,7,Other,52.6,Medium Risk
18.1,51.68,66.08,22.37,2.07,3,Other,41.07,High Risk
69.37,13.58,60.82,77.69,3.46,7,Other,62.46,Medium Risk
87.41,50.33,46.17,61.95,0.86,2,Female,53.51,Medium Risk
55.27,23.98,39.38,65.56,,1,Male,49.98,High Risk
65.39,71.0,71.61,87.51,2.45,4,Other,69.73,Medium Risk
87.35,77.05,37.85,88.67,3.69,2,Male,79.29,Low Risk
89.82,30.08,59.7,28.75,2.6,7,Male,57.99,Medium Risk
72.94,35.47,16.34,22.65,,1,Female,46.8,High Risk
52.46,7.65,24.47,88.25,0.15,8,Other,32.49,High Risk
65.31,51.33,76.06,65.84,3.57,7,Female,70.19,Low Risk
56.86,20.33,60.43,78.14,0.55,4,Male,42.5,High Risk
42.94,47.38,6.93,14.82,3.74,5,Other,46.85,High Risk
17.22,7.46,91.73,90.28,2.73,6,Other,50.16,Medium Risk
17.2,49.08,72.19,93.73,,1,Other,54.63,Medium Risk
33.1,62.56,19.53,26.36,3.79,2,Other,51.36,Medium Risk
28.03,81.07,1.92,17.43,3.31,4,Female,46.81,High Risk
47.0,18.17,24.66,8.99,0.51,6,Other,23.62,High Risk
88.0,32.25,86.8,63.26,3.93,2,Other,75.52,Low Risk
94.08,76.96,32.13,78.24,3.68,3,Other,78.47,Low Risk
2.47,49.97,15.3,4.78,2.39,7,Female,28.56,High Risk
69.49,92.96,42.23,90.87,3.67,2,Male,78.87,Low Risk
54.13,66.9,95.72,96.09,3.41,5,Other,77.0,Low Risk
67.73,2.96,40.14,89.56,2.69,8,Female,53.79,Medium Risk
59.15,94.73,76.97,56.87,3.66,3,Other,76.68,Low Risk
11.97,11.71,8.77,65.79,1.67,2,Other,26.96,High Risk
89.92,68.01,88.5,30.02,3.91,5,Female,78.3,Low Risk
9.52,59.5,65.82,83.56,0.82,3,Other,41.81,High Risk
81.16,12.74,12.46,56.85,0.94,7,Female,39.11,High Risk
92.33,28.78,67.91,5.41,3.82,3,Female,63.71,Medium Risk
89.23,90.82,50.18,82.04,,1,Male,75.93,Low Risk
50.92,46.93,43.11,68.39,2.43,7,Female,54.03,Medium Risk
78.94,71.81,95.49,96.8,2.24,7,Male,76.94,Low Risk
97.18,92.34,82.77,85.3,1.58,2,Other,77.85,Low Risk
82.64,74.41,95.38,65.41,1.98,5,Other,72.04,Low Risk
90.76,80.27,26.6,27.41,1.02,2,Other,53.22,Medium Risk
84.78,99.48,87.29,88.99,1.26,2,Other,75.41,Low Risk
96.57,47.15,8.36,1.78,2.9,3,Male,53.22,Medium Risk
63.4,89.01,25.27,32.68,1.22,3,Male,49.97,High Risk
16.74,50.55,31.94,91.29,2.14,6,Female,46.15,High Risk
34.47,51.15,19.47,62.55,3.08,3,Male,50.4,Medium Risk
96.79,5.76,92.29,56.78,2.82,6,Female,65.34,Medium Risk
89.08,71.97,92.85,90.78,3.96,3,Female,88.96,Low Risk
1.63,96.4,81.58,72.36,,1,Female,58.4,Medium Risk
52.84,58.47,83.23,92.71,3.58,8,Male,73.67,Low Risk
29.94,4.74,2.48,43.0,3.53,8,Female,37.32,High Risk
32.58,51.0,29.17,97.97,0.88,2,Female,42.92,High Risk
4.73,76.23,98.72,4.49,2.99,5,Male,50.6,Medium Risk
26.72,90.28,84.87,42.45,3.64,4,Other,66.58,Medium Risk
75.74,51.13,77.2,88.44,2.85,7,Female,71.82,Low Risk
37.97,92.43,76.47,44.74,3.0,5,Female,64.91,Medium Risk
4.21,40.47,85.67,28.91,,1,Male,41.96,High Risk
49.39,61.84,25.75,97.38,,1,Other,58.81,Medium Risk
84.86,34.94,70.94,15.68,,1,Other,56.82,Medium Risk
29.63,34.59,79.07,87.83,1.29,7,Female,47.42,High Risk
97.52,67.03,53.31,65.34,2.96,2,Female,74.08,Low Risk
73.25,94.97,74.32,78.47,,1,Male,75.85,Low Risk
65.05,79.83,92.83,81.53,,1,Other,74.01,Low Risk
54.35,89.89,97.18,70.48,1.93,3,Female,68.78,Medium Risk
43.48,77.93,42.6,23.58,1.09,3,Female,43.2,High Risk
80.68,69.17,75.15,77.26,2.16,6,Male,70.37,Low Risk
61.46,1.04,60.77,73.48,3.07,5,Female,54.9,Medium Risk
76.21,69.82,27.86,70.89,3.79,3,Other,71.52,Low Risk
38.97,50.31,52.25,36.08,1.79,5,Female,44.24,High Risk
85.03,34.06,49.88,53.14,0.42,3,Female,46.15,High Risk
22.2,11.39,65.93,78.09,3.04,7,Male,48.43,High Risk
50.05,98.57,98.47,25.11,3.53,2,Female,72.83,Low Risk
85.29,78.6,86.83,76.58,3.67,7,Female,84.49,Low Risk
42.64,21.15,88.56,36.12,2.63,2,Male,50.03,Medium Risk
77.41,95.63,72.05,89.87,3.49,8,Male,84.58,Low Risk
80.95,93.04,63.11,62.36,1.56,3,Male,67.42,Medium Risk
39.97,68.54,2.32,40.01,3.5,6,Other,51.92,Medium Risk
21.43,70.94,64.41,39.73,,1,Female,50.79,Medium Risk
56.05,40.45,7.95,40.52,3.46,5,Other,51.0,Medium Risk
93.02,56.19,38.77,97.84,1.85,4,Female,66.55,Medium Risk
86.06,24.67,66.78,12.94,1.1,2,Other,45.28,High Risk
98.74,34.34,67.81,86.4,2.68,8,Female,71.43,Low Risk
5.45,61.63,4.24,88.41,2.84,6,Female,45.34,High Risk
62.55,65.23,17.59,66.92,2.95,6,Female,59.8,Medium Risk
91.95,83.99,87.91,62.95,2.54,8,Female,78.29,Low Risk
88.05,98.19,96.11,85.43,1.65,5,Female,79.19,Low Risk
49.63,93.74,70.84,90.01,3.03,6,Male,74.22,Low Risk
35.07,41.01,69.59,84.55,2.88,4,Male,58.09,Medium Risk
97.42,44.31,34.45,75.33,,1,Other,65.31,Medium Risk
94.51,3.06,13.29,58.88,2.81,6,Female,52.63,Medium Risk
97.51,74.31,80.3,97.77,1.52,2,Other,75.45,Low Risk
94.54,90.87,45.17,76.55,3.93,2,Other,84.63,Low Risk
42.59,65.19,86.75,45.39,,1,Female,59.13,Medium Risk
48.63,98.12,50.9,93.53,3.95,8,Female,78.13,Low Risk
66.05,52.8,33.43,14.9,2.34,5,Female,48.95,High Risk
79.85,0.17,48.78,26.46,,1,Other,46.91,High Risk
39.47,13.84,73.05,83.34,,1,Male,51.72,Medium Risk
38.07,47.61,71.38,8.93,3.4,8,Male,52.34,Medium Risk
35.42,48.34,22.28,68.61,3.12,6,Other,51.66,Medium Risk
93.67,18.79,10.73,49.76,2.08,8,Male,49.25,High Risk
32.25,90.2,80.61,6.8,1.34,2,Other,47.59,High Risk
72.03,92.1,87.02,70.11,,1,Other,75.62,Low Risk
19.9,26.87,59.6,65.61,0.81,3,Other,34.19,High Risk
38.46,32.43,71.7,71.67,3.8,4,Other,61.36,Medium Risk
73.18,59.04,86.71,58.93,2.21,8,Other,65.76,Medium Risk
62.68,35.33,67.95,77.04,,1,Female,60.11,Medium Risk
42.39,41.67,60.06,60.89,2.58,6,Male,53.2,Medium Risk
95.6,15.44,19.77,29.13,2.12,5,Male,47.57,High Risk
97.43,92.74,43.95,34.94,2.74,4,Female,71.86,Low Risk
29.33,30.59,26.13,46.08,2.61,3,Male,40.59,High Risk
92.19,31.92,72.62,46.11,2.64,4,Female,63.74,Medium Risk
3.21,39.33,87.07,68.88,2.13,7,Other,45.37,High Risk
70.96,61.05,49.0,12.67,2.81,6,Female,56.76,Medium Risk
97.28,76.83,20.2,94.5,3.79,4,Other,80.58,Low Risk
3.33,83.48,85.7,91.67,1.91,2,Other,56.07,Medium Risk
13.2,70.18,99.23,77.79,0.89,2,Female,49.45,High Risk
86.09,82.89,13.91,87.97,3.92,7,Female,77.88,Low Risk
40.4,40.6,57.33,2.78,3.83,2,Other,51.17,Medium Risk
85.31,11.32,97.42,71.48,,1,Male,64.55,Medium Risk
98.66,9.38,41.24,87.55,1.14,6,Female,52.98,Medium Risk
51.7,0.52,63.71,10.78,1.91,2,Female,36.14,High Risk
9.8,73.55,12.01,66.82,0.71,4,Male,33.42,High Risk
53.01,57.78,69.93,63.87,,1,Female,60.5,Medium Risk
35.92,12.59,36.32,22.34,2.12,7,Other,33.55,High Risk
61.09,53.77,4.89,44.83,3.63,3,Other,56.17,Medium Risk
75.11,19.01,6.16,44.88,,1,Other,45.86,High Risk
30.21,14.49,92.19,51.3,2.49,6,Male,47.54,High Risk
64.82,57.8,31.76,25.31,3.95,6,Female,61.01,Medium Risk
43.87,90.04,86.88,34.42,2.78,3,Other,64.55,Medium Risk
98.69,50.89,16.39,79.89,3.44,5,Other,70.79,Low Risk
38.59,19.7,26.19,62.7,1.55,5,Male,36.61,High Risk
5.1,88.4,82.67,54.67,0.09,8,Other,40.12,High Risk
62.38,77.86,35.6,91.94,3.36,7,Male,71.3,Low Risk
95.59,68.16,96.26,28.51,2.33,3,Other,70.81,Low Risk
94.38,40.2,22.47,84.67,1.6,3,Male,57.71,Medium Risk
87.96,95.93,79.95,33.64,2.61,2,Female,74.53,Low Risk
91.27,96.19,27.5,86.12,3.65,7,Male,81.91,Low Risk
81.4,59.74,30.13,72.58,3.96,2,Male,72.45,Low Risk
77.69,37.65,30.33,17.3,3.98,5,Male,58.97,Medium Risk
3.11,39.18,20.02,68.0,0.73,6,Male,26.38,High Risk
27.0,16.61,39.25,19.3,2.38,8,Male,33.73,High Risk
24.53,88.49,13.84,5.43,2.82,8,Female,44.35,High Risk
18.38,0.08,59.85,35.39,0.5,2,Other,22.02,High Risk
59.23,94.94,31.44,39.79,3.91,7,Other,68.92,Medium Risk
73.82,89.11,47.31,84.18,2.28,2,Other,70.25,Low Risk
87.27,93.62,24.02,91.13,,1,Female,73.44,Low Risk
69.19,1.68,27.1,77.74,3.64,7,Female,56.11,Medium Risk
60.81,51.51,90.55,88.13,3.53,4,Other,74.37,Low Risk
88.34,68.56,27.06,58.11,3.46,2,Male,70.2,Low Risk
92.67,25.79,69.29,98.73,0.6,5,Female,57.28,Medium Risk
87.37,73.43,43.23,35.8,3.26,5,Male,68.76,Medium Risk
88.23,93.19,63.07,3.84,3.1,7,Female,70.11,Low Risk
30.18,90.3,4.51,93.59,3.35,2,Other,61.26,Medium Risk
46.46,34.38,26.17,27.81,3.71,2,Other,49.78,High Risk
22.44,99.27,78.62,84.86,3.49,4,Other,71.8,Low Risk
16.49,57.81,75.44,37.0,3.47,5,Other,54.24,Medium Risk
55.56,61.18,98.59,65.4,3.6,6,Other,73.22,Low Risk
69.52,91.01,18.1,39.29,2.59,6,Male,60.38,Medium Risk
89.83,99.36,69.02,40.57,3.02,7,Male,77.64,Low Risk
93.02,73.07,34.93,96.8,1.72,4,Female,68.38,Medium Risk
68.94,44.91,38.86,20.41,3.56,4,Male,57.36,Medium Risk
48.54,86.29,93.64,99.76,2.94,6,Male,76.78,Low Risk
80.13,87.58,24.28,52.7,0.89,7,Other,54.66,Medium Risk
76.05,70.82,17.52,35.77,1.91,2,Other,53.11,Medium Risk
87.01,46.38,68.35,96.21,,1,Male,71.34,Low Risk
82.19,77.87,91.04,6.34,3.86,8,Female,74.85,Low Risk
70.09,98.51,31.65,58.53,3.18,8,Female,70.63,Low Risk
11.06,99.7,87.92,28.39,3.35,6,Other,61.09,Medium Risk
72.2,94.61,87.06,2.45,3.53,5,Male,72.46,Low Risk
63.2,71.69,47.72,28.82,2.2,4,Male,55.37,Medium Risk
5.72,42.54,96.7,5.36,,1,Other,40.87,High Risk
64.84,66.48,42.59,76.11,3.71,3,Other,70.5,Low Risk
66.7,60.57,81.01,44.95,1.11,2,Female,54.62,Medium Risk
24.98,52.75,37.53,96.99,0.69,5,Female,41.29,High Risk
9.03,40.62,40.35,64.84,2.2,5,Female,39.91,High Risk
73.78,13.71,3.02,17.54,3.75,5,Other,47.71,High Risk
60.72,42.5,37.0,41.76,0.47,6,Other,38.43,High Risk
39.59,30.49,51.87,54.49,2.64,3,Female,48.45,High Risk
9.51,65.91,61.26,51.85,2.0,4,Male,45.03,High Risk
27.13,64.85,5.3,34.04,2.76,5,Male,42.9,High Risk
95.65,31.52,8.29,52.0,0.91,4,Male,44.95,High Risk
63.38,98.74,85.8,97.51,3.8,3,Male,86.84,Low Risk
8.53,23.2,96.2,96.23,,1,Male,51.26,Medium Risk
97.88,74.47,11.81,47.53,2.36,8,Female,63.02,Medium Risk
2.27,9.0,72.24,46.19,0.65,3,Male,24.19,High Risk
4.35,87.15,45.65,7.7,,1,Female,42.15,High Risk
73.84,97.52,96.89,57.77,1.57,8,Female,70.98,Low Risk
32.99,14.45,10.34,58.76,0.68,2,Female,25.75,High Risk
86.55,90.87,63.03,65.89,2.64,3,Female,75.65,Low Risk
86.93,89.62,67.8,83.55,3.7,5,Other,85.48,Low Risk
1.55,1.01,37.34,62.04,,1,Other,31.12,High Risk
11.72,6.9,76.5,78.59,2.78,6,Male,44.95,High Risk
46.83,96.22,45.06,18.09,0.87,3,Female,45.86,High Risk
41.09,87.34,90.05,98.04,3.54,2,Male,78.08,Low Risk
52.49,77.57,97.75,44.44,1.37,2,Female,58.53,Medium Risk
17.12,67.71,2.48,16.02,3.61,6,Male,43.16,High Risk
65.55,66.29,1.98,32.65,0.79,3,Other,39.78,High Risk
61.19,84.77,82.05,91.39,3.5,6,Other,80.14,Low Risk
59.31,30.03,37.06,39.78,1.34,7,Male,40.73,High Risk
69.38,69.07,66.81,59.2,3.54,3,Other,72.19,Low Risk
25.73,17.22,17.02,45.92,0.68,2,Female,23.57,High Risk
86.43,72.41,96.54,50.12,3.8,4,Other,81.84,Low Risk
97.32,10.96,76.09,79.33,3.51,6,Other,71.77,Low Risk
78.54,72.12,98.59,31.78,3.41,4,Male,74.93,Low Risk
78.26,95.76,74.0,64.28,,1,Female,75.08,Low Risk
87.85,77.23,31.76,30.21,3.95,3,Other,71.39,Low Risk
99.47,99.9,21.57,95.85,1.23,3,Other,70.15,Low Risk
74.11,54.22,85.62,90.22,,1,Other,71.37,Low Risk
63.25,95.09,93.4,93.13,1.76,6,Male,73.81,Low Risk
24.38,86.71,24.7,41.55,1.47,8,Male,42.56,High Risk
11.21,51.83,9.99,16.43,0.53,2,Female,20.44,High Risk
28.51,87.79,5.44,31.41,2.15,2,Female,43.65,High Risk
94.11,14.19,25.94,69.11,2.84,4,Male,58.37,Medium Risk
78.47,13.67,39.35,89.29,0.01,3,Other,41.71,High Risk
18.78,42.38,26.41,61.66,1.94,8,Male,38.51,High Risk
69.88,73.21,75.15,19.08,1.4,6,Other,55.0,Medium Risk
63.95,0.85,66.01,17.02,,1,Other,44.24,High Risk
76.93,89.2,54.56,10.56,2.14,6,Male,60.22,Medium Risk
65.53,78.3,82.81,47.63,2.04,4,Female,64.36,Medium Risk
98.21,57.65,54.94,50.57,2.94,6,Other,70.28,Low Risk
32.25,15.54,87.43,28.32,2.25,7,Male,42.6,High Risk
97.31,45.47,14.71,81.81,1.05,2,Other,54.46,Medium Risk
65.08,11.59,88.51,48.93,0.57,7,Other,42.77,High Risk
98.67,8.84,97.45,20.4,2.49,6,Female,59.68,Medium Risk
50.23,90.5,80.52,87.95,3.5,3,Female,77.8,Low Risk
14.57,99.41,77.2,41.73,1.21,5,Other,48.93,High Risk
9.27,51.28,52.06,57.41,3.54,2,Other,51.12,Medium Risk
89.73,98.56,77.86,6.52,1.29,4,Female,62.86,Medium Risk
80.67,75.32,94.08,50.28,2.48,6,Female,72.39,Low Risk
45.21,93.16,19.9,17.97,2.99,7,Female,54.3,Medium Risk
81.41,91.68,51.31,12.21,3.91,6,Female,72.65,Low Risk
12.81,32.11,19.32,10.33,3.46,7,Female,35.7,High Risk
93.51,69.38,57.54,84.04,2.64,2,Other,74.99,Low Risk
71.09,28.69,65.17,62.71,0.91,5,Male,48.38,High Risk
65.17,61.41,5.44,9.53,1.41,3,Other,39.63,High Risk
27.84,13.81,73.55,44.54,3.77,5,Other,51.0,Medium Risk
86.61,42.94,49.21,8.35,3.35,4,Male,59.81,Medium Risk
51.26,33.7,66.2,63.06,3.76,4,Other,62.44,Medium Risk
66.17,37.37,9.45,74.68,,1,Other,52.26,Medium Risk
80.02,91.54,40.59,40.5,,1,Male,66.1,Medium Risk
36.62,15.84,68.67,24.82,,1,Male,41.97,High Risk
17.5,71.81,71.38,51.54,0.9,2,Female,42.8,High Risk
89.53,79.01,19.76,37.21,3.12,5,Female,66.23,Medium Risk
81.4,35.35,46.09,38.73,2.09,3,Male,53.21,Medium Risk
53.99,83.09,76.91,43.78,0.78,7,Male,53.09,Medium Risk
92.26,28.58,83.66,89.34,2.6,2,Female,70.98,Low Risk
64.22,50.02,98.76,95.92,3.4,8,Other,76.51,Low Risk
11.07,70.95,84.05,10.53,0.5,6,Female,34.27,High Risk
11.81,94.43,43.82,69.03,2.3,4,Female,53.14,Medium Risk
41.51,98.94,6.52,93.21,2.01,2,Female,57.69,Medium Risk
51.23,80.74,35.53,41.03,0.67,4,Female,44.63,High Risk
21.05,58.02,44.12,26.69,3.44,3,Other,48.99,High Risk
6.65,24.33,30.09,42.44,,1,Other,33.03,High Risk
38.63,36.16,39.15,8.98,0.31,4,Female,26.05,High Risk
57.47,50.38,1.06,89.77,,1,Other,53.69,Medium Risk
67.3,25.67,72.32,94.0,3.83,5,Male,70.84,Low Risk
16.25,96.24,44.69,35.23,0.12,6,Female,36.05,High Risk
78.42,66.8,66.48,66.22,2.1,7,Other,66.0,Medium Risk
26.35,35.52,34.89,71.68,1.87,5,Other,41.36,High Risk
50.8,47.21,34.82,63.94,2.08,4,Other,49.96,High Risk
89.08,89.34,51.89,31.59,,1,Other,68.29,Medium Risk
0.12,50.82,48.95,33.31,1.73,4,Other,33.35,High Risk
81.65,90.5,95.9,3.0,3.58,7,Male,75.72,Low Risk
43.2,28.4,11.88,51.2,0.66,4,Male,30.07,High Risk
76.87,77.31,28.53,88.59,3.57,8,Other,74.56,Low Risk
26.7,50.68,2.31,12.99,2.07,8,Female,32.04,High Risk
55.92,30.4,3.08,43.67,0.86,5,Female,32.45,High Risk
15.18,35.19,56.58,41.34,3.3,3,Female,46.15,High Risk
94.56,80.84,64.64,99.12,3.28,7,Male,84.87,Low Risk
41.4,78.68,90.9,59.36,1.2,7,Male,56.12,Medium Risk
82.74,59.35,59.14,33.86,,1,Other,62.13,Medium Risk
95.84,90.31,44.4,39.83,3.58,7,Other,77.03,Low Risk
77.18,37.83,83.51,21.31,0.02,7,Other,42.71,High Risk
65.32,67.29,43.48,22.86,2.89,5,Male,57.8,Medium Risk
92.92,71.04,59.6,65.7,2.61,7,Other,72.55,Low Risk
91.84,2.1,23.94,70.99,3.03,3,Other,56.56,Medium Risk
84.09,61.38,40.71,92.26,3.55,6,Female,75.43,Low Risk
70.48,39.31,21.92,46.4,,1,Female,51.36,Medium Risk
88.52,81.15,94.76,46.8,2.61,8,Other,75.91,Low Risk
96.23,49.38,91.73,35.49,,1,Female,68.64,Medium Risk
39.96,86.15,84.56,72.73,3.32,6,Other,71.56,Low Risk
23.67,85.87,24.3,36.09,2.86,6,Male,50.03,Medium Risk
34.14,21.61,48.5,71.67,1.15,6,Female,38.07,High Risk
24.98,74.29,94.91,45.91,,1,Female,57.85,Medium Risk
56.02,25.4,57.14,17.17,3.76,7,Male,53.73,Medium Risk
95.98,96.08,81.89,46.24,0.84,4,Other,67.68,Medium Risk
77.05,99.96,48.27,77.88,2.85,2,Other,75.99,Low Risk
95.63,87.52,82.52,85.97,1.53,2,Female,76.25,Low Risk
37.41,58.64,91.48,32.7,2.32,3,Female,54.21,Medium Risk
72.7,85.45,40.0,66.86,1.6,6,Male,61.29,Medium Risk
86.03,56.14,52.28,69.77,2.11,7,Other,64.23,Medium Risk
58.41,64.98,8.44,41.58,0.17,3,Female,36.16,High Risk
11.23,21.74,90.58,8.52,1.3,5,Male,30.15,High Risk
78.27,16.28,40.74,91.92,,1,Female,58.35,Medium Risk
81.98,42.56,4.81,93.12,,1,Other,59.32,Medium Risk
67.34,90.7,68.6,99.72,3.46,8,Female,81.85,Low Risk
92.87,67.16,73.91,47.24,,1,Other,70.45,Low Risk
68.87,83.39,49.63,20.62,2.34,2,Female,59.06,Medium Risk
58.58,63.37,94.2,48.39,3.45,6,Male,70.27,Low Risk
92.11,50.36,52.03,79.99,1.26,5,Other,60.78,Medium Risk
80.21,54.97,81.33,54.97,3.85,7,Female,75.55,Low Risk
77.72,86.88,29.29,46.58,0.04,6,Other,48.44,High Risk
64.84,78.28,61.46,49.55,2.47,4,Male,63.95,Medium Risk
97.57,21.87,51.58,93.62,3.91,7,Male,74.98,Low Risk
67.82,46.98,53.01,52.05,0.24,4,Male,43.61,High Risk
61.8,57.17,64.59,89.6,3.99,4,Male,74.95,Low Risk
42.76,20.05,87.36,20.16,2.83,3,Other,48.52,High Risk
9.42,19.07,63.87,62.85,,1,Male,40.8,High Risk
42.81,42.55,99.06,70.68,1.44,5,Female,53.67,Medium Risk
94.72,52.07,31.81,90.94,3.94,6,Male,77.13,Low Risk
34.7,63.82,34.5,39.61,0.16,8,Male,33.56,High Risk
56.19,32.88,32.23,0.71,2.38,6,Male,40.44,High Risk
66.98,45.17,85.07,2.38,3.34,4,Other,59.77,Medium Risk
16.23,5.59,63.62,98.34,3.58,3,Female,51.84,Medium Risk
70.69,71.3,98.1,50.45,3.8,4,Other,77.97,Low Risk
49.41,78.42,92.9,24.09,3.95,8,Male,70.27,Low Risk
59.82,53.88,91.57,87.42,2.91,8,Male,70.77,Low Risk
81.22,86.07,48.29,83.72,1.23,3,Other,65.01,Medium Risk
96.9,89.28,54.78,30.94,2.79,4,Male,72.38,Low Risk
55.04,67.64,7.72,95.45,1.26,6,Other,50.64,Medium Risk
93.54,57.64,98.98,59.79,,1,Male,74.35,Low Risk
81.23,70.96,46.84,89.25,,1,Female,70.54,Low Risk
99.54,21.97,94.47,84.57,3.11,5,Female,75.57,Low Risk
24.11,63.17,54.89,0.44,3.98,6,Other,51.84,Medium Risk
15.71,39.58,97.93,18.11,1.28,6,Male,37.25,High Risk
74.94,28.79,11.78,23.83,,1,Other,45.46,High Risk
92.62,2.6,83.62,7.67,0.78,8,Male,42.24,High Risk
96.43,42.67,61.71,80.28,0.0,8,Other,53.94,Medium Risk
61.21,87.4,31.87,83.95,3.7,4,Male,73.28,Low Risk
46.45,63.68,71.61,96.25,3.88,4,Female,73.78,Low Risk
49.95,94.1,94.64,33.54,3.53,4,Other,72.6,Low Risk
4.23,86.87,58.24,29.81,0.28,7,Female,33.39,High Risk
86.67,87.62,79.05,38.81,,1,Male,72.5,Low Risk
80.87,74.43,85.58,95.45,0.77,7,Female,67.07,Medium Risk
94.81,96.54,89.17,98.89,3.32,2,Male,91.97,Low Risk
61.66,89.83,69.93,53.25,2.58,7,Female,67.98,Medium Risk
90.98,66.75,52.33,91.31,3.08,6,Other,76.89,Low Risk
41.39,60.52,76.03,56.44,2.04,5,Female,55.07,Medium Risk
95.29,57.54,48.9,38.43,2.83,5,Male,66.12,Medium Risk
76.64,47.41,97.71,85.61,3.16,4,Female,75.89,Low Risk
76.38,75.84,42.84,79.63,3.51,7,Female,74.57,Low Risk
68.05,99.27,78.46,64.35,2.25,2,Male,72.35,Low Risk
54.34,82.11,96.27,59.91,3.27,6,Male,73.87,Low Risk
80.61,92.22,90.33,93.13,1.19,2,Male,73.55,Low Risk
41.44,52.53,31.77,10.43,,1,Female,42.82,High Risk
3.63,85.52,16.32,50.72,,1,Other,43.69,High Risk
56.09,18.08,84.71,82.8,1.4,7,Other,51.52,Medium Risk
91.33,85.71,57.68,38.54,,1,Male,70.03,Low Risk
56.33,23.26,49.6,33.54,3.12,5,Other,50.71,Medium Risk
19.5,2.69,55.34,69.99,2.59,5,Male,40.4,High Risk
79.91,34.52,51.46,11.63,3.72,5,Male,59.59,Medium Risk
96.78,90.12,75.95,8.99,2.81,5,Female,72.52,Low Risk
3.45,70.89,99.94,0.75,0.64,3,Other,34.14,High Risk
18.89,23.8,77.91,8.6,0.76,8,Other,27.21,High Risk
65.19,68.19,93.37,64.39,3.15,8,Other,73.29,Low Risk
48.55,72.28,52.4,76.09,3.31,5,Other,66.55,Medium Risk
82.73,43.58,70.78,55.11,3.69,4,Female,71.34,Low Risk
92.89,83.25,64.79,71.55,0.54,3,Female,63.7,Medium Risk
57.89,92.7,62.51,71.12,3.5,5,Male,74.93,Low Risk
99.77,86.95,88.28,95.13,1.75,3,Male,80.78,Low Risk
7.16,3.64,44.32,61.71,3.48,3,Male,40.17,High Risk
96.32,97.52,84.14,38.2,3.56,4,Female,84.19,Low Risk
58.49,90.17,29.02,86.5,3.83,3,Male,73.92,Low Risk
78.42,16.22,97.77,32.78,1.33,8,Other,50.74,Medium Risk
93.42,50.38,83.83,28.36,2.54,6,Male,66.13,Medium Risk
1.82,59.57,23.13,87.39,1.01,8,Other,35.26,High Risk
69.27,59.43,14.77,81.61,0.15,8,Other,44.6,High Risk
84.9,47.25,50.98,31.22,3.88,6,Other,67.25,Medium Risk
95.31,49.41,30.03,47.72,1.44,2,Female,54.37,Medium Risk
90.85,22.74,83.22,74.35,3.48,6,Male,72.65,Low Risk
99.93,62.58,49.71,91.76,3.32,3,Other,79.47,Low Risk
51.04,38.37,57.62,64.34,3.21,3,Female,58.79,Medium Risk
73.24,64.57,85.82,77.91,,1,Female,71.41,Low Risk
66.31,76.37,66.05,25.01,3.99,8,Female,70.45,Low Risk
56.12,38.54,27.07,52.19,,1,Other,49.25,High Risk
20.05,76.68,24.95,75.95,,1,Other,51.11,Medium Risk
90.76,94.9,65.28,84.88,3.23,7,Female,84.38,Low Risk
50.85,7.52,68.08,49.94,0.82,2,Other,37.04,High Risk
56.3,47.29,65.51,21.01,3.92,8,Female,61.01,Medium Risk
49.86,49.37,97.09,38.07,1.59,7,Other,52.55,Medium Risk
33.69,77.67,9.55,74.04,1.13,4,Other,43.56,High Risk
69.99,32.18,85.72,21.78,0.43,3,Female,42.75,High Risk
80.25,93.82,72.17,92.69,2.75,8,Male,80.74,Low Risk
75.47,88.7,49.93,89.53,3.8,5,Male,81.28,Low Risk
54.5,27.07,32.78,93.56,2.5,5,Other,53.62,Medium Risk
29.28,12.27,10.24,56.09,0.4,5,Male,22.22,High Risk
4.32,0.49,72.95,94.89,,1,Other,41.98,High Risk
34.43,73.37,96.94,89.04,3.88,4,Male,75.43,Low Risk
28.83,50.12,99.65,56.66,1.65,5,Male,50.99,Medium Risk
3.01,11.9,91.68,32.15,2.43,2,Male,36.89,High Risk
95.88,89.19,96.3,80.83,,1,Male,84.0,Low Risk
25.62,53.68,75.81,85.28,3.01,2,Female,60.12,Medium Risk
80.07,79.62,3.34,30.23,1.69,5,Female,51.54,Medium Risk
62.06,40.56,43.13,26.39,2.14,3,Female,47.43,High Risk
95.46,81.06,34.31,84.14,2.08,2,Male,70.84,Low Risk
35.15,78.44,17.18,21.67,0.15,6,Other,31.24,High Risk
16.07,2.17,94.71,100.0,3.05,7,Male,52.72,Medium Risk
4.03,44.96,89.25,74.96,3.97,8,Other,59.44,Medium Risk
48.11,78.22,74.8,81.51,1.79,2,Male,62.31,Medium Risk
86.03,32.04,36.08,5.53,,1,Male,49.78,High Risk
55.05,98.3,68.6,10.41,0.79,5,Other,50.21,Medium Risk
84.91,1.99,75.17,93.14,3.77,6,Female,70.43,Low Risk
50.53,58.26,39.51,78.69,3.65,3,Female,64.83,Medium Risk
75.18,31.38,27.28,13.09,1.76,6,Male,42.13,High Risk
74.01,33.22,82.65,7.37,,1,Other,54.27,Medium Risk
66.97,97.16,85.41,75.69,3.72,8,Male,83.59,Low Risk
84.32,70.97,91.11,63.94,3.75,3,Female,81.97,Low Risk
82.23,30.12,20.92,97.85,1.28,8,Other,52.4,Medium Risk
85.91,90.65,67.59,51.82,3.82,7,Male,81.39,Low Risk
65.05,57.69,75.13,72.6,0.44,7,Other,52.71,Medium Risk
0.06,78.62,16.62,92.49,0.18,8,Female,33.23,High Risk
88.88,80.04,88.16,65.05,1.29,3,Male,69.27,Medium Risk
39.01,99.86,19.26,15.4,1.69,5,Male,45.49,High Risk
64.04,54.61,12.4,39.27,1.25,2,Female,42.5,High Risk
81.02,71.97,94.74,42.7,2.83,4,Female,72.95,Low Risk
77.19,89.43,74.38,57.66,,1,Other,72.61,Low Risk
55.44,25.25,60.16,3.07,2.58,6,Female,44.52,High Risk
96.32,68.92,53.63,13.2,2.05,8,Male,60.7,Medium Risk
66.35,43.61,64.9,93.5,0.4,4,Male,51.57,Medium Risk
82.52,65.55,79.67,69.29,3.68,3,Female,79.08,Low Risk
74.29,23.71,82.97,54.58,3.04,3,Female,62.95,Medium Risk
92.86,79.79,23.38,29.78,1.53,4,Male,56.71,Medium Risk
32.94,70.85,5.98,35.97,1.19,4,Male,36.13,High Risk
14.57,99.77,61.8,43.94,1.48,8,Female,48.71,High Risk
12.32,72.18,55.67,23.41,2.49,6,Female,44.94,High Risk
99.18,84.8,88.71,85.49,3.73,3,Female,91.2,Low Risk
59.12,43.63,25.03,80.74,,1,Male,55.0,Medium Risk
15.81,84.28,8.49,96.65,2.35,4,Male,51.27,Medium Risk
21.52,85.96,37.82,85.17,0.97,5,Other,47.08,High Risk
37.73,1.24,50.97,50.72,1.75,2,Other,35.87,High Risk
55.36,97.15,52.8,63.04,3.49,3,Female,72.46,Low Risk
85.03,96.46,46.55,4.75,0.33,2,Other,50.31,Medium Risk
35.52,45.25,41.62,19.0,3.59,3,Male,49.46,High Risk
77.12,36.59,5.22,17.1,2.47,7,Female,45.38,High Risk
98.12,90.27,2.81,1.81,,1,Male,58.9,Medium Risk
91.69,71.28,46.3,96.1,,1,Male,74.16,Low Risk
49.12,39.73,61.22,12.46,0.65,8,Female,35.34,High Risk
58.1,84.38,7.89,85.09,1.37,8,Male,53.91,Medium Risk
61.04,77.66,81.05,71.17,0.41,5,Female,56.19,Medium Risk
22.19,99.83,99.9,60.3,3.84,6,Female,73.54,Low Risk
42.44,98.82,41.87,92.21,3.41,3,Female,71.8,Low Risk
95.6,13.07,88.39,70.48,2.77,4,Other,67.66,Medium Risk
43.51,49.8,98.74,23.52,0.08,8,Other,39.68,High Risk
98.09,44.83,73.34,72.94,3.09,3,Other,74.74,Low Risk
49.44,29.77,99.63,23.08,3.65,6,Male,59.53,Medium Risk
8.25,15.99,39.23,10.14,3.74,7,Other,36.04,High Risk
65.87,60.04,82.39,64.49,3.89,8,Female,74.82,Low Risk
80.47,5.97,40.49,81.93,2.47,2,Male,55.11,Medium Risk
99.83,17.2,95.67,86.55,3.94,3,Female,80.36,Low Risk
38.19,47.02,93.48,97.83,3.9,4,Other,72.02,Low Risk
89.2,50.2,95.66,82.82,3.02,5,Male,77.99,Low Risk
90.3,61.23,91.87,56.5,3.28,5,Female,77.58,Low Risk
98.38,72.22,77.81,76.87,2.34,6,Male,76.87,Low Risk
2.06,99.41,87.67,91.23,1.14,3,Male,54.36,Medium Risk
82.81,72.31,86.29,81.49,,1,Female,75.96,Low Risk
8.07,65.17,87.14,63.42,1.72,4,Other,48.39,High Risk
97.64,96.72,99.48,1.65,2.54,6,Female,74.8,Low Risk
60.87,58.1,40.91,60.18,3.74,6,Male,65.38,Medium Risk
47.18,32.16,8.59,24.46,0.04,8,Other,23.43,High Risk
85.73,56.12,94.41,9.39,3.46,7,Female,69.85,Medium Risk
73.56,96.45,84.83,62.15,2.33,8,Female,74.29,Low Risk
72.07,96.15,77.87,62.42,2.44,3,Male,73.54,Low Risk
84.92,16.05,84.79,1.22,1.77,6,Female,48.4,High Risk
73.1,18.38,16.58,4.5,3.49,6,Male,46.93,High Risk
31.29,97.69,69.06,92.71,3.61,2,Female,74.19,Low Risk
55.86,63.68,93.24,65.51,0.41,4,Male,53.08,Medium Risk
81.1,99.2,16.35,51.12,3.45,7,Female,71.8,Low Risk
89.17,32.09,2.02,60.4,1.75,2,Other,49.01,High Risk
58.3,58.52,65.73,72.02,2.57,4,Female,63.0,Medium Risk
53.48,45.29,48.22,76.92,2.05,8,Female,54.01,Medium Risk
85.32,46.43,75.79,91.66,,1,Other,71.36,Low Risk
46.26,81.48,72.97,40.86,2.38,4,Male,59.81,Medium Risk
12.3,15.6,87.89,42.5,1.1,4,Male,32.63,High Risk
95.32,77.86,79.17,97.73,2.4,5,Other,80.94,Low Risk
97.96,42.31,8.07,32.36,0.95,4,Other,44.95,High Risk
16.25,50.84,64.55,81.19,0.51,3,Male,39.28,High Risk
23.67,74.6,81.66,10.53,0.27,5,Male,36.35,High Risk
13.89,57.35,6.32,80.79,2.47,2,Other,43.45,High Risk
38.2,59.87,24.77,15.54,2.13,4,Other,40.88,High Risk
62.48,53.75,60.62,10.12,1.09,3,Other,43.79,High Risk
14.02,5.73,62.54,65.32,2.23,5,Other,37.77,High Risk
76.69,16.66,4.39,43.96,3.1,5,Female,49.13,High Risk
93.27,24.71,66.23,15.62,0.78,3,Male,45.41,High Risk
0.43,50.42,52.83,65.79,1.54,2,Male,37.61,High Risk
52.71,69.58,31.72,47.77,3.27,4,Female,59.45,Medium Risk
22.84,59.22,37.93,18.67,0.55,5,Female,29.48,High Risk
75.97,75.29,8.59,60.95,0.57,7,Female,48.04,High Risk
58.24,99.35,99.03,52.68,2.56,6,Male,73.19,Low Risk
42.59,45.33,0.56,77.93,3.99,6,Male,56.42,Medium Risk
93.24,63.06,3.8,7.73,3.14,2,Male,57.28,Medium Risk
99.56,99.92,79.97,48.05,2.66,5,Male,80.7,Low Risk
17.99,87.84,71.02,57.22,3.52,6,Male,63.3,Medium Risk
91.85,96.85,53.39,77.96,3.11,4,Other,81.47,Low Risk
74.01,67.42,67.35,61.08,2.07,7,Other,64.19,Medium Risk
64.89,77.84,41.53,27.35,,1,Female,57.75,Medium Risk
98.45,56.51,7.91,10.29,,1,Other,54.27,Medium Risk
53.61,51.42,85.76,46.28,1.54,6,Male,53.12,Medium Risk
88.4,56.56,85.29,67.01,1.15,7,Female,63.44,Medium Risk
50.8,42.54,70.13,92.08,2.4,8,Female,60.54,Medium Risk
94.25,31.92,25.59,99.94,2.87,2,Male,66.71,Medium Risk
4.93,30.23,90.56,41.11,3.46,6,Female,48.65,High Risk
72.15,86.95,55.93,92.63,3.55,5,Other,79.9,Low Risk
98.38,53.15,80.07,59.52,3.13,2,Female,75.73,Low Risk
97.29,67.55,50.77,62.99,3.99,6,Male,79.83,Low Risk
98.61,87.18,41.09,89.06,1.8,3,Male,72.86,Low Risk
1.76,61.91,86.46,6.6,1.59,2,Male,36.72,High Risk
86.8,31.89,74.96,13.68,2.74,4,Other,58.5,Medium Risk
17.48,2.91,40.66,64.92,2.3,5,Female,35.16,High Risk
76.84,74.22,66.79,41.53,1.61,7,Other,60.36,Medium Risk
91.82,82.34,97.22,74.43,3.66,3,Male,88.05,Low Risk
65.44,73.71,35.75,94.6,3.87,3,Other,74.84,Low Risk
30.27,2.64,51.29,8.36,1.1,2,Other,23.92,High Risk
74.8,71.62,83.34,78.85,2.38,7,Female,72.23,Low Risk
97.83,88.25,22.26,95.4,1.77,6,Male,70.82,Low Risk
70.67,57.53,9.31,84.44,,1,Female,58.86,Medium Risk
68.49,82.8,10.95,40.03,2.93,2,Male,59.64,Medium Risk
85.94,52.12,80.77,66.36,3.22,4,Male,74.1,Low Risk
34.11,57.05,89.16,65.24,,1,Female,58.72,Medium Risk
91.14,87.35,16.04,67.74,3.35,3,Other,73.76,Low Risk
54.29,32.05,28.35,57.38,,1,Male,48.47,High Risk
29.74,32.98,93.19,68.19,3.9,5,Female,62.61,Medium Risk
76.95,26.88,74.25,99.11,3.36,7,Other,71.62,Low Risk
23.71,32.34,86.04,25.05,3.86,8,Female,53.18,Medium Risk
48.06,25.98,24.15,26.51,1.47,6,Other,34.0,High Risk
4.64,52.48,61.5,19.82,3.58,7,Other,46.23,High Risk
58.38,52.0,27.37,28.17,2.95,8,Female,51.76,Medium Risk
49.46,12.39,23.85,74.71,0.52,6,Male,32.88,High Risk
77.36,83.82,94.2,6.34,3.2,7,Female,71.19,Low Risk
48.32,67.47,36.71,84.38,2.13,3,Male,57.05,Medium Risk
43.89,85.86,69.74,9.42,,1,Other,55.64,Medium Risk
85.5,81.13,93.61,70.95,1.92,5,Female,74.28,Low Risk
81.81,51.81,97.03,40.54,3.49,6,Male,73.26,Low Risk
95.29,61.01,25.51,62.55,1.28,5,Other,57.23,Medium Risk
95.22,39.16,83.8,54.47,2.26,7,Male,66.5,Medium Risk
57.41,68.43,6.08,15.31,,1,Male,46.87,High Risk
63.75,96.63,79.22,51.29,2.54,6,Other,70.72,Low Risk
29.05,41.31,90.29,28.9,0.61,7,Other,37.22,High Risk
43.08,3.67,52.78,81.14,2.64,8,Female,48.09,High Risk
99.53,62.3,77.88,96.63,2.84,6,Other,81.27,Low Risk
99.91,66.57,65.01,9.04,,1,Male,65.02,Medium Risk
6.29,85.19,57.4,41.44,3.25,2,Male,53.75,Medium Risk
17.0,81.82,58.42,26.34,3.72,8,Female,56.58,Medium Risk
87.37,24.61,48.9,2.97,0.04,7,Female,34.8,High Risk
17.65,5.18,75.59,35.0,,1,Other,37.66,High Risk
5.1,11.16,38.45,6.05,2.79,7,Male,27.62,High Risk
91.33,14.01,67.77,81.45,0.94,8,Male,53.89,Medium Risk
45.95,96.2,70.68,99.57,1.18,4,Female,63.64,Medium Risk
53.62,98.02,86.99,71.5,,1,Female,72.41,Low Risk
14.09,0.55,85.69,86.32,0.38,8,Male,31.81,High Risk
81.46,99.58,27.42,13.13,3.89,6,Female,70.68,Low Risk
21.99,80.43,43.75,70.62,0.33,4,Female,40.8,High Risk
42.76,28.18,62.51,48.61,2.92,4,Male,51.24,Medium Risk
77.55,63.53,24.42,80.53,0.86,8,Other,53.21,Medium Risk
23.02,3.74,55.49,37.09,3.32,5,Other,41.14,High Risk
56.41,67.67,6.61,0.11,0.85,2,Male,33.96,High Risk
52.26,76.39,79.92,49.22,2.4,4,Female,62.71,Medium Risk
37.78,53.04,59.35,2.18,2.06,7,Other,42.16,High Risk
32.96,7.85,34.5,71.15,0.49,2,Other,28.72,High Risk
22.47,36.09,94.93,66.12,3.16,2,Other,56.74,Medium Risk
54.12,99.84,52.32,97.74,3.63,3,Male,78.69,Low Risk
0.85,9.49,9.84,61.09,2.1,3,Male,25.88,High Risk
59.01,75.46,1.19,22.27,1.51,5,Other,42.8,High Risk
56.48,53.78,17.32,59.76,2.27,6,Male,50.63,Medium Risk
73.13,48.42,90.16,98.39,3.25,3,Other,76.56,Low Risk
92.5,95.19,1.21,76.3,3.88,5,Male,78.04,Low Risk
14.63,23.03,75.09,20.04,0.14,6,Male,23.41,High Risk
15.0,52.49,1.41,77.99,3.6,4,Female,48.66,High Risk
49.92,61.97,92.8,49.18,2.11,8,Female,59.36,Medium Risk
90.98,29.5,56.88,28.98,2.22,4,Other,55.4,Medium Risk
54.01,92.32,53.93,61.7,,1,Male,64.94,Medium Risk
79.94,96.19,24.89,70.96,3.03,6,Other,72.54,Low Risk
14.62,82.47,31.03,14.39,3.68,4,Female,49.96,High Risk
90.76,51.97,63.34,41.16,1.31,6,Female,56.95,Medium Risk
13.12,63.83,20.94,22.56,3.12,2,Male,42.07,High Risk
98.56,98.5,90.61,79.84,1.08,8,Female,76.66,Low Risk
67.84,76.72,94.84,55.15,3.62,7,Female,77.43,Low Risk
47.92,84.26,75.8,43.69,0.83,8,Male,51.94,Medium Risk
30.3,22.21,19.68,37.39,2.42,7,Other,35.7,High Risk
16.83,29.21,33.69,45.44,2.81,6,Other,39.48,High Risk
80.78,67.72,19.48,64.81,1.93,2,Male,58.45,Medium Risk
58.23,88.62,51.04,79.98,2.93,8,Female,70.25,Low Risk
85.02,15.08,71.45,46.97,3.41,6,Other,63.35,Medium Risk
30.72,33.28,63.31,18.96,3.68,7,Male,49.68,High Risk
26.25,99.36,19.02,10.11,2.55,8,Female,46.74,High Risk
48.7,0.36,85.98,30.59,1.09,2,Female,36.55,High Risk
59.94,87.46,19.64,31.03,3.11,6,Male,59.52,Medium Risk
67.53,84.11,99.1,16.18,3.2,5,Female,71.0,Low Risk
92.49,96.5,35.09,91.43,3.17,5,Female,81.21,Low Risk
68.29,12.83,20.96,45.09,2.29,7,Male,43.86,High Risk
71.86,48.89,45.38,99.89,3.99,4,Female,74.47,Low Risk
11.94,69.18,66.73,37.07,3.88,7,Other,56.64,Medium Risk
73.99,74.97,88.57,34.93,2.61,5,Female,68.33,Medium Risk
96.32,73.7,44.99,29.3,3.46,5,Other,71.59,Low Risk
71.26,88.02,68.1,68.58,2.0,3,Male,68.42,Medium Risk
25.33,16.03,85.19,58.42,2.94,5,Male,49.45,High Risk
89.63,76.67,87.05,2.2,3.65,4,Other,73.94,Low Risk
79.35,93.73,87.22,76.8,,1,Other,78.81,Low Risk
91.64,7.28,58.24,98.15,3.72,8,Male,71.07,Low Risk
97.56,65.32,55.02,5.54,3.99,3,Male,71.48,Low Risk
59.17,59.11,36.48,56.46,1.28,3,Other,48.56,High Risk
61.71,68.96,64.8,69.55,3.56,5,Other,71.62,Low Risk
54.07,19.33,67.96,7.71,0.88,4,Other,34.23,High Risk
85.54,89.82,38.99,31.94,4.0,2,Other,74.99,Low Risk
57.87,71.05,19.54,94.42,1.42,3,Female,54.65,Medium Risk
31.44,15.76,14.78,93.61,1.75,7,Female,38.21,High Risk
53.15,85.67,78.69,97.13,,1,Female,72.42,Low Risk
90.5,90.62,78.24,65.97,2.36,8,Other,77.13,Low Risk
81.96,55.54,94.71,74.95,3.08,2,Male,76.3,Low Risk
97.17,88.37,48.41,81.28,0.28,7,Other,63.17,Medium Risk
42.13,10.03,78.28,94.24,0.09,7,Female,38.98,High Risk
88.12,5.16,97.33,70.38,,1,Other,63.84,Medium Risk
91.39,29.18,94.69,36.73,3.49,2,Male,70.21,Low Risk
89.45,66.27,95.27,53.09,3.65,8,Female,80.68,Low Risk
69.37,87.17,46.19,98.15,2.99,2,Male,75.11,Low Risk
33.8,60.48,58.36,25.57,0.83,3,Male,38.32,High Risk
51.24,97.18,75.95,77.54,2.66,2,Male,71.89,Low Risk
95.2,15.27,69.19,50.58,2.13,3,Other,58.13,Medium Risk
19.95,18.51,89.03,89.17,2.0,6,Other,47.92,High Risk
90.26,78.76,18.52,56.22,0.41,3,Other,52.09,Medium Risk
76.51,67.13,64.08,81.68,,1,Female,70.04,Low Risk
6.94,99.35,63.64,25.32,1.8,2,Male,46.2,High Risk
35.55,27.49,98.0,25.23,2.9,6,Female,50.99,Medium Risk
36.47,97.04,99.01,46.29,3.66,7,Other,73.2,Low Risk
97.65,48.49,79.99,47.25,3.4,8,Male,74.45,Low Risk
18.45,54.06,38.53,93.14,3.74,8,Male,58.55,Medium Risk
33.69,23.85,75.52,84.93,1.28,6,Other,45.26,High Risk
65.34,35.93,43.91,18.03,3.03,3,Female,51.75,Medium Risk
8.83,74.96,2.13,22.3,0.21,7,Female,22.18,High Risk
75.6,58.37,8.48,1.73,3.13,7,Other,51.67,Medium Risk
60.37,35.42,18.79,13.43,2.98,2,Other,45.63,High Risk
39.72,44.5,6.31,96.88,1.24,7,Female,42.06,High Risk
50.42,10.57,16.77,40.11,3.66,4,Female,46.13,High Risk
74.63,20.0,26.3,30.68,3.38,7,Other,52.33,Medium Risk
55.01,76.88,29.36,79.04,1.06,3,Other,52.01,Medium Risk
55.29,9.7,84.58,61.68,2.17,8,Male,51.26,Medium Risk
37.9,42.74,33.69,15.09,2.86,7,Other,43.22,High Risk
21.57,29.64,94.54,50.7,,1,Other,48.73,High Risk
72.18,91.79,98.42,35.21,2.55,4,Other,72.39,Low Risk
79.49,43.71,76.25,97.33,,1,Other,70.28,Low Risk
72.44,64.38,23.73,4.71,,1,Female,50.88,Medium Risk
86.06,93.7,95.12,62.87,,1,Female,79.58,Low Risk
92.46,48.07,72.72,56.7,3.59,3,Male,74.58,Low Risk
75.33,91.15,98.07,20.17,3.68,5,Male,77.8,Low Risk
47.0,41.33,35.84,61.63,1.41,3,Other,43.45,High Risk
58.45,51.93,55.44,22.19,2.72,5,Other,53.64,Medium Risk
52.47,88.31,29.23,52.08,1.36,2,Female,51.48,Medium Risk
62.68,42.74,51.03,50.93,0.08,6,Other,40.01,High Risk
90.68,33.75,61.1,60.88,,1,Other,63.34,Medium Risk
61.38,79.19,76.8,48.88,2.93,3,Male,68.35,Medium Risk
98.11,54.88,92.0,76.03,,1,Female,76.33,Low Risk
96.06,70.32,68.88,69.05,1.87,3,Other,70.46,Low Risk
98.6,20.9,19.81,57.36,1.99,3,Male,52.84,Medium Risk
88.47,68.07,89.45,72.13,,1,Male,75.59,Low Risk
36.49,95.84,99.55,77.21,1.24,6,Male,62.55,Medium Risk
65.14,76.94,42.12,48.87,,1,Other,60.95,Medium Risk
42.62,79.55,48.89,50.07,3.96,4,Female,66.16,Medium Risk
41.16,76.27,38.67,13.18,3.45,2,Other,54.88,Medium Risk
82.53,57.67,88.97,58.98,3.18,8,Male,74.23,Low Risk
65.95,99.74,44.36,32.27,3.9,3,Female,72.31,Low Risk
95.01,89.45,93.14,80.11,3.14,6,Female,87.25,Low Risk
65.88,55.97,30.58,90.74,0.38,4,Male,48.24,High Risk
88.87,92.48,23.05,75.87,3.34,2,Male,76.43,Low Risk
96.73,91.83,48.29,56.39,2.19,7,Male,71.94,Low Risk
41.65,2.56,28.3,23.17,3.17,2,Other,38.46,High Risk
71.04,77.04,82.48,75.19,3.61,7,Female,79.38,Low Risk
91.73,63.08,17.75,33.89,,1,Female,58.92,Medium Risk
69.48,86.07,13.21,61.44,,1,Male,61.41,Medium Risk
27.32,5.05,59.46,29.48,2.65,2,Female,37.74,High Risk
80.41,71.54,73.9,13.11,0.5,4,Male,50.59,Medium Risk
83.96,75.22,29.79,60.67,1.48,7,Female,58.85,Medium Risk
11.41,73.24,44.01,55.31,2.62,4,Other,48.77,High Risk
22.56,15.31,69.01,46.86,2.73,7,Other,43.14,High Risk
95.22,37.35,99.29,85.66,,1,Other,74.64,Low Risk
40.88,81.67,68.92,95.5,3.09,2,Male,70.53,Low Risk
87.2,65.86,75.31,17.33,3.51,5,Other,70.81,Low Risk
50.32,11.82,42.68,52.04,0.32,2,Other,31.15,High Risk
93.3,88.46,36.06,30.52,0.55,4,Male,54.44,Medium Risk
91.82,54.32,91.83,87.02,,1,Female,76.27,Low Risk
66.95,44.15,63.81,47.48,3.11,4,Female,61.7,Medium Risk
39.75,41.17,18.77,75.63,,1,Male,47.96,High Risk
76.64,31.69,62.92,59.77,0.22,5,Male,45.28,High Risk
90.82,96.18,56.7,95.01,3.37,8,Female,85.76,Low Risk
36.79,21.92,20.84,75.15,0.48,6,Female,30.98,High Risk
99.78,62.78,62.91,53.34,3.07,5,Female,74.13,Low Risk
9.5,61.62,17.13,56.5,2.29,6,Female,40.06,High Risk
63.65,86.42,78.76,93.52,2.88,8,Male,77.04,Low Risk
50.73,99.18,0.4,1.66,,1,Male,48.45,High Risk
84.84,22.77,5.05,86.74,1.22,5,Other,47.16,High Risk
93.15,81.71,27.72,63.21,2.84,8,Other,71.02,Low Risk
9.17,18.35,98.0,45.86,3.14,4,Male,47.17,High Risk
70.32,65.67,83.0,55.62,3.71,7,Female,74.69,Low Risk
54.27,85.41,79.61,9.83,3.91,6,Other,68.5,Medium Risk
27.46,66.49,70.4,41.13,1.61,3,Other,46.95,High Risk
97.87,72.68,98.85,55.07,2.71,3,Other,79.03,Low Risk
18.86,7.66,60.41,98.66,2.69,2,Male,46.92,High Risk
10.24,20.51,80.62,10.58,2.46,6,Male,35.72,High Risk
34.87,85.99,95.85,25.72,2.44,7,Other,59.4,Medium Risk
95.2,81.37,71.16,77.4,1.36,3,Female,70.86,Low Risk
42.1,30.4,38.1,98.93,2.48,5,Other,52.66,Medium Risk
97.82,74.5,76.47,76.26,1.92,3,Other,74.26,Low Risk
69.31,84.66,54.06,23.9,2.85,7,Other,63.77,Medium Risk
85.87,46.29,41.44,10.37,,1,Female,54.12,Medium Risk
58.3,20.16,69.99,67.73,0.24,8,Female,40.77,High Risk
40.44,60.0,99.82,98.45,2.05,5,Other,64.66,Medium Risk
66.88,67.11,95.95,34.65,1.2,5,Male,57.23,Medium Risk
38.89,58.53,30.16,70.27,0.41,6,Other,39.06,High Risk
96.27,91.1,40.47,44.87,1.5,7,Male,64.46,Medium Risk
24.71,85.92,29.73,21.02,1.24,2,Female,38.72,High Risk
29.14,28.46,27.28,76.75,2.82,2,Other,46.21,High Risk
98.18,74.85,98.62,18.64,3.05,3,Other,76.17,Low Risk
20.15,10.29,82.19,47.93,,1,Female,42.24,High Risk
97.49,78.1,92.99,86.17,3.63,5,Male,89.55,Low Risk
99.43,83.57,72.12,35.39,,1,Male,73.32,Low Risk
58.46,12.69,89.73,88.04,2.14,5,Other,57.19,Medium Risk
97.78,96.53,27.92,99.89,2.1,8,Male,76.05,Low Risk
71.73,17.45,58.14,41.67,,1,Female,52.02,Medium Risk
56.65,67.18,35.48,83.2,2.04,4,Male,58.15,Medium Risk
64.39,82.28,44.34,22.72,2.22,2,Other,56.49,Medium Risk
92.27,73.39,82.9,96.42,1.81,4,Other,75.96,Low Risk
25.59,69.02,54.32,83.75,3.84,4,Other,64.91,Medium Risk
13.61,19.48,48.6,4.41,,1,Other,30.88,High Risk
94.91,63.02,96.6,91.14,0.01,8,Other,64.56,Medium Risk
67.05,91.23,63.61,61.24,3.33,7,Other,74.55,Low Risk
78.47,42.59,61.08,0.39,2.51,4,Male,53.04,Medium Risk
92.28,78.11,73.9,86.8,3.66,7,Other,85.67,Low Risk
99.76,41.1,83.78,92.08,3.52,3,Female,81.54,Low Risk
54.73,56.08,50.55,63.67,,1,Male,57.66,Medium Risk
56.73,40.15,69.41,85.66,3.11,6,Other,64.91,Medium Risk
14.0,35.59,44.67,30.93,0.66,6,Female,26.08,High Risk
67.67,44.59,60.78,82.9,2.06,3,Male,60.26,Medium Risk
87.39,6.35,96.2,93.92,3.59,5,Other,74.07,Low Risk
97.81,25.76,87.31,72.12,3.71,3,Female,76.71,Low Risk
2.0,41.86,71.75,91.46,2.85,2,Other,51.17,Medium Risk
65.63,79.7,48.72,42.44,3.85,3,Other,70.08,Low Risk
1.41,33.45,15.28,21.84,3.49,4,Male,34.42,High Risk
86.06,22.64,50.32,99.09,0.05,7,Male,48.77,High Risk
70.32,69.27,66.95,51.61,3.87,4,Male,73.41,Low Risk
1.62,45.25,84.27,32.39,,1,Other,42.58,High Risk
14.76,88.93,76.51,70.19,1.25,5,Male,51.29,Medium Risk
64.31,45.63,65.97,87.9,1.91,5,Other,60.22,Medium Risk
63.98,99.55,84.36,25.1,2.85,8,Male,70.14,Low Risk
99.1,95.16,11.22,97.93,3.02,2,Female,79.05,Low Risk
43.67,99.48,48.63,47.79,,1,Female,60.9,Medium Risk
97.67,65.01,94.99,7.57,1.44,2,Other,61.8,Medium Risk
40.66,96.78,84.52,14.97,,1,Male,60.07,Medium Risk
92.04,67.64,34.24,93.4,,1,Other,71.31,Low Risk
72.01,46.8,46.94,97.67,3.67,5,Male,71.99,Low Risk
71.27,44.74,34.61,46.77,0.68,4,Female,43.22,High Risk
76.5,77.08,88.85,8.42,2.79,4,Other,66.57,Medium Risk
60.43,50.17,7.71,86.27,1.14,7,Male,46.36,High Risk
82.4,49.68,52.31,98.32,3.56,8,Male,75.38,Low Risk
95.99,95.65,70.48,76.01,3.6,4,Other,87.6,Low Risk
90.72,31.13,80.02,16.92,2.98,6,Female,62.07,Medium Risk
92.94,33.12,83.49,89.59,1.93,5,Male,67.88,Medium Risk
94.96,67.64,84.5,19.24,3.71,4,Other,76.02,Low Risk
11.12,46.98,60.49,87.83,,1,Other,50.05,Medium Risk
72.5,68.76,80.11,44.56,3.72,6,Male,73.83,Low Risk
96.43,97.92,88.09,50.9,3.72,4,Female,87.79,Low Risk
72.97,55.3,93.61,78.03,1.92,6,Female,67.05,Medium Risk
76.12,2.28,10.41,16.19,1.25,3,Male,31.29,High Risk
98.57,87.48,51.05,6.93,0.9,6,Female,56.46,Medium Risk
99.38,85.23,83.1,51.89,1.81,8,Female,73.45,Low Risk
73.96,94.8,64.46,96.31,3.98,6,Male,86.44,Low Risk
58.11,34.69,59.09,2.28,3.83,3,Other,54.61,Medium Risk
29.28,75.7,94.89,57.43,1.94,6,Other,57.43,Medium Risk
12.78,21.25,78.19,54.98,0.09,8,Male,27.98,High Risk
79.69,83.83,73.49,39.14,3.46,3,Female,75.21,Low Risk
63.55,88.71,64.32,89.56,4.0,5,Male,81.71,Low Risk
22.83,33.07,93.04,4.86,1.84,7,Other,38.51,High Risk
23.84,45.15,36.78,11.28,1.38,8,Other,30.82,High Risk
56.77,61.86,85.12,60.92,3.84,2,Male,72.47,Low Risk
2.98,30.81,90.2,83.14,1.49,2,Male,42.22,High Risk
92.79,53.44,40.21,10.93,2.36,2,Other,56.31,Medium Risk
90.56,88.08,45.18,28.41,2.55,5,Other,67.23,Medium Risk
79.73,97.65,39.1,14.99,0.54,2,Female,50.95,Medium Risk
20.81,54.58,26.76,3.32,0.21,7,Male,21.94,High Risk
1.41,69.25,24.77,35.14,1.34,2,Female,31.56,High Risk
68.75,79.18,91.1,39.52,3.97,8,Male,77.43,Low Risk
94.14,92.45,88.06,90.81,2.44,4,Male,84.11,Low Risk
10.71,27.67,50.72,28.64,0.86,4,Female,25.49,High Risk
31.77,8.29,15.85,41.71,3.52,5,Male,40.23,High Risk
33.38,16.9,26.05,91.21,1.24,4,Female,37.06,High Risk
15.83,13.27,93.25,91.35,,1,Male,49.93,High Risk
4.23,44.49,54.7,14.67,1.35,8,Other,28.8,High Risk
84.31,93.91,52.55,74.28,2.22,8,Female,72.76,Low Risk
91.31,86.02,33.11,30.68,3.47,5,Female,71.29,Low Risk
12.91,81.64,71.71,75.83,1.57,5,Female,51.5,Medium Risk
54.13,43.86,98.02,96.1,3.04,2,Male,70.42,Low Risk
63.59,79.04,24.15,86.45,1.12,4,Female,55.3,Medium Risk
45.52,69.43,79.4,62.79,3.77,6,Other,70.16,Low Risk
35.68,6.73,40.28,26.06,1.3,4,Other,28.34,High Risk
66.81,30.89,1.44,15.56,,1,Male,41.06,High Risk
79.36,24.59,61.19,90.12,,1,Female,63.08,Medium Risk
43.5,49.75,17.6,61.47,1.18,2,Other,40.06,High Risk
70.36,82.01,46.54,98.72,,1,Male,71.41,Low Risk
80.48,88.65,44.87,36.98,1.01,8,Female,56.44,Medium Risk
28.33,42.4,27.77,36.67,1.56,5,Male,34.98,High Risk
49.82,16.58,36.31,44.3,2.68,3,Female,44.61,High Risk
70.31,93.59,58.87,57.71,1.22,8,Other,61.41,Medium Risk
9.64,90.26,45.58,20.24,1.22,6,Male,37.96,High Risk
57.48,46.73,61.43,44.73,1.59,5,Male,49.58,High Risk
59.48,64.17,70.99,70.41,3.28,8,Other,69.41,Medium Risk
31.83,3.12,62.12,62.67,,1,Female,42.92,High Risk
92.48,2.49,55.52,63.4,0.42,5,Male,44.08,High Risk
39.65,90.03,80.49,92.74,0.61,2,Male,57.72,Medium Risk
22.45,70.99,71.08,84.96,0.03,3,Other,43.4,High Risk
43.41,8.95,35.78,22.37,3.67,8,Male,44.3,High Risk
45.12,46.28,82.64,68.38,2.57,2,Male,59.25,Medium Risk
76.98,32.35,28.26,25.93,,1,Male,49.47,High Risk
74.25,94.62,71.77,94.82,2.89,6,Male,80.54,Low Risk
41.75,20.18,95.35,99.56,1.48,5,Male,52.96,Medium Risk
78.71,23.44,100.0,66.01,3.59,8,Female,71.7,Low Risk
90.91,35.68,17.57,57.64,1.58,2,Female,51.02,Medium Risk
29.15,79.05,22.32,69.65,,1,Female,52.52,Medium Risk
93.22,94.08,51.25,85.3,2.95,3,Other,81.04,Low Risk
94.09,51.98,30.07,66.66,3.62,8,Female,71.05,Low Risk
53.43,94.33,42.2,64.98,3.52,4,Female,70.3,Low Risk
90.46,70.4,0.42,31.2,3.05,4,Other,60.5,Medium Risk
64.99,86.85,94.86,98.34,3.71,7,Female,85.78,Low Risk
36.13,71.33,57.93,42.45,,1,Other,53.98,Medium Risk
82.16,56.25,55.76,98.46,0.99,6,Other,61.11,Medium Risk
81.73,56.45,42.79,71.94,1.83,5,Male,60.37,Medium Risk
93.52,14.54,45.09,77.16,1.47,8,Female,53.81,Medium Risk
21.27,4.92,4.46,8.88,2.32,3,Female,22.8,High Risk
99.29,94.82,6.1,37.9,3.76,7,Male,73.89,Low Risk
84.74,2.75,77.72,11.66,3.36,3,Female,56.14,Medium Risk
13.0,50.12,22.0,93.56,0.02,6,Male,30.73,High Risk
77.76,61.11,98.97,64.29,3.09,5,Female,75.46,Low Risk
65.88,52.66,27.09,55.39,1.97,3,Male,51.69,Medium Risk
84.61,75.82,64.33,75.23,,1,Female,72.88,Low Risk
60.0,15.2,65.49,43.82,1.34,3,Male,42.81,High Risk
93.15,12.38,19.8,76.53,0.39,2,Male,42.65,High Risk
96.58,99.58,92.38,87.08,1.12,7,Other,77.98,Low Risk
63.79,98.76,89.5,67.12,3.17,6,Male,79.0,Low Risk
56.61,93.69,77.81,11.87,3.83,6,Male,70.28,Low Risk
40.66,17.05,1.23,27.33,0.25,8,Female,19.42,High Risk
17.81,10.1,76.48,83.59,0.75,2,Male,35.17,High Risk
85.96,87.86,40.21,71.36,2.55,5,Male,71.73,Low Risk
3.47,16.95,98.66,99.85,2.88,4,Male,52.03,Medium Risk
77.29,48.83,57.55,96.17,3.07,8,Female,71.33,Low Risk
31.0,75.93,85.99,11.44,2.49,8,Other,53.11,Medium Risk
98.66,71.39,90.77,95.17,3.44,8,Female,88.33,Low Risk
21.13,97.1,99.07,75.15,3.35,4,Female,71.77,Low Risk
84.02,70.54,77.74,59.91,,1,Male,71.39,Low Risk
3.13,95.99,14.78,35.34,1.54,3,Female,37.12,High Risk
14.83,79.66,5.54,67.47,3.46,3,Female,52.22,Medium Risk
82.68,54.52,61.99,69.67,3.44,6,Other,72.82,Low Risk
84.38,59.7,85.49,95.09,,1,Female,75.75,Low Risk
99.29,72.22,95.26,7.16,,1,Female,70.25,Low Risk
54.7,81.99,51.13,47.45,3.46,4,Other,66.48,Medium Risk
73.13,22.43,86.85,69.03,0.23,2,Other,47.59,High Risk
78.72,32.51,78.44,65.48,2.78,8,Female,65.15,Medium Risk
34.24,79.45,62.27,75.08,3.17,5,Male,64.87,Medium Risk
17.63,17.53,82.31,39.85,3.96,7,Male,50.99,Medium Risk
87.03,30.58,42.86,3.65,2.18,3,Other,48.48,High Risk
55.7,78.39,66.43,40.64,3.26,4,Female,66.04,Medium Risk
92.54,46.3,84.7,85.37,3.0,4,Male,76.66,Low Risk
35.87,40.87,43.15,63.31,,1,Female,48.74,High Risk
47.0,96.79,99.46,79.13,3.2,4,Male,77.9,Low Risk
6.21,45.83,12.9,15.23,2.53,3,Male,30.75,High Risk
50.57,98.43,22.33,48.8,0.6,2,Female,46.75,High Risk
54.79,35.49,72.29,38.07,1.54,7,Female,46.97,High Risk
26.58,50.41,9.07,42.37,3.72,6,Other,47.69,High Risk
92.77,26.46,3.96,10.82,0.96,3,Male,36.7,High Risk
61.12,43.34,76.04,4.21,1.25,3,Female,43.8,High Risk
50.37,31.79,88.74,18.94,0.88,2,Male,40.6,High Risk
82.27,91.27,21.8,49.66,3.43,8,Female,70.98,Low Risk
45.36,69.25,70.02,18.1,3.43,7,Male,59.85,Medium Risk
54.06,94.42,97.64,80.58,1.74,5,Female,70.01,Low Risk
0.04,92.1,9.91,68.25,2.52,2,Female,45.9,High Risk
51.68,93.0,99.81,78.27,2.92,5,Male,76.48,Low Risk
23.59,90.79,76.37,45.73,3.82,5,Male,66.25,Medium Risk
85.55,38.99,53.07,97.65,0.75,2,Male,56.48,Medium Risk
15.23,69.63,44.62,38.1,1.21,8,Female,37.7,High Risk
23.07,2.72,95.85,71.0,2.54,7,Male,47.21,High Risk
51.12,5.44,29.95,23.21,2.48,8,Male,37.34,High Risk
96.51,59.89,41.57,58.9,0.25,2,Male,52.74,Medium Risk
57.05,80.82,88.68,63.51,1.61,8,Male,63.32,Medium Risk
62.52,25.05,96.15,89.84,3.86,3,Female,72.66,Low Risk
84.63,37.48,32.7,71.43,2.33,6,Other,58.84,Medium Risk
91.67,64.94,92.82,41.67,0.01,3,Other,56.14,Medium Risk
33.15,39.74,62.31,92.3,3.95,2,Male,64.11,Medium Risk
96.18,60.76,95.65,41.31,1.66,4,Other,67.12,Medium Risk
3.46,27.51,75.19,57.79,,1,Female,41.94,High Risk
55.5,9.41,15.43,93.18,3.05,7,Female,51.11,Medium Risk
73.76,90.3,75.67,37.22,2.93,4,Female,71.75,Low Risk
71.81,5.22,55.51,14.49,2.73,4,Female,46.56,High Risk
90.39,83.93,5.76,61.61,,1,Female,65.11,Medium Risk
95.88,78.8,42.42,33.24,3.53,2,Female,73.14,Low Risk
36.83,53.72,29.69,6.06,1.48,7,Male,34.56,High Risk
83.01,47.21,71.11,83.33,2.69,3,Other,70.17,Low Risk
16.46,4.49,43.51,99.24,3.57,8,Other,48.74,High Risk
16.22,33.24,33.13,45.42,0.76,8,Male,27.24,High Risk
9.18,0.37,7.92,52.27,,1,Female,27.02,High Risk
49.3,72.8,75.07,50.68,3.7,4,Other,68.87,Medium Risk
2.05,36.34,63.96,52.15,2.7,6,Male,42.07,High Risk
56.35,49.56,5.52,34.83,3.46,8,Other,51.68,Medium Risk
34.24,40.82,44.01,12.58,0.37,2,Female,27.52,High Risk
19.51,60.31,35.86,59.62,2.7,2,Other,48.14,High Risk
1.92,48.04,89.61,43.37,3.85,6,Other,54.1,Medium Risk
17.18,62.17,98.95,89.69,3.7,5,Other,68.15,Medium Risk
80.64,83.1,87.87,65.0,2.06,6,Male,72.59,Low Risk
43.92,44.71,55.23,40.95,2.21,7,Other,48.16,High Risk
88.42,79.45,66.18,48.03,2.73,8,Male,72.19,Low Risk
90.99,56.6,57.01,87.45,3.82,2,Female,79.61,Low Risk
16.98,19.52,5.79,94.93,1.61,5,Male,33.32,High Risk
90.54,97.45,40.4,94.64,2.81,5,Male,79.94,Low Risk
50.97,11.34,48.55,31.16,,1,Male,42.59,High Risk
30.71,60.85,33.21,44.84,3.45,5,Female,53.12,Medium Risk
66.14,84.29,99.02,47.66,,1,Male,71.02,Low Risk
19.3,37.34,94.41,50.52,0.94,7,Male,39.91,High Risk
97.61,20.24,39.29,96.47,2.76,7,Other,66.06,Medium Risk
99.09,89.99,69.59,15.37,,1,Female,71.14,Low Risk
31.54,99.57,93.05,57.2,3.32,5,Male,71.09,Low Risk
15.42,72.01,58.2,20.1,3.04,5,Male,49.0,High Risk
27.14,77.52,66.22,11.53,,1,Other,49.58,High Risk
99.64,45.52,83.15,73.88,,1,Male,73.19,Low Risk
93.47,44.77,92.01,80.69,2.88,7,Male,76.23,Low Risk
51.59,25.17,50.6,10.08,2.64,7,Other,43.53,High Risk
54.38,4.05,17.37,62.34,2.06,8,Female,39.24,High Risk
96.15,17.84,19.95,85.9,3.65,4,Male,66.3,Medium Risk
70.42,91.43,24.09,93.6,3.24,6,Male,73.79,Low Risk
67.39,5.43,86.62,2.27,2.12,5,Male,44.52,High Risk
77.76,16.19,59.87,68.11,1.12,8,Male,48.88,High Risk
10.48,83.57,54.37,94.74,2.15,7,Male,55.14,Medium Risk
98.22,67.67,85.07,75.21,,1,Male,77.76,Low Risk
1.22,12.56,55.35,34.43,3.76,3,Female,39.78,High Risk
56.18,71.98,50.89,90.71,1.68,4,Female,60.18,Medium Risk
78.5,94.12,78.89,57.67,2.59,7,Male,75.12,Low Risk
13.08,86.24,82.8,35.1,2.76,4,Male,55.45,Medium Risk
93.03,62.53,98.1,79.68,2.72,6,Other,79.43,Low Risk
80.89,65.07,75.3,87.78,,1,Male,73.32,Low Risk
49.77,9.32,7.3,18.57,0.76,3,Female,22.94,High Risk
99.73,25.67,68.59,68.03,3.4,7,Male,71.81,Low Risk
6.98,11.5,63.38,57.11,2.74,6,Female,39.24,High Risk
74.4,95.83,94.07,20.19,,1,Other,70.53,Low Risk
40.06,78.57,74.12,98.87,3.09,4,Other,70.99,Low Risk
19.7,78.68,60.1,53.48,2.06,2,Other,50.57,Medium Risk
41.4,57.05,0.06,64.49,2.87,4,Other,49.38,High Risk
85.69,9.79,27.59,41.42,0.17,7,Female,34.79,High Risk
28.12,63.48,0.39,72.76,1.51,6,Male,40.14,High Risk
78.65,68.56,80.81,98.47,3.88,4,Female,84.52,Low Risk
70.03,79.42,32.52,43.61,,1,Other,60.44,Medium Risk
13.93,36.48,60.73,30.76,0.26,8,Male,26.13,High Risk
30.96,20.03,8.49,51.15,1.8,7,Other,31.94,High Risk
67.14,94.43,67.05,61.75,2.84,7,Male,72.74,Low Risk
19.7,7.64,20.23,5.48,0.56,8,Female,13.81,High Risk
12.18,50.63,69.43,58.11,,1,Other,47.93,High Risk
94.89,11.22,25.71,18.26,0.03,7,Male,32.75,High Risk
85.24,85.55,99.36,9.8,,1,Male,70.42,Low Risk
54.71,18.42,88.21,95.67,1.01,6,Female,51.26,Medium Risk
96.07,97.31,48.93,53.33,,1,Male,74.44,Low Risk
94.2,55.39,75.45,59.92,3.7,6,Male,78.06,Low Risk
96.55,91.7,85.61,43.63,1.57,4,Female,71.68,Low Risk
75.44,86.93,99.62,65.01,2.43,6,Other,76.13,Low Risk
95.96,86.49,92.76,70.63,0.79,4,Other,70.73,Low Risk
16.97,72.36,19.52,89.63,0.1,8,Female,35.71,High Risk
57.9,51.75,68.1,50.77,3.76,4,Female,66.16,Medium Risk
7.41,44.68,40.9,8.67,0.89,5,Other,23.79,High Risk
92.03,88.72,60.15,97.66,3.5,3,Female,86.3,Low Risk
95.88,72.06,70.21,90.73,3.07,8,Female,81.71,Low Risk
67.74,93.58,90.75,20.57,2.97,3,Male,70.91,Low Risk
62.58,41.64,24.55,74.51,3.78,7,Other,62.46,Medium Risk
97.31,92.23,32.51,25.89,1.75,3,Male,62.47,Medium Risk
40.13,52.9,0.1,16.19,,1,Male,38.68,High Risk
86.6,64.97,93.66,99.72,1.32,4,Female,71.9,Low Risk
84.87,19.06,82.14,7.91,1.96,6,Female,50.79,Medium Risk
89.63,38.42,40.01,64.01,2.95,2,Other,64.13,Medium Risk
76.11,78.61,12.81,45.04,1.48,5,Other,52.68,Medium Risk
82.76,63.17,75.81,35.45,3.88,8,Male,74.26,Low Risk
73.35,36.64,74.63,12.42,1.33,5,Female,47.04,High Risk
10.0,7.2,2.57,91.66,1.25,6,Female,25.89,High Risk
24.54,20.94,58.78,23.26,0.26,5,Female,24.25,High Risk
10.87,1.38,24.83,45.65,1.58,3,Female,23.44,High Risk
96.96,58.96,68.54,92.72,,1,Other,75.85,Low Risk
99.42,64.62,89.64,95.1,2.32,5,Male,79.99,Low Risk
87.11,67.98,83.85,71.64,0.59,7,Female,62.38,Medium Risk
70.13,91.21,81.35,84.45,3.83,4,Other,84.58,Low Risk
84.12,26.03,32.25,24.25,1.92,5,Other,46.71,High Risk
1.19,98.61,59.84,60.76,3.84,4,Male,62.11,Medium Risk
9.36,88.8,76.42,19.98,1.17,3,Male,41.87,High Risk
97.08,45.86,32.7,4.75,0.15,7,Other,40.0,High Risk
75.37,40.18,98.75,72.17,3.3,6,Other,73.14,Low Risk
76.93,42.03,98.55,77.12,3.24,3,Female,74.24,Low Risk
35.37,48.76,26.94,56.06,3.51,7,Male,52.98,Medium Risk
65.93,10.51,2.69,31.93,0.77,7,Male,28.59,High Risk
97.34,34.8,84.75,93.92,3.15,2,Male,77.78,Low Risk
56.82,55.22,83.66,10.87,0.9,4,Female,45.05,High Risk
96.35,61.63,37.86,83.32,0.82,3,Other,59.72,Medium Risk
28.47,94.67,83.52,65.16,3.63,5,Female,71.04,Low Risk
72.92,93.23,18.7,88.97,3.93,8,Other,77.59,Low Risk
62.47,72.36,60.37,90.02,3.73,4,Female,75.96,Low Risk
68.07,81.78,79.24,49.13,2.82,3,Other,70.25,Low Risk
57.12,41.63,4.93,37.36,2.1,2,Male,42.07,High Risk
76.43,40.77,14.22,66.96,,1,Other,55.06,Medium Risk
99.06,72.28,33.93,60.12,0.32,6,Other,55.33,Medium Risk
24.08,36.08,17.64,46.75,1.57,4,Other,32.71,High Risk
35.85,16.53,11.29,27.63,2.2,2,Male,31.86,High Risk
49.66,68.28,23.72,6.37,3.42,5,Female,51.96,Medium Risk
26.52,39.27,42.51,87.94,1.08,6,Female,40.8,High Risk
52.21,97.24,47.0,91.44,1.85,4,Female,64.83,Medium Risk
48.65,68.03,47.66,74.46,0.54,3,Other,47.46,High Risk
93.14,82.76,58.84,0.89,3.53,3,Male,70.86,Low Risk
63.95,92.85,70.32,50.24,3.08,4,Female,71.89,Low Risk
46.45,41.89,49.12,92.8,1.91,2,Male,53.22,Medium Risk
37.84,94.11,78.97,2.76,,1,Other,56.17,Medium Risk
4.89,75.41,35.47,64.86,2.06,2,Other,44.23,High Risk
27.34,30.83,12.73,55.02,2.82,7,Male,40.79,High Risk
74.14,32.72,87.62,26.88,0.28,3,Other,44.0,High Risk
54.53,73.54,64.95,35.84,0.02,2,Female,43.58,High Risk
93.19,74.19,61.75,95.29,3.46,6,Female,83.32,Low Risk
94.57,37.83,77.08,54.05,0.73,4,Female,55.44,Medium Risk
81.09,52.35,62.58,35.77,,1,Male,61.12,Medium Risk
65.35,44.87,39.29,87.51,3.9,7,Male,68.71,Medium Risk
6.68,59.3,22.8,63.76,0.2,8,Female,27.76,High Risk
77.84,19.46,46.67,4.38,0.62,4,Other,34.88,High Risk
19.67,37.72,39.41,13.11,0.65,5,Female,24.4,High Risk
13.22,3.51,72.11,84.77,2.06,6,Other,40.41,High Risk
95.32,16.36,55.44,20.77,,1,Female,54.16,Medium Risk
68.04,56.27,2.65,74.35,3.41,5,Male,61.13,Medium Risk
43.49,32.21,59.2,2.55,0.03,3,Female,26.76,High Risk
53.39,77.19,37.89,58.75,3.86,2,Female,67.41,Medium Risk
73.62,77.56,73.48,49.61,2.98,2,Female,71.01,Low Risk
0.88,24.25,97.85,98.91,,1,Female,50.21,Medium Risk
74.43,72.67,26.5,35.5,3.83,6,Male,66.38,Medium Risk
56.58,90.09,79.69,67.25,2.65,3,Male,70.77,Low Risk
53.96,7.55,89.34,62.55,2.29,2,Female,52.1,Medium Risk
93.06,81.42,41.27,41.96,3.47,7,Female,73.72,Low Risk
6.15,65.35,59.45,95.2,3.63,4,Male,60.49,Medium Risk
74.16,46.88,15.29,92.07,1.37,2,Other,52.58,Medium Risk
37.34,93.41,94.91,76.79,0.82,6,Male,58.9,Medium Risk
74.55,98.66,98.78,47.38,3.16,7,Other,80.04,Low Risk
76.48,36.06,78.28,20.63,0.75,5,Male,45.86,High Risk
27.61,65.59,47.91,77.01,3.59,3,Male,61.2,Medium Risk
67.3,33.21,82.63,71.55,0.51,6,Other,49.78,High Risk
29.82,84.03,53.62,82.28,2.19,8,Other,58.33,Medium Risk
72.59,84.36,73.35,13.63,3.83,4,Male,72.0,Low Risk
95.36,70.65,54.66,44.76,3.72,4,Female,76.13,Low Risk
96.05,45.43,98.26,18.7,3.17,8,Male,70.46,Low Risk
7.49,58.99,80.96,40.3,1.78,3,Male,42.98,High Risk
6.1,49.87,65.54,85.41,3.13,5,Male,53.7,Medium Risk
4.74,38.89,3.75,93.06,3.16,5,Other,43.23,High Risk
41.26,83.95,17.3,1.38,1.55,3,Other,39.59,High Risk
19.55,43.64,44.47,21.6,2.26,3,Other,37.65,High Risk
65.68,61.22,73.98,71.87,,1,Female,66.17,Medium Risk
96.97,47.47,37.22,67.32,2.6,4,Male,65.67,Medium Risk
17.73,3.72,79.17,16.7,0.36,8,Female,21.81,High Risk
54.8,78.73,62.99,90.94,3.82,6,Other,76.41,Low Risk
32.54,93.08,72.93,73.61,3.82,7,Female,72.61,Low Risk
20.69,64.9,59.17,68.33,3.12,5,Other,56.78,Medium Risk
96.86,74.22,11.99,80.74,2.59,6,Other,69.16,Medium Risk
73.75,7.19,51.57,48.16,3.69,6,Female,57.9,Medium Risk
1.63,77.4,2.27,30.43,3.52,2,Other,42.79,High Risk
29.53,28.47,49.08,27.35,2.67,3,Other,41.23,High Risk
89.36,70.41,84.23,53.49,,1,Other,72.7,Low Risk
64.92,94.06,14.84,50.84,1.62,5,Other,55.02,Medium Risk
89.22,94.37,36.48,94.3,,1,Female,76.42,Low Risk
92.13,36.85,68.02,67.11,3.54,3,Other,72.8,Low Risk
97.94,56.98,60.62,91.51,3.79,4,Female,82.39,Low Risk
58.62,56.09,17.58,10.48,0.89,8,Female,35.64,High Risk
68.18,20.12,38.42,14.65,,1,Male,44.65,High Risk
19.86,62.68,74.73,89.47,1.09,3,Male,48.94,High Risk
54.97,51.7,67.38,80.57,3.83,2,Other,70.21,Low Risk
53.16,47.61,44.95,64.04,0.81,3,Other,44.22,High Risk
21.56,26.99,59.78,44.19,0.98,2,Male,32.51,High Risk
88.57,63.22,58.02,38.74,3.91,7,Other,73.74,Low Risk
41.28,86.37,2.21,43.39,,1,Male,50.06,Medium Risk
96.64,56.66,39.92,98.65,,1,Female,71.9,Low Risk
48.87,60.03,23.09,37.85,3.46,3,Other,54.99,Medium Risk
35.28,94.21,88.6,55.8,1.9,5,Male,61.2,Medium Risk
57.74,58.52,42.55,75.77,1.6,5,Male,53.89,Medium Risk
32.82,67.79,10.87,6.29,2.61,8,Male,40.65,High Risk
15.75,44.98,20.29,87.8,2.76,5,Female,46.4,High Risk
29.54,45.85,44.23,30.19,3.67,6,Other,50.66,Medium Risk
54.5,84.91,22.52,2.77,0.15,6,Female,35.34,High Risk
50.71,81.58,54.64,81.25,3.45,7,Female,70.94,Low Risk
82.12,81.12,61.62,88.8,1.2,5,Other,66.82,Medium Risk
17.67,82.44,92.57,20.13,3.72,2,Female,61.06,Medium Risk
66.4,49.31,37.96,88.5,3.09,4,Female,64.74,Medium Risk
85.51,90.13,75.64,66.99,3.26,4,Female,81.17,Low Risk
70.82,61.11,55.26,78.58,3.97,6,Other,74.82,Low Risk
93.95,85.77,73.97,65.14,2.08,6,Male,74.51,Low Risk
3.09,91.5,32.72,70.48,2.78,4,Female,51.93,Medium Risk
40.87,99.23,39.3,8.92,2.32,4,Male,51.8,Medium Risk
21.66,69.19,68.68,53.92,3.74,2,Female,61.02,Medium Risk
58.42,95.19,79.43,27.55,3.67,4,Male,72.63,Low Risk
79.2,86.35,98.04,89.55,2.66,5,Female,81.83,Low Risk
39.76,30.09,48.86,66.29,3.82,5,Other,57.11,Medium Risk
93.77,58.24,33.34,39.71,2.9,8,Male,64.17,Medium Risk
51.17,99.19,17.39,93.53,1.61,4,Female,59.33,Medium Risk
50.53,38.9,12.38,78.51,2.47,5,Other,49.48,High Risk
30.18,25.52,71.12,65.64,,1,Other,48.79,High Risk
2.8,34.79,56.54,35.14,3.77,5,Male,44.97,High Risk
36.96,56.77,6.91,17.03,0.28,2,Other,25.94,High Risk
96.36,86.49,48.17,88.07,,1,Other,77.45,Low Risk
59.68,79.25,33.19,59.86,1.45,2,Male,53.79,Medium Risk
75.17,68.09,89.09,31.33,3.42,5,Female,71.85,Low Risk
90.4,92.37,42.86,83.34,,1,Female,75.63,Low Risk
27.86,99.21,92.37,7.59,2.63,3,Male,58.24,Medium Risk
46.91,65.08,12.82,93.06,2.02,8,Male,53.25,Medium Risk
90.94,99.38,67.21,42.99,2.54,3,Male,75.02,Low Risk
82.29,19.84,71.66,76.0,2.3,5,Male,61.06,Medium Risk
58.64,44.93,57.07,79.8,3.73,2,Male,67.49,Medium Risk
33.28,27.07,56.74,46.23,3.56,3,Female,51.43,Medium Risk
91.34,92.96,73.73,94.26,1.81,5,Female,77.94,Low Risk
19.96,52.55,79.61,67.47,0.46,6,Other,40.44,High Risk
55.38,57.59,30.34,87.63,0.65,2,Male,47.12,High Risk
32.59,80.6,84.07,87.01,3.27,7,Other,70.37,Low Risk
11.67,57.43,18.72,36.84,1.07,3,Other,29.43,High Risk
44.63,22.79,75.93,55.4,0.08,5,Other,35.91,High Risk
85.91,97.9,42.13,58.98,3.35,8,Other,77.16,Low Risk
40.68,81.35,44.29,23.46,1.47,6,Male,45.79,High Risk
73.92,23.88,67.14,25.51,2.04,6,Male,49.9,High Risk
99.12,25.76,18.95,12.39,2.22,3,Female,48.51,High Risk
98.19,71.63,58.96,55.92,3.58,4,Female,78.48,Low Risk
61.32,73.93,67.51,99.1,,1,Male,70.73,Low Risk
97.32,94.22,92.69,60.88,2.47,3,Other,81.65,Low Risk
53.74,48.71,10.73,23.67,2.11,4,Female,41.52,High Risk
55.09,82.85,71.05,2.66,,1,Female,57.02,Medium Risk
86.88,79.46,63.84,59.11,3.38,3,Female,77.18,Low Risk
4.9,82.58,99.73,77.51,,1,Other,59.95,Medium Risk
47.08,36.45,62.41,82.86,0.97,2,Female,46.91,High Risk
81.82,92.84,52.28,71.14,3.72,3,Male,80.79,Low Risk
72.87,95.27,43.93,9.73,2.67,3,Male,62.01,Medium Risk
83.52,42.96,96.67,97.98,0.52,5,Other,61.92,Medium Risk
29.61,55.73,7.0,17.06,2.49,2,Other,37.72,High Risk
96.46,21.24,91.29,62.56,3.81,4,Other,75.25,Low Risk
70.85,62.32,90.66,60.05,2.78,7,Male,70.16,Low Risk
53.36,22.71,44.91,98.47,,1,Female,55.01,Medium Risk
4.91,15.36,6.33,19.51,,1,Male,23.8,High Risk
76.11,64.35,90.99,81.08,,1,Female,73.33,Low Risk
88.58,98.88,69.4,0.98,2.97,2,Male,71.04,Low Risk
63.69,90.33,56.4,63.11,3.72,7,Other,75.17,Low Risk
67.78,51.4,22.84,14.15,1.95,3,Other,44.96,High Risk
68.88,59.7,88.93,6.7,1.4,4,Female,52.25,Medium Risk
25.81,80.4,75.17,87.58,2.41,6,Male,62.01,Medium Risk
77.75,35.05,97.38,92.48,,1,Male,70.55,Low Risk
88.54,85.51,33.08,74.43,2.24,7,Other,69.36,Medium Risk
2.9,24.08,14.3,77.68,0.79,6,Other,24.28,High Risk
45.84,9.28,56.2,12.66,3.01,5,Other,42.46,High Risk
14.64,74.79,35.48,1.3,1.12,8,Female,31.14,High Risk
98.92,66.95,52.51,52.09,1.51,6,Female,63.25,Medium Risk
4.31,55.66,99.49,42.99,3.96,5,Female,58.33,Medium Risk
43.32,27.36,49.99,32.82,,1,Other,44.35,High Risk
48.09,72.07,71.12,20.27,0.15,2,Female,41.08,High Risk
72.47,79.58,44.12,21.12,0.76,2,Male,48.57,High Risk
1.01,91.54,45.49,95.43,1.15,6,Female,46.89,High Risk
91.93,89.6,36.0,25.79,3.16,4,Female,69.92,Medium Risk
79.25,91.43,62.7,53.08,2.79,3,Other,72.9,Low Risk
32.62,23.47,39.33,74.23,1.9,2,Male,41.76,High Risk
89.68,97.8,53.58,73.0,2.29,6,Male,75.28,Low Risk
28.49,35.52,32.21,89.83,2.25,4,Other,46.59,High Risk
41.78,38.66,96.41,11.73,3.49,8,Female,56.21,Medium Risk
3.61,41.84,47.41,22.56,2.29,5,Male,34.08,High Risk
88.33,98.93,59.62,51.25,3.19,6,Female,78.44,Low Risk
43.78,1.02,7.1,59.53,2.9,3,Male,39.27,High Risk
98.54,70.61,61.78,0.5,0.74,4,Male,52.72,Medium Risk
61.88,82.89,50.9,36.22,3.94,3,Male,69.74,Medium Risk
89.03,60.26,69.45,36.55,0.64,5,Female,54.21,Medium Risk
61.38,88.63,81.52,95.07,3.49,6,Other,81.37,Low Risk
78.75,88.02,64.82,46.12,3.08,6,Other,73.18,Low Risk
66.3,70.74,73.96,72.44,2.95,3,Other,71.12,Low Risk
24.03,94.63,86.02,28.8,2.12,3,Female,55.41,Medium Risk
91.84,83.25,90.71,63.52,1.5,5,Female,72.12,Low Risk
87.98,96.72,74.71,67.55,,1,Female,78.3,Low Risk
52.95,74.23,59.07,65.34,1.2,8,Other,54.25,Medium Risk
14.45,64.62,98.39,68.71,0.32,2,Other,43.6,High Risk
77.74,93.71,39.94,68.94,,1,Male,70.13,Low Risk
3.61,78.36,70.64,75.2,0.98,7,Other,44.58,High Risk
45.8,4.56,43.02,64.11,2.18,2,Female,42.06,High Risk
95.43,75.59,89.66,29.86,3.44,3,Male,78.4,Low Risk
12.74,69.94,48.43,91.88,3.23,2,Other,58.41,Medium Risk
85.34,23.39,5.83,28.14,1.17,3,Female,38.42,High Risk
25.73,0.35,96.67,86.38,2.05,3,Female,46.77,High Risk
97.79,41.16,79.37,8.48,2.22,7,Female,59.73,Medium Risk
27.8,70.3,63.38,98.18,2.48,5,Male,60.74,Medium Risk
56.64,87.59,95.29,57.94,3.42,6,Other,76.04,Low Risk
94.58,87.67,86.66,36.57,2.0,8,Other,72.16,Low Risk
15.26,51.88,47.93,79.84,3.63,4,Other,56.04,Medium Risk
76.98,72.41,2.45,70.37,3.96,2,Other,69.4,Medium Risk
93.83,58.42,68.6,40.95,3.55,6,Male,73.76,Low Risk
40.8,9.41,88.97,39.5,2.73,3,Female,48.41,High Risk
66.34,48.42,93.55,81.89,2.93,6,Other,70.9,Low Risk
23.66,89.28,45.29,70.77,3.31,3,Male,61.87,Medium Risk
12.39,69.9,28.0,51.93,3.82,4,Female,52.94,Medium Risk
46.21,16.69,18.93,23.02,3.12,5,Female,40.68,High Risk
43.83,78.77,88.44,75.56,3.9,8,Female,75.69,Low Risk
89.45,88.71,48.64,86.76,3.42,5,Female,81.79,Low Risk
95.5,82.76,49.35,50.08,3.61,5,Female,77.9,Low Risk
50.44,85.46,37.93,96.23,3.32,6,Male,70.58,Low Risk
58.68,97.34,87.72,2.53,,1,Male,63.3,Medium Risk
66.7,98.29,57.49,42.98,3.35,6,Other,72.34,Low Risk
59.18,43.89,75.71,73.99,0.55,5,Other,49.47,High Risk
70.49,53.03,37.44,66.85,3.25,6,Other,64.18,Medium Risk
83.33,63.18,44.22,46.19,3.99,5,Male,71.97,Low Risk
72.57,8.45,93.59,13.74,3.84,6,Male,59.93,Medium Risk
90.98,21.64,99.43,60.47,0.34,8,Male,53.18,Medium Risk
84.43,89.55,43.43,76.69,,1,Other,72.66,Low Risk
23.91,31.96,22.3,54.57,2.47,2,Other,39.34,High Risk
67.12,33.36,89.84,76.25,1.08,8,Other,55.12,Medium Risk
68.25,21.67,12.06,46.56,1.55,5,Male,39.88,High Risk
80.09,72.78,96.92,32.47,3.66,2,Other,76.86,Low Risk
20.8,18.68,49.1,56.38,1.7,2,Female,35.38,High Risk
69.11,22.78,74.18,23.79,3.92,7,Female,61.03,Medium Risk
37.45,10.11,81.1,48.18,2.26,8,Other,44.9,High Risk
14.74,59.91,77.88,59.69,3.24,4,Male,56.55,Medium Risk
39.02,82.74,5.65,29.81,0.31,4,Other,33.56,High Risk
55.66,5.76,59.8,42.92,2.84,5,Female,48.22,High Risk
84.55,19.38,18.5,44.04,0.02,8,Female,34.52,High Risk
5.87,15.64,82.33,74.38,3.8,5,Male,51.85,Medium Risk
99.12,93.95,12.57,41.51,,1,Male,67.31,Medium Risk
11.5,4.54,79.03,42.36,0.99,6,Female,28.18,High Risk
80.22,45.5,22.78,47.25,0.28,8,Female,41.41,High Risk
92.3,90.4,27.13,62.34,3.46,3,Female,76.2,Low Risk
64.03,87.13,78.3,36.59,2.53,3,Female,66.48,Medium Risk
82.72,85.65,37.23,15.36,2.4,8,Male,60.7,Medium Risk
93.36,57.63,56.78,64.67,1.76,5,Other,64.08,Medium Risk
43.68,95.76,50.92,46.95,,1,Male,60.38,Medium Risk
75.47,88.9,71.54,67.47,3.78,8,Other,81.12,Low Risk
20.66,31.24,17.82,2.01,0.63,2,Male,18.33,High Risk
49.25,6.13,59.59,11.9,0.98,3,Other,30.39,High Risk
95.33,98.8,58.71,22.21,3.1,5,Other,75.11,Low Risk
53.07,81.97,81.29,38.98,3.13,6,Other,67.26,Medium Risk
67.01,43.9,73.42,86.76,3.03,6,Male,68.5,Medium Risk
29.87,27.55,88.64,68.08,3.58,4,Other,58.86,Medium Risk
77.3,4.07,94.28,4.66,2.36,5,Other,49.73,High Risk
11.15,11.99,99.9,41.23,0.01,7,Male,26.42,High Risk
45.89,53.35,33.36,25.17,0.56,4,Female,34.42,High Risk
77.32,96.75,58.45,90.43,2.57,8,Other,77.07,Low Risk
95.4,86.62,40.15,60.72,3.97,7,Other,81.12,Low Risk
86.3,98.22,46.99,47.25,,1,Other,70.98,Low Risk
29.5,3.02,17.98,10.26,0.78,8,Female,17.09,High Risk
3.59,53.46,99.35,95.87,0.16,2,Female,41.87,High Risk
22.25,60.0,46.16,38.76,2.23,8,Male,44.24,High Risk
39.64,94.51,5.09,74.97,1.03,7,Male,47.26,High Risk
0.16,34.55,36.17,94.86,0.18,5,Other,27.73,High Risk
15.66,12.75,41.29,12.56,3.92,4,Other,39.04,High Risk
3.99,79.5,28.3,68.26,2.57,6,Other,47.44,High Risk
64.96,9.36,73.42,41.98,2.35,4,Male,50.11,Medium Risk
12.92,81.19,81.87,73.88,3.84,7,Male,66.83,Medium Risk
93.68,24.1,12.28,83.11,0.61,4,Male,46.36,High Risk
52.39,59.78,27.5,67.45,2.79,3,Female,56.73,Medium Risk
61.65,81.14,77.4,80.34,2.44,6,Male,70.55,Low Risk
63.39,79.17,81.41,97.75,3.76,5,Female,82.06,Low Risk
75.13,79.3,61.97,30.13,1.24,4,Male,56.21,Medium Risk
12.24,45.85,49.42,16.68,2.13,4,Other,35.46,High Risk
76.29,5.81,36.66,53.95,1.35,4,Other,42.26,High Risk
68.13,19.19,17.55,81.2,,1,Other,51.31,Medium Risk
66.05,88.77,59.38,82.45,,1,Female,71.17,Low Risk
91.92,65.55,65.84,84.37,2.61,6,Female,74.93,Low Risk
82.08,98.67,34.23,98.73,3.98,6,Male,85.07,Low Risk
65.64,74.99,5.93,76.98,1.07,6,Male,50.53,Medium Risk
3.8,19.69,93.23,73.92,0.92,5,Female,35.71,High Risk
17.7,65.59,27.5,6.49,0.22,8,Male,24.02,High Risk
18.42,9.15,16.94,78.35,3.66,3,Other,43.6,High Risk
31.84,86.78,50.55,53.18,2.89,2,Other,58.94,Medium Risk
80.47,72.1,35.85,28.3,1.69,7,Other,54.72,Medium Risk
70.46,5.07,44.87,17.16,0.49,4,Other,31.0,High Risk
88.45,76.3,24.07,15.07,1.26,7,Male,51.12,Medium Risk
64.14,56.82,33.75,14.73,3.83,3,Male,58.61,Medium Risk
95.42,65.56,44.37,86.21,2.56,7,Female,72.55,Low Risk
87.25,6.44,75.69,92.15,2.49,4,Other,63.84,Medium Risk
23.32,73.67,10.41,2.67,0.11,8,Other,23.21,High Risk
75.35,3.16,14.42,61.42,0.93,5,Female,36.66,High Risk
98.57,87.46,89.35,88.03,3.37,7,Female,89.8,Low Risk
93.46,96.51,76.76,24.25,2.86,5,Female,75.69,Low Risk
3.13,11.06,62.01,24.16,2.28,8,Male,30.17,High Risk
4.9,23.45,62.19,85.81,0.02,4,Other,28.24,High Risk
16.61,72.31,38.91,21.45,2.25,5,Male,41.73,High Risk
85.53,82.78,83.04,79.33,2.72,2,Other,79.29,Low Risk
8.15,79.87,88.52,41.37,0.97,4,Female,43.56,High Risk
59.25,78.22,85.32,66.82,3.57,3,Female,75.59,Low Risk
17.53,35.34,23.75,12.26,2.59,6,Other,33.04,High Risk
19.68,78.6,70.52,96.88,3.86,6,Other,69.88,Medium Risk
67.92,75.25,67.58,17.96,1.79,3,Other,56.05,Medium Risk
21.7,30.36,52.98,79.67,,1,Female,47.02,High Risk
82.31,53.89,81.92,9.28,,1,Other,60.66,Medium Risk
58.59,56.12,95.19,86.37,3.69,6,Other,76.17,Low Risk
78.36,32.8,92.09,26.8,0.55,8,Male,47.42,High Risk
31.39,48.62,74.17,24.28,2.17,7,Other,45.9,High Risk
35.12,88.66,81.93,49.28,3.09,7,Female,65.51,Medium Risk
83.85,93.85,33.36,84.87,2.02,8,Female,70.09,Low Risk
15.91,48.64,24.37,23.57,0.04,2,Male,21.15,High Risk
80.74,99.87,29.64,40.79,0.55,4,Other,54.16,Medium Risk
29.95,0.34,23.55,33.77,1.25,6,Female,23.97,High Risk
99.34,61.59,78.67,98.84,3.9,3,Other,88.15,Low Risk
43.14,62.6,36.07,51.27,2.95,3,Female,54.84,Medium Risk
54.88,20.6,40.53,63.57,2.31,3,Female,47.89,High Risk
90.1,74.78,44.08,78.53,2.53,4,Other,71.69,Low Risk
92.24,55.68,20.27,68.52,2.2,2,Other,61.26,Medium Risk
21.95,10.01,78.53,99.49,3.45,6,Other,55.75,Medium Risk
86.42,89.52,8.27,87.39,2.91,3,Male,72.05,Low Risk
45.09,20.74,52.38,28.02,,1,Male,43.11,High Risk
56.14,91.33,73.65,75.32,2.61,6,Other,70.96,Low Risk
96.98,78.47,96.76,83.81,0.57,8,Male,70.59,Low Risk
56.29,56.3,21.31,59.95,1.34,5,Other,45.9,High Risk
73.15,77.33,81.95,29.27,3.22,2,Other,70.56,Low Risk
22.35,78.52,95.98,49.25,0.17,2,Male,44.14,High Risk
37.8,95.0,48.33,10.82,2.75,5,Male,54.51,Medium Risk
34.04,16.66,29.0,76.38,1.64,4,Other,37.9,High Risk
3.48,65.23,82.31,16.8,0.59,7,Other,32.47,High Risk
21.44,37.56,21.63,90.29,,1,Female,45.28,High Risk
67.04,14.93,92.94,36.38,0.4,5,Male,41.64,High Risk
74.45,14.65,56.07,37.51,2.16,4,Male,49.08,High Risk
60.21,96.57,99.97,37.44,2.93,6,Female,73.29,Low Risk
89.74,44.09,75.74,88.25,3.16,3,Other,75.6,Low Risk
40.69,94.25,95.07,41.12,2.67,4,Male,66.14,Medium Risk
90.14,85.87,74.99,27.75,,1,Other,70.75,Low Risk
33.38,54.04,97.15,87.53,3.99,5,Other,71.79,Low Risk
95.66,5.83,88.04,92.85,3.87,5,Female,76.4,Low Risk
54.17,12.89,68.89,94.39,1.71,6,Male,51.3,Medium Risk
99.36,56.03,96.83,49.26,3.21,4,Female,78.02,Low Risk
94.74,89.58,99.07,50.79,1.39,3,Male,72.77,Low Risk
38.31,87.95,10.66,48.36,3.38,6,Male,57.15,Medium Risk
4.11,24.61,6.55,45.51,2.06,6,Male,26.63,High Risk
69.28,90.9,96.39,56.66,2.94,3,Other,76.83,Low Risk
47.67,26.43,13.01,3.69,,1,Female,35.33,High Risk
7.72,69.29,83.48,15.88,0.3,8,Female,32.57,High Risk
88.97,29.92,97.42,84.45,2.6,7,Other,71.76,Low Risk
86.95,90.15,84.14,53.06,3.16,2,Other,80.1,Low Risk
35.7,91.27,91.98,65.09,0.44,4,Female,53.49,Medium Risk
24.01,20.0,47.42,5.05,,1,Other,33.5,High Risk
52.21,94.1,79.38,88.14,2.7,7,Male,73.88,Low Risk
62.98,78.76,25.09,63.1,0.61,5,Other,48.54,High Risk
7.92,95.72,42.58,35.05,1.43,6,Male,41.71,High Risk
71.48,76.33,56.88,88.61,3.82,5,Male,78.83,Low Risk
57.73,71.97,17.78,73.14,3.83,8,Other,66.4,Medium Risk
93.74,99.45,67.02,35.63,,1,Female,74.35,Low Risk
82.68,91.39,72.38,69.79,2.26,4,Other,74.4,Low Risk
49.84,93.04,91.14,81.69,2.22,2,Male,70.87,Low Risk
93.89,99.16,35.73,94.63,2.45,2,Male,78.17,Low Risk
98.34,41.93,51.46,1.25,3.18,3,Other,60.75,Medium Risk
73.65,67.8,52.31,18.85,3.18,7,Male,62.52,Medium Risk
70.19,40.28,23.49,53.18,0.82,6,Female,42.23,High Risk
57.1,51.68,40.35,13.63,2.74,6,Other,49.83,High Risk
54.03,74.67,97.94,72.65,2.86,8,Other,71.91,Low Risk
84.99,37.74,6.04,29.16,,1,Female,49.7,High Risk
52.34,75.36,74.9,79.0,3.24,6,Other,71.49,Low Risk
81.85,68.81,3.05,33.56,1.87,5,Male,51.4,Medium Risk
12.35,96.91,65.82,93.65,1.96,5,Male,58.64,Medium Risk
91.91,10.05,31.58,7.25,3.78,4,Female,54.44,Medium Risk
84.83,69.79,53.06,82.79,3.49,5,Other,77.36,Low Risk
10.27,73.85,88.7,92.66,2.64,5,Female,61.04,Medium Risk
88.18,77.54,85.05,84.69,3.96,5,Other,87.76,Low Risk
71.89,69.76,67.01,38.21,3.31,5,Male,68.39,Medium Risk
58.5,92.17,97.3,94.62,1.76,8,Other,72.85,Low Risk
92.43,39.64,96.01,22.07,0.42,3,Female,51.37,Medium Risk
28.81,51.0,83.67,17.18,2.45,7,Male,47.84,High Risk
83.21,82.12,41.67,32.15,3.0,3,Other,67.05,Medium Risk
50.17,22.07,35.37,40.81,0.47,2,Other,31.32,High Risk
88.52,78.14,67.9,76.51,2.1,5,Other,72.54,Low Risk
17.3,46.27,10.2,33.91,0.26,8,Other,21.82,High Risk
66.48,89.42,83.8,13.32,,1,Other,64.7,Medium Risk
14.56,67.77,73.7,30.0,3.5,2,Other,54.62,Medium Risk
81.7,87.45,91.29,85.83,1.45,4,Male,73.55,Low Risk
10.95,9.54,35.17,70.13,3.16,2,Male,40.19,High Risk
84.28,73.47,23.46,52.7,3.88,5,Other,71.44,Low Risk
65.48,63.75,71.05,46.96,3.92,4,Female,71.32,Low Risk
31.94,32.14,37.94,68.48,0.99,2,Male,36.56,High Risk
8.56,31.12,1.25,43.4,2.83,7,Male,32.75,High Risk
85.6,70.93,79.57,39.05,,1,Female,69.0,Medium Risk
53.66,82.86,13.89,90.99,2.13,3,Female,59.03,Medium Risk
85.49,44.32,8.28,99.22,3.38,5,Female,67.49,Medium Risk
11.98,23.89,30.28,31.94,0.7,2,Female,21.48,High Risk
1.5,68.18,61.43,2.18,3.27,8,Female,43.99,High Risk
33.95,95.49,24.36,9.89,3.01,3,Other,51.54,Medium Risk
72.62,90.05,69.04,97.65,2.83,5,Male,78.86,Low Risk
78.94,83.6,66.04,67.32,3.41,3,Male,77.77,Low Risk
27.05,37.17,4.57,78.69,1.73,8,Female,37.5,High Risk
84.48,36.75,32.07,51.0,,1,Male,56.56,Medium Risk
89.72,72.99,38.09,91.06,2.62,8,Male,72.78,Low Risk
77.21,69.81,83.8,4.02,0.81,8,Other,51.5,Medium Risk
64.45,45.09,92.66,98.21,3.1,4,Male,73.14,Low Risk
95.84,65.42,87.7,55.67,3.2,8,Other,78.55,Low Risk
56.74,82.87,23.63,29.64,1.21,6,Female,46.31,High Risk
74.93,87.23,92.75,56.93,3.83,8,Male,82.57,Low Risk
30.45,94.15,59.13,96.12,,1,Male,65.36,Medium Risk
96.92,96.09,43.57,34.82,2.72,2,Male,72.21,Low Risk
16.77,15.47,7.31,39.13,,1,Other,29.88,High Risk
74.15,42.19,96.88,67.68,3.72,7,Other,74.91,Low Risk
24.31,21.93,94.86,11.88,1.22,8,Female,34.1,High Risk
90.42,66.16,30.33,99.78,2.75,2,Female,72.54,Low Risk
82.35,84.42,87.98,55.53,2.38,4,Other,73.87,Low Risk
86.41,30.36,67.52,46.7,,1,Other,60.43,Medium Risk
64.81,73.12,17.42,69.44,0.72,3,Male,48.36,High Risk
81.55,94.21,72.17,10.56,2.6,6,Female,67.89,Medium Risk
51.43,71.11,50.39,90.45,0.74,5,Female,52.83,Medium Risk
59.17,99.61,78.34,65.48,2.28,4,Male,70.54,Low Risk
78.66,57.27,16.52,17.27,2.46,3,Other,51.56,Medium Risk
54.63,80.88,69.62,97.08,,1,Female,70.46,Low Risk
95.18,42.79,78.41,82.82,1.26,4,Other,64.41,Medium Risk
47.7,24.53,6.62,67.75,0.09,6,Female,28.55,High Risk
81.81,35.82,46.49,95.73,3.58,7,Female,71.32,Low Risk
96.32,9.13,84.35,62.76,3.55,4,Female,70.16,Low Risk
91.66,37.82,90.43,70.91,2.5,2,Other,70.31,Low Risk
53.07,86.32,91.11,51.85,1.82,6,Other,63.35,Medium Risk
83.56,60.56,6.87,44.29,1.25,2,Female,48.49,High Risk
29.08,99.78,31.71,45.88,3.41,5,Other,60.18,Medium Risk
28.81,72.37,6.64,86.25,3.34,5,Other,56.48,Medium Risk
22.09,20.07,0.09,47.38,0.16,2,Male,17.66,High Risk
94.5,6.27,11.91,78.97,2.2,5,Female,52.26,Medium Risk
76.48,38.44,64.19,85.74,,1,Other,64.92,Medium Risk
91.24,53.72,62.6,20.19,3.2,2,Female,65.97,Medium Risk
85.32,72.14,81.06,6.3,3.76,4,Female,72.36,Low Risk
23.17,64.61,95.8,86.78,3.93,8,Other,70.66,Low Risk
26.78,5.06,28.11,2.57,,1,Female,27.93,High Risk
32.4,81.49,74.88,66.79,3.68,8,Other,68.65,Medium Risk
80.96,92.4,16.42,91.77,2.82,2,Female,72.57,Low Risk
82.37,9.72,6.33,75.86,2.15,5,Male,48.3,High Risk
72.8,71.95,26.25,62.29,2.44,6,Male,61.12,Medium Risk
3.61,25.41,69.82,36.04,0.63,4,Female,25.8,High Risk
90.68,66.36,35.12,95.04,3.86,6,Male,79.59,Low Risk
41.08,37.59,91.41,83.67,,1,Other,59.67,Medium Risk
85.62,19.19,3.31,57.27,0.33,8,Male,36.39,High Risk
85.93,81.02,73.29,99.78,,1,Male,79.27,Low Risk
50.06,5.99,92.59,5.8,,1,Male,44.1,High Risk
29.26,80.39,32.81,80.6,0.35,6,Other,42.59,High Risk
56.04,34.26,28.86,24.13,0.33,2,Female,30.87,High Risk
16.16,61.22,26.38,17.24,3.72,7,Male,46.08,High Risk
18.32,44.5,18.93,15.67,0.38,6,Male,21.05,High Risk
27.33,0.29,42.79,1.25,3.64,5,Other,36.25,High Risk
85.08,72.12,95.92,89.47,3.73,5,Male,86.81,Low Risk
72.25,91.51,80.07,39.04,1.94,6,Female,66.36,Medium Risk
64.84,42.02,18.81,33.9,2.82,2,Other,50.15,Medium Risk
86.56,79.81,9.99,20.44,2.97,7,Other,60.73,Medium Risk
73.44,77.29,42.9,46.02,3.92,3,Other,71.66,Low Risk
81.98,52.61,99.67,4.42,1.61,8,Other,56.69,Medium Risk
80.17,99.54,97.06,6.95,,1,Other,71.18,Low Risk
84.96,25.51,71.56,80.62,1.91,3,Male,61.11,Medium Risk
56.47,38.16,18.77,58.56,3.0,3,Female,52.1,Medium Risk
72.38,70.87,71.22,67.51,3.27,4,Female,73.52,Low Risk
43.93,26.85,13.83,69.86,3.9,8,Other,53.28,Medium Risk
53.74,25.48,32.13,51.54,2.17,2,Other,44.64,High Risk
88.67,81.78,23.97,1.29,2.52,6,Female,58.06,Medium Risk
73.16,69.84,63.75,82.78,3.29,2,Male,74.8,Low Risk
65.29,71.72,36.88,29.56,0.73,2,Female,45.2,High Risk
68.25,13.98,19.99,0.74,3.15,8,Male,42.66,High Risk
61.36,72.58,99.83,46.14,3.89,6,Male,76.06,Low Risk
49.13,89.3,14.39,87.91,0.38,6,Other,47.86,High Risk
51.88,52.0,47.02,61.29,3.54,4,Female,61.74,Medium Risk
86.01,64.6,8.42,81.01,2.34,3,Male,62.46,Medium Risk
86.56,68.02,81.72,76.58,3.61,8,Other,81.55,Low Risk
78.5,33.86,93.4,81.37,3.66,5,Female,75.49,Low Risk
95.01,42.44,78.81,16.79,1.14,7,Female,53.71,Medium Risk
81.89,71.39,15.41,4.84,2.62,4,Other,54.16,Medium Risk
67.9,71.65,52.36,79.38,1.2,7,Male,58.57,Medium Risk
70.32,49.91,85.21,73.82,3.06,4,Other,70.54,Low Risk
86.75,17.27,79.98,45.01,1.71,8,Female,54.58,Medium Risk
84.27,64.23,43.19,22.6,1.92,5,Other,55.78,Medium Risk
27.64,65.27,13.36,86.01,2.31,6,Female,49.31,High Risk
92.47,82.26,3.7,37.27,0.19,5,Other,46.9,High Risk
85.7,76.73,86.14,89.5,0.92,8,Male,68.87,Medium Risk
55.01,58.45,29.1,29.31,0.92,2,Male,39.95,High Risk
59.22,64.77,61.08,1.67,0.7,7,Female,41.55,High Risk
49.66,80.99,68.14,27.81,,1,Female,58.63,Medium Risk
73.17,9.18,83.0,20.42,3.78,3,Female,59.27,Medium Risk
46.09,8.12,1.58,47.72,1.98,5,Other,32.92,High Risk
96.45,8.61,64.9,70.53,0.63,5,Male,50.09,Medium Risk
90.69,57.35,57.92,16.73,3.9,5,Other,69.72,Medium Risk
57.77,4.97,5.95,72.73,0.42,5,Other,29.86,High Risk
58.75,66.43,43.71,75.61,3.99,2,Other,70.81,Low Risk
83.83,56.3,70.0,74.97,2.71,3,Other,70.9,Low Risk
58.42,50.46,59.95,33.59,2.84,4,Male,56.48,Medium Risk
37.67,82.68,13.86,42.84,2.76,7,Female,51.71,Medium Risk
67.83,74.67,51.66,60.39,1.58,7,Female,58.57,Medium Risk
80.74,75.34,28.16,74.39,3.55,3,Male,72.82,Low Risk
53.92,82.74,33.65,66.71,1.46,8,Female,54.21,Medium Risk
84.28,96.43,46.65,93.32,3.99,6,Male,86.29,Low Risk
67.91,53.13,80.65,89.64,1.53,5,Female,62.71,Medium Risk
46.39,67.93,91.38,62.91,1.0,4,Female,54.58,Medium Risk
40.05,53.19,18.72,98.86,,1,Female,53.91,Medium Risk
83.99,92.85,74.44,76.0,,1,Other,77.76,Low Risk
89.16,83.9,96.9,79.79,3.89,6,Other,89.89,Low Risk
63.19,32.24,77.29,18.84,,1,Female,52.29,Medium Risk
56.39,72.1,5.88,59.79,3.26,8,Male,58.74,Medium Risk
46.3,63.02,2.33,27.87,2.02,2,Other,41.33,High Risk
80.84,98.73,37.03,74.71,2.41,3,Other,71.78,Low Risk
60.58,80.47,24.03,25.07,,1,Female,54.23,Medium Risk
59.78,89.03,91.18,53.48,3.75,2,Female,77.89,Low Risk
72.26,92.9,64.2,86.14,3.3,6,Other,79.82,Low Risk
57.11,98.07,98.96,8.07,3.35,4,Female,70.88,Low Risk
81.88,45.55,11.89,56.92,,1,Other,55.53,Medium Risk
90.29,92.19,33.22,16.91,0.85,3,Other,53.84,Medium Risk
87.6,37.96,27.11,19.51,,1,Male,52.11,Medium Risk
73.36,86.56,94.78,56.42,,1,Female,73.96,Low Risk
29.4,54.33,49.93,64.37,3.8,5,Male,59.11,Medium Risk
34.39,0.56,98.22,60.65,,1,Female,48.16,High Risk
59.37,78.26,79.51,94.6,1.01,2,Other,62.92,Medium Risk
46.17,68.26,86.71,96.04,3.99,8,Other,77.54,Low Risk
65.63,83.89,82.41,62.22,3.76,7,Other,78.38,Low Risk
58.5,99.13,86.54,41.42,3.87,7,Female,77.83,Low Risk
66.7,31.81,34.62,58.51,2.39,5,Other,51.94,Medium Risk
54.74,78.77,31.89,85.9,,1,Other,62.73,Medium Risk
50.72,93.7,25.73,49.15,0.7,6,Male,47.03,High Risk
46.98,73.35,87.84,37.91,2.07,2,Male,58.22,Medium Risk
39.19,25.47,75.53,50.96,0.14,6,Female,34.74,High Risk
74.32,32.45,92.84,79.54,3.41,5,Other,72.24,Low Risk
5.68,39.92,85.66,39.32,0.47,5,Other,31.09,High Risk
29.46,48.95,61.37,42.67,3.16,2,Female,52.51,Medium Risk
19.79,7.89,95.22,89.26,2.62,3,Other,50.57,Medium Risk
28.6,96.44,9.43,86.73,2.83,7,Male,58.55,Medium Risk
20.45,29.61,87.57,29.14,1.85,7,Male,40.1,High Risk
9.4,94.99,74.85,87.63,0.55,5,Female,49.16,High Risk
88.87,88.74,21.22,84.39,2.63,8,Other,72.24,Low Risk
46.41,1.73,18.43,58.88,,1,Other,39.17,High Risk
21.51,16.32,56.33,36.81,2.5,8,Female,38.24,High Risk
93.49,89.43,88.21,34.81,,1,Other,75.34,Low Risk
89.07,94.46,17.56,75.86,,1,Other,70.8,Low Risk
28.35,67.47,91.03,20.25,2.17,7,Male,50.84,Medium Risk
72.71,49.48,68.88,77.25,3.68,8,Other,72.99,Low Risk
47.5,53.17,6.73,89.73,3.64,2,Female,59.73,Medium Risk
96.51,31.78,66.65,73.28,3.33,4,Female,72.29,Low Risk
57.76,25.98,87.54,1.08,0.91,2,Other,38.62,High Risk
64.49,32.23,94.88,97.97,0.48,4,Female,54.5,Medium Risk
83.89,94.73,82.1,40.84,2.45,2,Other,73.67,Low Risk
95.85,21.78,1.78,43.73,3.73,6,Other,58.46,Medium Risk
47.74,66.92,88.39,68.28,3.59,4,Other,71.26,Low Risk
83.66,99.56,75.62,79.02,2.8,5,Male,81.52,Low Risk
40.69,32.81,8.65,63.42,,1,Other,43.17,High Risk
96.44,14.26,71.49,60.08,2.76,7,Other,63.95,Medium Risk
81.99,95.65,55.47,79.17,2.24,6,Female,73.82,Low Risk
49.83,55.88,18.6,14.72,,1,Female,44.26,High Risk
39.64,63.88,24.89,1.94,1.62,5,Other,36.84,High Risk
58.28,54.14,64.46,28.78,3.25,2,Other,59.7,Medium Risk
5.59,36.44,68.69,34.17,0.27,4,Male,25.8,High Risk
73.74,56.56,96.56,72.77,3.72,5,Male,78.4,Low Risk
83.06,75.65,33.75,94.51,3.8,8,Male,78.88,Low Risk
79.1,80.08,41.1,63.41,3.47,4,Male,73.16,Low Risk
57.25,60.84,68.16,12.24,2.7,4,Other,55.42,Medium Risk
74.92,33.35,33.07,12.72,0.75,4,Female,36.96,High Risk
96.54,96.36,85.56,18.76,2.38,2,Female,73.93,Low Risk
40.26,15.42,52.87,8.64,3.51,3,Female,44.31,High Risk
88.8,77.74,51.77,49.06,,1,Other,68.5,Medium Risk
15.63,10.42,99.98,45.54,3.49,4,Female,49.63,High Risk
45.19,97.12,98.31,74.35,3.23,7,Female,76.81,Low Risk
80.18,93.73,95.7,42.56,1.06,4,Female,66.16,Medium Risk
59.46,75.12,79.1,42.01,,1,Male,63.68,Medium Risk
79.92,38.56,4.68,53.54,3.98,3,Female,61.3,Medium Risk
74.32,90.16,59.87,52.86,3.56,5,Other,75.77,Low Risk
40.09,98.38,75.36,98.5,2.98,5,Male,74.4,Low Risk
69.3,43.48,80.33,99.95,1.4,6,Male,61.81,Medium Risk
46.58,0.55,78.66,33.07,3.52,2,Female,50.51,Medium Risk
83.46,65.71,23.4,76.11,3.5,8,Female,70.81,Low Risk
2.38,5.63,85.36,23.47,,1,Male,33.67,High Risk
81.0,98.12,3.04,72.5,4.0,3,Male,76.21,Low Risk
85.42,89.34,91.4,29.32,0.48,5,Male,60.33,Medium Risk
9.64,87.4,51.26,47.34,0.79,5,Female,39.62,High Risk
2.17,84.88,15.54,60.66,1.78,8,Female,40.07,High Risk
94.06,65.72,85.91,99.41,3.75,8,Male,87.89,Low Risk
48.44,4.87,1.65,47.35,0.66,4,Other,24.56,High Risk
79.02,80.08,78.18,70.56,3.16,6,Male,77.83,Low Risk
10.74,57.43,15.57,68.61,3.67,4,Other,49.74,High Risk
74.04,92.69,7.48,11.02,2.77,6,Male,57.14,Medium Risk
16.28,94.94,65.56,23.09,0.84,7,Other,41.61,High Risk
36.18,8.76,11.8,96.19,3.63,6,Female,49.68,High Risk
65.23,94.28,82.11,40.22,3.14,2,Other,73.14,Low Risk
60.81,95.91,50.83,73.23,2.82,5,Female,70.62,Low Risk
4.09,77.73,48.97,98.55,,1,Male,54.32,Medium Risk
38.78,72.12,65.54,70.21,3.56,6,Male,66.73,Medium Risk
8.31,57.93,40.85,81.09,1.36,4,Female,40.45,High Risk
10.48,52.9,27.26,26.41,2.38,6,Other,36.13,High Risk
45.16,88.99,76.55,99.58,3.15,2,Male,75.19,Low Risk
5.82,12.62,25.14,36.77,3.57,2,Other,35.58,High Risk
91.44,58.48,21.78,27.68,1.8,3,Other,53.23,Medium Risk
24.5,0.54,53.48,11.66,1.15,2,Male,23.19,High Risk
17.52,21.95,47.78,87.45,2.0,2,Male,41.55,High Risk
21.62,32.17,66.4,67.69,2.97,2,Female,50.52,Medium Risk
50.67,92.38,4.78,91.92,3.91,2,Other,70.09,Low Risk
65.39,86.81,76.37,76.99,2.15,3,Female,70.15,Low Risk
5.95,21.52,58.58,19.55,2.72,7,Other,34.51,High Risk
46.02,34.57,69.85,98.1,1.7,6,Female,54.24,Medium Risk
97.16,62.17,67.09,45.48,1.15,5,Male,60.8,Medium Risk
83.37,99.1,43.11,43.56,3.41,3,Female,74.98,Low Risk
97.92,37.71,71.93,88.76,1.58,4,Male,66.0,Medium Risk
82.83,42.07,54.83,57.86,1.25,4,Female,53.84,Medium Risk
60.29,40.46,55.11,88.61,3.65,5,Other,67.53,Medium Risk
72.56,94.96,60.2,87.91,3.2,5,Male,79.35,Low Risk
10.74,11.53,61.96,12.2,3.41,6,Male,37.43,High Risk
22.17,19.34,31.49,90.24,3.19,3,Other,47.61,High Risk
83.65,60.6,95.52,78.29,1.87,8,Female,70.79,Low Risk
78.54,0.61,93.25,64.6,3.8,8,Female,67.18,Medium Risk
76.38,28.48,78.76,63.24,3.72,8,Female,69.34,Medium Risk
98.37,24.65,39.61,92.47,3.54,2,Male,71.46,Low Risk
55.22,50.08,68.62,65.27,3.97,2,Female,68.72,Medium Risk
63.64,96.79,40.64,83.47,2.87,6,Female,71.82,Low Risk
74.94,86.2,98.35,69.01,3.71,4,Other,84.27,Low Risk
59.69,68.9,65.35,56.86,3.86,7,Male,71.16,Low Risk
61.53,7.69,57.74,12.59,3.27,5,Male,47.91,High Risk
93.35,92.28,73.95,46.89,,1,Male,75.54,Low Risk
96.26,94.88,31.32,86.34,3.17,3,Female,80.5,Low Risk
55.62,22.59,67.04,9.7,0.08,7,Female,30.43,High Risk
86.85,45.12,58.05,84.71,3.49,7,Female,73.96,Low Risk
78.7,52.57,48.97,56.94,2.07,6,Male,59.01,Medium Risk
34.18,57.92,95.36,93.57,3.49,7,Male,70.28,Low Risk
78.4,54.32,87.19,75.48,3.19,4,Other,74.8,Low Risk
79.92,98.82,36.04,86.53,3.05,5,Male,77.19,Low Risk
22.28,8.47,79.0,24.05,1.13,2,Female,29.78,High Risk
22.77,99.35,11.56,95.59,3.24,4,Female,61.89,Medium Risk
62.16,93.62,26.99,79.09,3.24,5,Other,70.43,Low Risk
15.29,85.71,79.82,84.56,2.5,4,Male,61.25,Medium Risk
20.15,44.91,81.12,38.15,3.94,8,Other,56.53,Medium Risk
55.3,23.25,22.23,38.14,2.69,6,Female,44.34,High Risk
42.36,96.06,89.57,74.0,3.07,6,Other,73.53,Low Risk
63.71,28.94,11.94,15.5,0.66,2,Male,29.96,High Risk
61.52,86.88,36.17,54.91,2.06,6,Other,59.29,Medium Risk
77.76,85.75,14.48,33.7,0.59,2,Other,47.5,High Risk
85.21,42.51,65.53,92.99,3.07,4,Other,72.77,Low Risk
84.79,82.82,78.31,61.47,2.89,7,Male,76.79,Low Risk
84.63,47.78,95.9,83.76,2.97,2,Female,76.22,Low Risk
52.48,92.79,96.02,12.79,1.4,4,Male,56.75,Medium Risk
29.46,2.28,61.44,82.55,1.8,2,Female,40.67,High Risk
76.46,87.07,52.77,72.02,3.85,5,Other,79.31,Low Risk
59.0,11.08,7.95,75.08,1.17,4,Other,36.73,High Risk
91.44,93.86,73.36,42.45,3.93,4,Male,83.57,Low Risk
16.55,72.52,70.81,73.86,1.27,4,Male,48.28,High Risk
54.31,26.73,61.24,7.02,1.35,4,Female,37.6,High Risk
55.41,31.84,55.41,65.93,3.89,5,Male,62.73,Medium Risk
92.57,71.12,70.95,85.61,,1,Male,76.48,Low Risk
15.67,43.26,85.91,9.44,2.67,6,Other,43.56,High Risk
61.85,24.38,37.52,70.63,2.23,5,Male,50.5,Medium Risk
41.38,93.42,90.14,82.85,3.56,4,Female,77.23,Low Risk
73.0,96.54,67.18,68.2,3.77,3,Other,81.43,Low Risk
43.31,62.48,44.36,75.76,3.88,3,Female,65.59,Medium Risk
94.38,70.08,96.59,84.62,3.27,4,Female,85.23,Low Risk
51.08,9.01,71.7,25.02,,1,Other,44.7,High Risk
98.46,28.82,73.38,75.0,1.39,4,Other,61.32,Medium Risk
69.93,35.67,44.94,11.35,2.27,6,Male,47.25,High Risk
76.37,67.23,56.35,79.28,3.61,7,Other,75.45,Low Risk
85.65,74.34,28.7,58.02,3.61,5,Male,71.85,Low Risk
87.49,36.25,16.85,40.0,3.14,4,Female,57.27,Medium Risk
48.09,9.65,24.83,29.33,2.87,7,Male,40.01,High Risk
20.21,71.25,50.14,59.92,,1,Male,51.44,Medium Risk
72.44,63.17,18.79,85.83,0.21,7,Female,47.75,High Risk
76.41,91.77,42.57,54.26,3.64,3,Male,74.73,Low Risk
86.56,97.22,77.64,21.71,0.45,7,Female,58.8,Medium Risk
31.47,87.79,91.2,10.96,1.83,4,Male,52.19,Medium Risk
20.99,69.6,25.71,89.19,2.63,2,Male,52.84,Medium Risk
40.08,55.15,93.86,23.97,2.66,2,Male,55.35,Medium Risk
29.83,22.12,68.31,91.95,1.2,5,Other,43.42,High Risk
